{
"type": "FeatureCollection",
"name": "ca_outline",
"crs": { "type": "name", "properties": { "name": "urn:ogc:def:crs:OGC:1.3:CRS84" } },
"features": [
{ "type": "Feature", "properties": { "OBJECTID": 10, "State": "California" }, "geometry": { "type": "MultiPolygon", "coordinates": [ [ [ [ -119, 33 ], [ -119, 33 ], [ -119, 33 ], [ -119, 33 ], [ -119, 33 ], [ -119, 33 ], [ -119, 33 ], [ -119, 33 ], [ -119, 33 ], [ -119, 33 ], [ -119, 33 ], [ -119, 33 ], [ -119, 33 ], [ -119, 33 ], [ -119, 33 ], [ -119, 33 ], [ -119, 33 ], [ -119, 33 ], [ -119, 33 ], [ -119, 33 ], [ -119, 33 ], [ -119, 33 ], [ -119, 33 ], [ -119, 33 ], [ -119, 33 ], [ -119, 33 ], [ -119, 33 ], [ -119, 33 ], [ -119, 33 ], [ -119, 33 ], [ -119, 33 ], [ -119, 33 ], [ -119, 33 ], [ -119, 33 ], [ -119, 33 ], [ -119, 33 ], [ -119, 33 ], [ -119, 33 ], [ -119, 33 ], [ -119, 33 ], [ -119, 33 ], [ -119, 33 ], [ -119, 33 ], [ -119, 33 ], [ -119, 33 ], [ -119, 33 ], [ -119, 33 ], [ -119, 33 ], [ -119, 33 ], [ -119, 33 ], [ -119, 33 ], [ -119, 33 ], [ -119, 33 ], [ -119, 33 ], [ -119, 33 ], [ -119, 33 ], [ -119, 33 ], [ -119, 33 ], [ -119, 33 ], [ -119, 33 ], [ -119, 33 ], [ -119, 33 ], [ -119, 33 ], [ -119, 33 ], [ -119, 33 ], [ -119, 33 ], [ -119, 33 ], [ -119, 33 ], [ -119, 33 ], [ -119, 33 ], [ -119, 33 ], [ -119, 33 ], [ -119, 33 ], [ -119, 33 ], [ -119, 33 ], [ -119, 33 ], [ -119, 33 ], [ -119, 33 ], [ -119, 33 ], [ -119, 33 ], [ -119, 33 ], [ -119, 33 ], [ -119, 33 ], [ -119, 33 ], [ -119, 33 ], [ -119, 33 ], [ -119, 33 ], [ -119, 33 ], [ -119, 33 ], [ -119, 33 ], [ -119, 33 ], [ -119, 33 ], [ -119, 33 ], [ -119, 33 ], [ -119, 33 ], [ -119, 33 ], [ -119, 33 ], [ -119, 33 ], [ -119, 33 ], [ -119, 33 ], [ -119, 33 ], [ -119, 33 ], [ -119, 33 ], [ -119, 33 ], [ -119, 33 ], [ -119, 33 ], [ -119, 33 ], [ -119, 33 ], [ -119, 33 ], [ -119, 33 ], [ -119, 33 ], [ -119, 33 ], [ -119, 33 ], [ -119, 33 ], [ -119, 33 ], [ -119, 33 ], [ -119, 33 ], [ -119, 33 ], [ -119, 33 ], [ -119, 33 ], [ -119, 33 ], [ -119, 33 ], [ -119, 33 ], [ -119, 33 ], [ -119, 33 ], [ -119, 33 ], [ -119, 33 ], [ -119, 33 ], [ -119, 33 ], [ -119, 33 ], [ -119, 33 ], [ -119, 33 ], [ -119, 33 ], [ -119, 33 ], [ -119, 33 ], [ -119, 33 ], [ -119, 33 ], [ -119, 33 ], [ -119, 33 ], [ -119, 33 ], [ -119, 33 ], [ -119, 33 ], [ -119, 33 ], [ -119, 33 ], [ -119, 33 ], [ -119, 33 ], [ -119, 33 ], [ -119, 33 ], [ -119, 33 ], [ -119, 33 ], [ -119, 33 ], [ -119, 33 ], [ -119, 33 ], [ -119, 33 ], [ -119, 33 ], [ -119, 33 ], [ -119, 33 ], [ -119, 33 ], [ -119, 33 ], [ -119, 33 ], [ -119, 33 ], [ -119, 33 ], [ -119, 33 ], [ -119, 33 ], [ -119, 33 ], [ -119, 33 ], [ -119, 33 ], [ -119, 33 ], [ -119, 33 ], [ -119, 33 ], [ -119, 33 ], [ -119, 33 ], [ -119, 33 ], [ -119, 33 ], [ -119, 33 ], [ -119, 33 ], [ -119, 33 ], [ -119, 33 ], [ -119, 33 ], [ -119, 33 ], [ -119, 33 ], [ -119, 33 ], [ -119, 33 ], [ -119, 33 ], [ -119, 33 ], [ -119, 33 ], [ -119, 33 ], [ -119, 33 ], [ -119, 33 ], [ -119, 33 ], [ -119, 33 ], [ -119, 33 ], [ -119, 33 ], [ -119, 33 ], [ -119, 33 ], [ -119, 33 ], [ -119, 33 ], [ -119, 33 ], [ -119, 33 ], [ -119, 33 ], [ -119, 33 ], [ -119, 33 ], [ -119, 33 ], [ -119, 33 ], [ -119, 33 ], [ -119, 33 ], [ -119, 33 ], [ -119, 33 ], [ -119, 33 ], [ -119, 33 ], [ -119, 33 ], [ -119, 33 ], [ -119, 33 ], [ -119, 33 ], [ -119, 33 ], [ -119, 33 ], [ -119, 33 ], [ -119, 33 ], [ -119, 33 ], [ -119, 33 ], [ -119, 33 ], [ -119, 33 ], [ -119, 33 ], [ -119, 33 ], [ -119, 33 ], [ -119, 33 ], [ -119, 33 ], [ -119, 33 ], [ -119, 33 ], [ -119, 33 ], [ -119, 33 ], [ -119, 33 ], [ -119, 33 ], [ -119, 33 ], [ -119, 33 ], [ -119, 33 ], [ -119, 33 ], [ -119, 33 ], [ -119, 33 ], [ -119, 33 ], [ -119, 33 ], [ -119, 33 ], [ -119, 33 ], [ -119, 33 ], [ -119, 33 ], [ -119, 33 ], [ -119, 33 ], [ -119, 33 ], [ -119, 33 ], [ -119, 33 ], [ -119, 33 ], [ -119, 33 ], [ -119, 33 ], [ -119, 33 ], [ -119, 33 ], [ -119, 33 ], [ -119, 33 ], [ -119, 33 ], [ -119, 33 ], [ -119, 33 ], [ -119, 33 ], [ -119, 33 ], [ -119, 33 ], [ -119, 33 ], [ -119, 33 ], [ -119, 33 ], [ -119, 33 ], [ -119, 33 ], [ -119, 33 ], [ -119, 33 ], [ -119, 33 ], [ -119, 33 ], [ -119, 33 ], [ -119, 33 ], [ -119, 33 ], [ -119, 33 ], [ -119, 33 ], [ -119, 33 ], [ -119, 33 ], [ -119, 33 ], [ -119, 33 ], [ -119, 33 ], [ -119, 33 ], [ -119, 33 ], [ -119, 33 ], [ -119, 33 ], [ -119, 33 ], [ -119, 33 ], [ -119, 33 ], [ -119, 33 ], [ -119, 33 ], [ -119, 33 ], [ -119, 33 ], [ -119, 33 ], [ -119, 33 ], [ -119, 33 ], [ -119, 33 ], [ -119, 33 ], [ -119, 33 ], [ -119, 33 ], [ -119, 33 ], [ -119, 33 ], [ -119, 33 ], [ -119, 33 ], [ -119, 33 ], [ -119, 33 ], [ -119, 33 ], [ -119, 33 ], [ -119, 33 ], [ -119, 33 ], [ -119, 33 ], [ -119, 33 ], [ -119, 33 ], [ -119, 33 ], [ -119, 33 ], [ -119, 33 ], [ -119, 33 ], [ -119, 33 ], [ -119, 33 ], [ -119, 33 ], [ -119, 33 ], [ -119, 33 ], [ -119, 33 ], [ -119, 33 ], [ -119, 33 ], [ -119, 33 ], [ -119, 33 ], [ -119, 33 ], [ -119, 33 ], [ -119, 33 ], [ -119, 33 ], [ -119, 33 ], [ -119, 33 ], [ -119, 33 ], [ -119, 33 ], [ -119, 33 ], [ -119, 33 ], [ -119, 33 ], [ -119, 33 ], [ -119, 33 ], [ -119, 33 ], [ -119, 33 ], [ -119, 33 ], [ -119, 33 ], [ -119, 33 ], [ -119, 33 ], [ -119, 33 ], [ -119, 33 ], [ -119, 33 ], [ -119, 33 ], [ -119, 33 ], [ -119, 33 ], [ -119, 33 ], [ -119, 33 ], [ -119, 33 ], [ -119, 33 ], [ -119, 33 ], [ -119, 33 ], [ -119, 33 ], [ -119, 33 ], [ -119, 33 ], [ -119, 33 ], [ -119, 33 ], [ -119, 33 ], [ -119, 33 ], [ -119, 33 ], [ -119, 33 ], [ -119, 33 ], [ -119, 33 ], [ -119, 33 ], [ -119, 33 ], [ -119, 33 ], [ -119, 33 ], [ -119, 33 ], [ -119, 33 ], [ -119, 33 ], [ -119, 33 ], [ -119, 33 ], [ -119, 33 ], [ -119, 33 ], [ -119, 33 ], [ -119, 33 ], [ -119, 33 ], [ -119, 33 ], [ -119, 33 ], [ -119, 33 ], [ -119, 33 ], [ -119, 33 ], [ -119, 33 ], [ -119, 33 ], [ -119, 33 ], [ -119, 33 ], [ -119, 33 ], [ -119, 33 ], [ -119, 33 ], [ -119, 33 ], [ -119, 33 ], [ -119, 33 ], [ -119, 33 ], [ -119, 33 ], [ -119, 33 ], [ -119, 33 ], [ -119, 33 ], [ -119, 33 ], [ -119, 33 ], [ -119, 33 ], [ -119, 33 ], [ -119, 33 ], [ -119, 33 ], [ -119, 33 ], [ -119, 33 ], [ -119, 33 ], [ -119, 33 ], [ -119, 33 ], [ -119, 33 ], [ -119, 33 ], [ -119, 33 ], [ -119, 33 ], [ -119, 33 ], [ -119, 33 ], [ -119, 33 ], [ -119, 33 ], [ -119, 33 ], [ -119, 33 ], [ -119, 33 ], [ -119, 33 ], [ -119, 33 ], [ -119, 33 ], [ -119, 33 ], [ -119, 33 ], [ -119, 33 ], [ -119, 33 ], [ -119, 33 ], [ -119, 33 ], [ -119, 33 ], [ -119, 33 ], [ -119, 33 ], [ -119, 33 ], [ -119, 33 ], [ -119, 33 ], [ -119, 33 ], [ -119, 33 ], [ -119, 33 ], [ -119, 33 ], [ -119, 33 ], [ -119, 33 ], [ -119, 33 ], [ -119, 33 ], [ -119, 33 ], [ -119, 33 ], [ -119, 33 ], [ -119, 33 ], [ -119, 33 ], [ -119, 33 ], [ -119, 33 ], [ -119, 33 ], [ -119, 33 ], [ -119, 33 ], [ -119, 33 ], [ -119, 33 ], [ -119, 33 ], [ -119, 33 ], [ -119, 33 ], [ -119, 33 ], [ -119, 33 ], [ -119, 33 ], [ -119, 33 ], [ -119, 33 ], [ -119, 33 ], [ -119, 33 ], [ -119, 33 ], [ -119, 33 ], [ -119, 33 ], [ -119, 33 ], [ -119, 33 ], [ -119, 33 ], [ -119, 33 ], [ -119, 33 ], [ -119, 33 ], [ -119, 33 ], [ -119, 33 ], [ -119, 33 ], [ -119, 33 ], [ -119, 33 ], [ -119, 33 ], [ -119, 33 ], [ -119, 33 ], [ -119, 33 ], [ -119, 33 ], [ -119, 33 ], [ -119, 33 ], [ -119, 33 ], [ -119, 33 ], [ -119, 33 ], [ -119, 33 ], [ -119, 33 ], [ -119, 33 ], [ -119, 33 ], [ -119, 33 ], [ -119, 33 ], [ -119, 33 ], [ -119, 33 ], [ -119, 33 ], [ -119, 33 ], [ -119, 33 ], [ -119, 33 ], [ -119, 33 ], [ -119, 33 ], [ -119, 33 ], [ -119, 33 ], [ -119, 33 ], [ -119, 33 ], [ -119, 33 ], [ -119, 33 ], [ -119, 33 ], [ -119, 33 ], [ -119, 33 ], [ -119, 33 ], [ -119, 33 ], [ -119, 33 ], [ -119, 33 ], [ -119, 33 ], [ -119, 33 ], [ -119, 33 ], [ -119, 33 ], [ -119, 33 ], [ -119, 33 ], [ -119, 33 ], [ -119, 33 ], [ -119, 33 ], [ -119, 33 ], [ -119, 33 ], [ -119, 33 ], [ -119, 33 ], [ -119, 33 ], [ -119, 33 ], [ -119, 33 ], [ -119, 33 ], [ -119, 33 ], [ -119, 33 ], [ -119, 33 ], [ -119, 33 ], [ -119, 33 ], [ -119, 33 ], [ -119, 33 ], [ -119, 33 ], [ -118, 33 ], [ -118, 33 ], [ -118, 33 ], [ -118, 33 ], [ -118, 33 ], [ -118, 33 ], [ -118, 33 ], [ -118, 33 ], [ -118, 33 ], [ -118, 33 ], [ -118, 33 ], [ -118, 33 ], [ -118, 33 ], [ -118, 33 ], [ -118, 33 ], [ -118, 33 ], [ -118, 33 ], [ -118, 33 ], [ -118, 33 ], [ -118, 33 ], [ -118, 33 ], [ -118, 33 ], [ -118, 33 ], [ -118, 33 ], [ -118, 33 ], [ -118, 33 ], [ -118, 33 ], [ -118, 33 ], [ -118, 33 ], [ -118, 33 ], [ -118, 33 ], [ -118, 33 ], [ -118, 33 ], [ -118, 33 ], [ -118, 33 ], [ -118, 33 ], [ -118, 33 ], [ -118, 33 ], [ -118, 33 ], [ -118, 33 ], [ -118, 33 ], [ -118, 33 ], [ -118, 33 ], [ -118, 33 ], [ -118, 33 ], [ -118, 33 ], [ -118, 33 ], [ -118, 33 ], [ -118, 33 ], [ -118, 33 ], [ -118, 33 ], [ -118, 33 ], [ -118, 33 ], [ -118, 33 ], [ -118, 33 ], [ -118, 33 ], [ -118, 33 ], [ -118, 33 ], [ -118, 33 ], [ -118, 33 ], [ -118, 33 ], [ -118, 33 ], [ -118, 33 ], [ -118, 33 ], [ -118, 33 ], [ -118, 33 ], [ -118, 33 ], [ -118, 33 ], [ -118, 33 ], [ -118, 33 ], [ -118, 33 ], [ -118, 33 ], [ -118, 33 ], [ -118, 33 ], [ -118, 33 ], [ -118, 33 ], [ -118, 33 ], [ -118, 33 ], [ -118, 33 ], [ -118, 33 ], [ -118, 33 ], [ -118, 33 ], [ -118, 33 ], [ -118, 33 ], [ -118, 33 ], [ -118, 33 ], [ -118, 33 ], [ -118, 33 ], [ -118, 33 ], [ -118, 33 ], [ -118, 33 ], [ -118, 33 ], [ -118, 33 ], [ -118, 33 ], [ -118, 33 ], [ -118, 33 ], [ -118, 33 ], [ -118, 33 ], [ -118, 33 ], [ -118, 33 ], [ -118, 33 ], [ -118, 33 ], [ -118, 33 ], [ -118, 33 ], [ -118, 33 ], [ -118, 33 ], [ -118, 33 ], [ -118, 33 ], [ -118, 33 ], [ -118, 33 ], [ -118, 33 ], [ -118, 33 ], [ -118, 33 ], [ -118, 33 ], [ -118, 33 ], [ -118, 33 ], [ -118, 33 ], [ -118, 33 ], [ -118, 33 ], [ -118, 33 ], [ -118, 33 ], [ -118, 33 ], [ -118, 33 ], [ -118, 33 ], [ -118, 33 ], [ -118, 33 ], [ -118, 33 ], [ -118, 33 ], [ -118, 33 ], [ -118, 33 ], [ -118, 33 ], [ -118, 33 ], [ -118, 33 ], [ -118, 33 ], [ -118, 33 ], [ -118, 33 ], [ -118, 33 ], [ -118, 33 ], [ -118, 33 ], [ -118, 33 ], [ -118, 33 ], [ -118, 33 ], [ -118, 33 ], [ -118, 33 ], [ -118, 33 ], [ -118, 33 ], [ -118, 33 ], [ -118, 33 ], [ -118, 33 ], [ -118, 33 ], [ -118, 33 ], [ -118, 33 ], [ -118, 33 ], [ -118, 33 ], [ -118, 33 ], [ -118, 33 ], [ -118, 33 ], [ -118, 33 ], [ -118, 33 ], [ -118, 33 ], [ -118, 33 ], [ -118, 33 ], [ -118, 33 ], [ -118, 33 ], [ -118, 33 ], [ -118, 33 ], [ -118, 33 ], [ -118, 33 ], [ -118, 33 ], [ -118, 33 ], [ -118, 33 ], [ -118, 33 ], [ -118, 33 ], [ -118, 33 ], [ -118, 33 ], [ -118, 33 ], [ -118, 33 ], [ -118, 33 ], [ -118, 33 ], [ -118, 33 ], [ -118, 33 ], [ -118, 33 ], [ -118, 33 ], [ -118, 33 ], [ -118, 33 ], [ -118, 33 ], [ -118, 33 ], [ -118, 33 ], [ -118, 33 ], [ -118, 33 ], [ -118, 33 ], [ -118, 33 ], [ -118, 33 ], [ -118, 33 ], [ -118, 33 ], [ -118, 33 ], [ -118, 33 ], [ -118, 33 ], [ -118, 33 ], [ -118, 33 ], [ -118, 33 ], [ -118, 33 ], [ -118, 33 ], [ -118, 33 ], [ -118, 33 ], [ -118, 33 ], [ -118, 33 ], [ -118, 33 ], [ -118, 33 ], [ -118, 33 ], [ -118, 33 ], [ -118, 33 ], [ -118, 33 ], [ -118, 33 ], [ -118, 33 ], [ -118, 33 ], [ -118, 33 ], [ -118, 33 ], [ -118, 33 ], [ -118, 33 ], [ -118, 33 ], [ -118, 33 ], [ -118, 33 ], [ -118, 33 ], [ -118, 33 ], [ -118, 33 ], [ -118, 33 ], [ -118, 33 ], [ -118, 33 ], [ -118, 33 ], [ -118, 33 ], [ -118, 33 ], [ -118, 33 ], [ -118, 33 ], [ -118, 33 ], [ -118, 33 ], [ -118, 33 ], [ -118, 33 ], [ -118, 33 ], [ -118, 33 ], [ -118, 33 ], [ -118, 33 ], [ -118, 33 ], [ -118, 33 ], [ -118, 33 ], [ -118, 33 ], [ -118, 33 ], [ -118, 33 ], [ -118, 33 ], [ -118, 33 ], [ -118, 33 ], [ -118, 33 ], [ -118, 33 ], [ -118, 33 ], [ -118, 33 ], [ -118, 33 ], [ -118, 33 ], [ -118, 33 ], [ -118, 33 ], [ -118, 33 ], [ -118, 33 ], [ -118, 33 ], [ -118, 33 ], [ -118, 33 ], [ -118, 33 ], [ -118, 33 ], [ -118, 33 ], [ -118, 33 ], [ -118, 33 ], [ -118, 33 ], [ -118, 33 ], [ -118, 33 ], [ -118, 33 ], [ -118, 33 ], [ -118, 33 ], [ -118, 33 ], [ -118, 33 ], [ -118, 33 ], [ -118, 33 ], [ -118, 33 ], [ -118, 33 ], [ -118, 33 ], [ -118, 33 ], [ -118, 33 ], [ -118, 33 ], [ -118, 33 ], [ -118, 33 ], [ -118, 33 ], [ -118, 33 ], [ -118, 33 ], [ -118, 33 ], [ -118, 33 ], [ -118, 33 ], [ -118, 33 ], [ -118, 33 ], [ -118, 33 ], [ -118, 33 ], [ -118, 33 ], [ -118, 33 ], [ -118, 33 ], [ -118, 33 ], [ -118, 33 ], [ -118, 33 ], [ -118, 33 ], [ -118, 33 ], [ -118, 33 ], [ -118, 33 ], [ -118, 33 ], [ -118, 33 ], [ -118, 33 ], [ -118, 33 ], [ -118, 33 ], [ -118, 33 ], [ -118, 33 ], [ -118, 33 ], [ -118, 33 ], [ -118, 33 ], [ -118, 33 ], [ -118, 33 ], [ -118, 33 ], [ -118, 33 ], [ -118, 33 ], [ -118, 33 ], [ -118, 33 ], [ -118, 33 ], [ -118, 33 ], [ -118, 33 ], [ -118, 33 ], [ -118, 33 ], [ -118, 33 ], [ -118, 33 ], [ -118, 33 ], [ -118, 33 ], [ -118, 33 ], [ -118, 33 ], [ -118, 33 ], [ -118, 33 ], [ -118, 33 ], [ -118, 33 ], [ -118, 33 ], [ -118, 33 ], [ -118, 33 ], [ -118, 33 ], [ -118, 33 ], [ -118, 33 ], [ -118, 33 ], [ -118, 33 ], [ -118, 33 ], [ -118, 33 ], [ -118, 33 ], [ -118, 33 ], [ -118, 33 ], [ -118, 33 ], [ -118, 33 ], [ -118, 33 ], [ -118, 33 ], [ -118, 33 ], [ -118, 33 ], [ -118, 33 ], [ -118, 33 ], [ -118, 33 ], [ -118, 33 ], [ -118, 33 ], [ -118, 33 ], [ -118, 33 ], [ -118, 33 ], [ -118, 33 ], [ -118, 33 ], [ -118, 33 ], [ -118, 33 ], [ -118, 33 ], [ -118, 33 ], [ -118, 33 ], [ -118, 33 ], [ -118, 33 ], [ -118, 33 ], [ -118, 33 ], [ -118, 33 ], [ -118, 33 ], [ -118, 33 ], [ -118, 33 ], [ -118, 33 ], [ -118, 33 ], [ -118, 33 ], [ -118, 33 ], [ -118, 33 ], [ -118, 33 ], [ -118, 33 ], [ -118, 33 ], [ -118, 33 ], [ -118, 33 ], [ -118, 33 ], [ -118, 33 ], [ -118, 33 ], [ -118, 33 ], [ -118, 33 ], [ -118, 33 ], [ -118, 33 ], [ -118, 33 ], [ -118, 33 ], [ -118, 33 ], [ -118, 33 ], [ -118, 33 ], [ -118, 33 ], [ -118, 33 ], [ -118, 33 ], [ -118, 33 ], [ -118, 33 ], [ -118, 33 ], [ -118, 33 ], [ -118, 33 ], [ -118, 33 ], [ -118, 33 ], [ -118, 33 ], [ -118, 33 ], [ -118, 33 ], [ -118, 33 ], [ -118, 33 ], [ -118, 33 ], [ -118, 33 ], [ -118, 33 ], [ -118, 33 ], [ -118, 33 ], [ -118, 33 ], [ -118, 33 ], [ -118, 33 ], [ -118, 33 ], [ -118, 33 ], [ -118, 33 ], [ -118, 33 ], [ -118, 33 ], [ -118, 33 ], [ -118, 33 ], [ -118, 33 ], [ -118, 33 ], [ -118, 33 ], [ -118, 33 ], [ -118, 33 ], [ -118, 33 ], [ -118, 33 ], [ -118, 33 ], [ -118, 33 ], [ -118, 33 ], [ -118, 33 ], [ -118, 33 ], [ -118, 33 ], [ -118, 33 ], [ -118, 33 ], [ -118, 33 ], [ -118, 33 ], [ -118, 33 ], [ -118, 33 ], [ -118, 33 ], [ -118, 33 ], [ -118, 33 ], [ -118, 33 ], [ -118, 33 ], [ -118, 33 ], [ -118, 33 ], [ -118, 33 ], [ -118, 33 ], [ -118, 33 ], [ -118, 33 ], [ -118, 33 ], [ -118, 33 ], [ -118, 33 ], [ -118, 33 ], [ -118, 33 ], [ -118, 33 ], [ -118, 33 ], [ -118, 33 ], [ -118, 33 ], [ -118, 33 ], [ -118, 33 ], [ -118, 33 ], [ -118, 33 ], [ -118, 33 ], [ -118, 33 ], [ -118, 33 ], [ -118, 33 ], [ -118, 33 ], [ -118, 33 ], [ -118, 33 ], [ -118, 33 ], [ -118, 33 ], [ -118, 33 ], [ -118, 33 ], [ -118, 33 ], [ -118, 33 ], [ -118, 33 ], [ -118, 33 ], [ -118, 33 ], [ -118, 33 ], [ -118, 33 ], [ -118, 33 ], [ -118, 33 ], [ -118, 33 ], [ -118, 33 ], [ -118, 33 ], [ -118, 33 ], [ -118, 33 ], [ -118, 33 ], [ -118, 33 ], [ -118, 33 ], [ -118, 33 ], [ -118, 33 ], [ -118, 33 ], [ -118, 33 ], [ -118, 33 ], [ -118, 33 ], [ -118, 33 ], [ -118, 33 ], [ -118, 33 ], [ -118, 33 ], [ -118, 33 ], [ -118, 33 ], [ -118, 33 ], [ -118, 33 ], [ -118, 33 ], [ -118, 33 ], [ -118, 33 ], [ -118, 33 ], [ -118, 33 ], [ -118, 33 ], [ -118, 33 ], [ -118, 33 ], [ -118, 33 ], [ -118, 33 ], [ -118, 33 ], [ -118, 33 ], [ -118, 33 ], [ -118, 33 ], [ -118, 33 ], [ -118, 33 ], [ -118, 33 ], [ -118, 33 ], [ -118, 33 ], [ -118, 33 ], [ -118, 33 ], [ -118, 33 ], [ -118, 33 ], [ -118, 33 ], [ -118, 33 ], [ -118, 33 ], [ -118, 33 ], [ -118, 33 ], [ -118, 33 ], [ -118, 33 ], [ -118, 33 ], [ -118, 33 ], [ -118, 33 ], [ -118, 33 ], [ -118, 33 ], [ -118, 33 ], [ -118, 33 ], [ -118, 33 ], [ -118, 33 ], [ -118, 33 ], [ -118, 33 ], [ -118, 33 ], [ -118, 33 ], [ -118, 33 ], [ -118, 33 ], [ -118, 33 ], [ -118, 33 ], [ -118, 33 ], [ -118, 33 ], [ -118, 33 ], [ -118, 33 ], [ -118, 33 ], [ -118, 33 ], [ -118, 33 ], [ -118, 33 ], [ -118, 33 ], [ -118, 33 ], [ -118, 33 ], [ -118, 33 ], [ -118, 33 ], [ -118, 33 ], [ -118, 33 ], [ -118, 33 ], [ -118, 33 ], [ -118, 33 ], [ -118, 33 ], [ -118, 33 ], [ -118, 33 ], [ -118, 33 ], [ -118, 33 ], [ -118, 33 ], [ -118, 33 ], [ -118, 33 ], [ -118, 33 ], [ -118, 33 ], [ -118, 33 ], [ -118, 33 ], [ -118, 33 ], [ -118, 33 ], [ -118, 33 ], [ -118, 33 ], [ -118, 33 ], [ -118, 33 ], [ -118, 33 ], [ -118, 33 ], [ -118, 33 ], [ -118, 33 ], [ -118, 33 ], [ -118, 33 ], [ -118, 33 ], [ -118, 33 ], [ -118, 33 ], [ -118, 33 ], [ -118, 33 ], [ -118, 33 ], [ -118, 33 ], [ -118, 33 ], [ -118, 33 ], [ -118, 33 ], [ -118, 33 ], [ -118, 33 ], [ -118, 33 ], [ -118, 33 ], [ -118, 33 ], [ -118, 33 ], [ -118, 33 ], [ -118, 33 ], [ -118, 33 ], [ -118, 33 ], [ -118, 33 ], [ -118, 33 ], [ -118, 33 ], [ -118, 33 ], [ -118, 33 ], [ -118, 33 ], [ -118, 33 ], [ -118, 33 ], [ -118, 33 ], [ -118, 33 ], [ -118, 33 ], [ -118, 33 ], [ -118, 33 ], [ -118, 33 ], [ -118, 33 ], [ -118, 33 ], [ -118, 33 ], [ -118, 33 ], [ -118, 33 ], [ -118, 33 ], [ -118, 33 ], [ -118, 33 ], [ -118, 33 ], [ -118, 33 ], [ -118, 33 ], [ -118, 33 ], [ -118, 33 ], [ -118, 33 ], [ -118, 33 ], [ -118, 33 ], [ -118, 33 ], [ -118, 33 ], [ -118, 33 ], [ -118, 33 ], [ -118, 33 ], [ -118, 33 ], [ -118, 33 ], [ -118, 33 ], [ -118, 33 ], [ -118, 33 ], [ -118, 33 ], [ -118, 33 ], [ -118, 33 ], [ -118, 33 ], [ -118, 33 ], [ -118, 33 ], [ -118, 33 ], [ -118, 33 ], [ -118, 33 ], [ -118, 33 ], [ -118, 33 ], [ -118, 33 ], [ -118, 33 ], [ -118, 33 ], [ -118, 33 ], [ -118, 33 ], [ -118, 33 ], [ -118, 33 ], [ -118, 33 ], [ -118, 33 ], [ -118, 33 ], [ -118, 33 ], [ -118, 33 ], [ -118, 33 ], [ -118, 33 ], [ -118, 33 ], [ -118, 33 ], [ -118, 33 ], [ -118, 33 ], [ -118, 33 ], [ -118, 33 ], [ -118, 33 ], [ -118, 33 ], [ -118, 33 ], [ -118, 33 ], [ -118, 33 ], [ -118, 33 ], [ -118, 33 ], [ -118, 33 ], [ -118, 33 ], [ -118, 33 ], [ -118, 33 ], [ -118, 33 ], [ -118, 33 ], [ -118, 33 ], [ -118, 33 ], [ -118, 33 ], [ -118, 33 ], [ -118, 33 ], [ -118, 33 ], [ -118, 33 ], [ -118, 33 ], [ -118, 33 ], [ -118, 33 ], [ -118, 33 ], [ -118, 33 ], [ -118, 33 ], [ -118, 33 ], [ -118, 33 ], [ -118, 33 ], [ -118, 33 ], [ -118, 33 ], [ -118, 33 ], [ -118, 33 ], [ -118, 33 ], [ -118, 33 ], [ -118, 33 ], [ -118, 33 ], [ -118, 33 ], [ -118, 33 ], [ -118, 33 ], [ -118, 33 ], [ -118, 33 ], [ -118, 33 ], [ -118, 33 ], [ -118, 33 ], [ -118, 33 ], [ -118, 33 ], [ -118, 33 ], [ -118, 33 ], [ -118, 33 ], [ -118, 33 ], [ -118, 33 ], [ -118, 33 ], [ -118, 33 ], [ -118, 33 ], [ -118, 33 ], [ -118, 33 ], [ -118, 33 ], [ -118, 33 ], [ -118, 33 ], [ -118, 33 ], [ -118, 33 ], [ -118, 33 ], [ -118, 33 ], [ -118, 33 ], [ -118, 33 ], [ -118, 33 ], [ -118, 33 ], [ -118, 33 ], [ -118, 33 ], [ -118, 33 ], [ -118, 33 ], [ -118, 33 ], [ -118, 33 ], [ -118, 33 ], [ -118, 33 ], [ -118, 33 ], [ -118, 33 ], [ -118, 33 ], [ -118, 33 ], [ -118, 33 ], [ -118, 33 ], [ -118, 33 ], [ -118, 33 ], [ -118, 33 ], [ -118, 33 ], [ -118, 33 ], [ -118, 33 ], [ -118, 33 ], [ -118, 33 ], [ -118, 33 ], [ -118, 33 ], [ -118, 33 ], [ -118, 33 ], [ -118, 33 ], [ -118, 33 ], [ -118, 33 ], [ -118, 33 ], [ -118, 33 ], [ -118, 33 ], [ -118, 33 ], [ -118, 33 ], [ -118, 33 ], [ -118, 33 ], [ -118, 33 ], [ -118, 33 ], [ -118, 33 ], [ -118, 33 ], [ -118, 33 ], [ -118, 33 ], [ -118, 33 ], [ -118, 33 ], [ -118, 33 ], [ -118, 33 ], [ -118, 33 ], [ -118, 33 ], [ -118, 33 ], [ -118, 33 ], [ -118, 33 ], [ -118, 33 ], [ -118, 33 ], [ -118, 33 ], [ -118, 33 ], [ -118, 33 ], [ -118, 33 ], [ -118, 33 ], [ -118, 33 ], [ -118, 33 ], [ -118, 33 ], [ -118, 33 ], [ -118, 33 ], [ -118, 33 ], [ -118, 33 ], [ -118, 33 ], [ -118, 33 ], [ -118, 33 ], [ -118, 33 ], [ -118, 33 ], [ -118, 33 ], [ -118, 33 ], [ -118, 33 ], [ -118, 33 ], [ -118, 33 ], [ -118, 33 ], [ -118, 33 ], [ -118, 33 ], [ -118, 33 ], [ -118, 33 ], [ -118, 33 ], [ -118, 33 ], [ -118, 33 ], [ -118, 33 ], [ -118, 33 ], [ -118, 33 ], [ -118, 33 ], [ -118, 33 ], [ -118, 33 ], [ -118, 33 ], [ -118, 33 ], [ -118, 33 ], [ -118, 33 ], [ -118, 33 ], [ -118, 33 ], [ -118, 33 ], [ -118, 33 ], [ -118, 33 ], [ -118, 33 ], [ -118, 33 ], [ -118, 33 ], [ -118, 33 ], [ -118, 33 ], [ -118, 33 ], [ -118, 33 ], [ -118, 33 ], [ -118, 33 ], [ -118, 33 ], [ -118, 33 ], [ -118, 33 ], [ -118, 33 ], [ -118, 33 ], [ -118, 33 ], [ -118, 33 ], [ -118, 33 ], [ -118, 33 ], [ -118, 33 ], [ -118, 33 ], [ -118, 33 ], [ -118, 33 ], [ -118, 33 ], [ -118, 33 ], [ -118, 33 ], [ -118, 33 ], [ -118, 33 ], [ -118, 33 ], [ -118, 33 ], [ -118, 33 ], [ -118, 33 ], [ -118, 33 ], [ -118, 33 ], [ -118, 33 ], [ -118, 33 ], [ -118, 33 ], [ -118, 33 ], [ -118, 33 ], [ -118, 33 ], [ -118, 33 ], [ -118, 33 ], [ -118, 33 ], [ -118, 33 ], [ -118, 33 ], [ -118, 33 ], [ -118, 33 ], [ -118, 33 ], [ -118, 33 ], [ -118, 33 ], [ -118, 33 ], [ -118, 33 ], [ -118, 33 ], [ -118, 33 ], [ -118, 33 ], [ -118, 33 ], [ -118, 33 ], [ -118, 33 ], [ -118, 33 ], [ -118, 33 ], [ -118, 33 ], [ -118, 33 ], [ -118, 33 ], [ -118, 33 ], [ -118, 33 ], [ -118, 33 ], [ -118, 33 ], [ -118, 33 ], [ -118, 33 ], [ -118, 33 ], [ -118, 33 ], [ -118, 33 ], [ -118, 33 ], [ -118, 33 ], [ -118, 33 ], [ -118, 33 ], [ -118, 33 ], [ -118, 33 ], [ -118, 33 ], [ -118, 33 ], [ -118, 33 ], [ -118, 33 ], [ -118, 33 ], [ -118, 33 ], [ -118, 33 ], [ -118, 33 ], [ -118, 33 ], [ -118, 33 ], [ -118, 33 ], [ -118, 33 ], [ -118, 33 ], [ -118, 33 ], [ -118, 33 ], [ -118, 33 ], [ -118, 33 ], [ -118, 33 ], [ -118, 33 ], [ -118, 33 ], [ -118, 33 ], [ -118, 33 ], [ -118, 33 ], [ -118, 33 ], [ -118, 33 ], [ -118, 33 ], [ -118, 33 ], [ -118, 33 ], [ -118, 33 ], [ -118, 33 ], [ -118, 33 ], [ -118, 33 ], [ -118, 33 ], [ -118, 33 ], [ -118, 33 ], [ -118, 33 ], [ -118, 33 ], [ -118, 33 ], [ -118, 33 ], [ -118, 33 ], [ -118, 33 ], [ -118, 33 ], [ -118, 33 ], [ -118, 33 ], [ -118, 33 ], [ -118, 33 ], [ -118, 33 ], [ -118, 33 ], [ -118, 33 ], [ -118, 33 ], [ -118, 33 ], [ -118, 33 ], [ -118, 33 ], [ -118, 33 ], [ -118, 33 ], [ -118, 33 ], [ -118, 33 ], [ -118, 33 ], [ -118, 33 ], [ -118, 33 ], [ -118, 33 ], [ -118, 33 ], [ -118, 33 ], [ -118, 33 ], [ -118, 33 ], [ -118, 33 ], [ -118, 33 ], [ -118, 33 ], [ -118, 33 ], [ -118, 33 ], [ -118, 33 ], [ -118, 33 ], [ -118, 33 ], [ -118, 33 ], [ -118, 33 ], [ -118, 33 ], [ -118, 33 ], [ -118, 33 ], [ -118, 33 ], [ -118, 33 ], [ -118, 33 ], [ -118, 33 ], [ -118, 33 ], [ -118, 33 ], [ -118, 33 ], [ -118, 33 ], [ -118, 33 ], [ -118, 33 ], [ -118, 33 ], [ -118, 33 ], [ -118, 33 ], [ -118, 33 ], [ -118, 33 ], [ -118, 33 ], [ -118, 33 ], [ -118, 33 ], [ -118, 33 ], [ -118, 33 ], [ -118, 33 ], [ -118, 33 ], [ -118, 33 ], [ -118, 33 ], [ -118, 33 ], [ -118, 33 ], [ -118, 33 ], [ -118, 33 ], [ -118, 33 ], [ -118, 33 ], [ -118, 33 ], [ -118, 33 ], [ -118, 33 ], [ -118, 33 ], [ -118, 33 ], [ -118, 33 ], [ -118, 33 ], [ -118, 33 ], [ -118, 33 ], [ -118, 33 ], [ -118, 33 ], [ -118, 33 ], [ -118, 33 ], [ -118, 33 ], [ -118, 33 ], [ -118, 33 ], [ -118, 33 ], [ -118, 33 ], [ -118, 33 ], [ -118, 33 ], [ -118, 33 ], [ -118, 33 ], [ -118, 33 ], [ -118, 33 ], [ -118, 33 ], [ -118, 33 ], [ -118, 33 ], [ -118, 33 ], [ -118, 33 ], [ -118, 33 ], [ -118, 33 ], [ -118, 33 ], [ -118, 33 ], [ -118, 33 ], [ -118, 33 ], [ -118, 33 ], [ -118, 33 ], [ -118, 33 ], [ -118, 33 ], [ -118, 33 ], [ -118, 33 ], [ -118, 33 ], [ -118, 33 ], [ -118, 33 ], [ -118, 33 ], [ -118, 33 ], [ -118, 33 ], [ -118, 33 ], [ -118, 33 ], [ -118, 33 ], [ -118, 33 ], [ -118, 33 ], [ -118, 33 ], [ -118, 33 ], [ -118, 33 ], [ -118, 33 ], [ -118, 33 ], [ -118, 33 ], [ -118, 33 ], [ -118, 33 ], [ -118, 33 ], [ -118, 33 ], [ -118, 33 ], [ -118, 33 ], [ -118, 33 ], [ -118, 33 ], [ -118, 33 ], [ -118, 33 ], [ -118, 33 ], [ -118, 33 ], [ -118, 33 ], [ -118, 33 ], [ -118, 33 ], [ -118, 33 ], [ -118, 33 ], [ -118, 33 ], [ -118, 33 ], [ -118, 33 ], [ -118, 33 ], [ -118, 33 ], [ -118, 33 ], [ -118, 33 ], [ -118, 33 ], [ -118, 33 ], [ -118, 33 ], [ -118, 33 ], [ -118, 33 ], [ -118, 33 ], [ -118, 33 ], [ -118, 33 ], [ -118, 33 ], [ -118, 33 ], [ -118, 33 ], [ -118, 33 ], [ -118, 33 ], [ -118, 33 ], [ -118, 33 ], [ -118, 33 ], [ -118, 33 ], [ -118, 33 ], [ -118, 33 ], [ -118, 33 ], [ -118, 33 ], [ -118, 33 ], [ -118, 33 ], [ -118, 33 ], [ -118, 33 ], [ -118, 33 ], [ -118, 33 ], [ -118, 33 ], [ -118, 33 ], [ -118, 33 ], [ -118, 33 ], [ -118, 33 ], [ -118, 33 ], [ -118, 33 ], [ -118, 33 ], [ -118, 33 ], [ -118, 33 ], [ -118, 33 ], [ -118, 33 ], [ -118, 33 ], [ -118, 33 ], [ -118, 33 ], [ -118, 33 ], [ -118, 33 ], [ -118, 33 ], [ -118, 33 ], [ -118, 33 ], [ -118, 33 ], [ -118, 33 ], [ -118, 33 ], [ -118, 33 ], [ -118, 33 ], [ -118, 33 ], [ -118, 33 ], [ -118, 33 ], [ -118, 33 ], [ -118, 33 ], [ -118, 33 ], [ -118, 33 ], [ -118, 33 ], [ -118, 33 ], [ -118, 33 ], [ -118, 33 ], [ -118, 33 ], [ -118, 33 ], [ -118, 33 ], [ -118, 33 ], [ -118, 33 ], [ -118, 33 ], [ -118, 33 ], [ -118, 33 ], [ -118, 33 ], [ -118, 33 ], [ -118, 33 ], [ -118, 33 ], [ -118, 33 ], [ -118, 33 ], [ -118, 33 ], [ -118, 33 ], [ -118, 33 ], [ -118, 33 ], [ -118, 33 ], [ -118, 33 ], [ -118, 33 ], [ -118, 33 ], [ -118, 33 ], [ -118, 33 ], [ -118, 33 ], [ -118, 33 ], [ -118, 33 ], [ -118, 33 ], [ -118, 33 ], [ -118, 33 ], [ -118, 33 ], [ -118, 33 ], [ -118, 33 ], [ -118, 33 ], [ -118, 33 ], [ -118, 33 ], [ -118, 33 ], [ -118, 33 ], [ -118, 33 ], [ -118, 33 ], [ -118, 33 ], [ -118, 33 ], [ -118, 33 ], [ -118, 33 ], [ -118, 33 ], [ -118, 33 ], [ -118, 33 ], [ -118, 33 ], [ -118, 33 ], [ -118, 33 ], [ -118, 33 ], [ -118, 33 ], [ -118, 33 ], [ -118, 33 ], [ -118, 33 ], [ -118, 33 ], [ -118, 33 ], [ -118, 33 ], [ -118, 33 ], [ -118, 33 ], [ -118, 33 ], [ -118, 33 ], [ -118, 33 ], [ -118, 33 ], [ -118, 33 ], [ -118, 33 ], [ -118, 33 ], [ -118, 33 ], [ -118, 33 ], [ -118, 33 ], [ -118, 33 ], [ -118, 33 ], [ -118, 33 ], [ -118, 33 ], [ -118, 33 ], [ -118, 33 ], [ -118, 33 ], [ -118, 33 ], [ -118, 33 ], [ -118, 33 ], [ -118, 33 ], [ -118, 33 ], [ -118, 33 ], [ -118, 33 ], [ -118, 33 ], [ -118, 33 ], [ -118, 33 ], [ -118, 33 ], [ -118, 33 ], [ -118, 33 ], [ -118, 33 ], [ -118, 33 ], [ -118, 33 ], [ -118, 33 ], [ -118, 33 ], [ -118, 33 ], [ -118, 33 ], [ -118, 33 ], [ -118, 33 ], [ -118, 33 ], [ -118, 33 ], [ -118, 33 ], [ -118, 33 ], [ -118, 33 ], [ -118, 33 ], [ -118, 33 ], [ -118, 33 ], [ -118, 33 ], [ -118, 33 ], [ -118, 33 ], [ -118, 33 ], [ -118, 33 ], [ -118, 33 ], [ -118, 33 ], [ -118, 33 ], [ -118, 33 ], [ -118, 33 ], [ -118, 33 ], [ -118, 33 ], [ -118, 33 ], [ -118, 33 ], [ -118, 33 ], [ -118, 33 ], [ -118, 33 ], [ -118, 33 ], [ -118, 33 ], [ -118, 33 ], [ -118, 33 ], [ -118, 33 ], [ -118, 33 ], [ -118, 33 ], [ -118, 33 ], [ -118, 33 ], [ -118, 33 ], [ -118, 33 ], [ -118, 33 ], [ -118, 33 ], [ -118, 33 ], [ -118, 33 ], [ -118, 33 ], [ -118, 33 ], [ -118, 33 ], [ -118, 33 ], [ -118, 33 ], [ -118, 33 ], [ -118, 33 ], [ -118, 33 ], [ -118, 33 ], [ -118, 33 ], [ -118, 33 ], [ -118, 33 ], [ -118, 33 ], [ -118, 33 ], [ -118, 33 ], [ -118, 33 ], [ -118, 33 ], [ -118, 33 ], [ -118, 33 ], [ -118, 33 ], [ -118, 33 ], [ -118, 33 ], [ -118, 33 ], [ -118, 33 ], [ -118, 33 ], [ -118, 33 ], [ -118, 33 ], [ -118, 33 ], [ -118, 33 ], [ -118, 33 ], [ -118, 33 ], [ -118, 33 ], [ -118, 33 ], [ -118, 33 ], [ -118, 33 ], [ -118, 33 ], [ -118, 33 ], [ -118, 33 ], [ -118, 33 ], [ -118, 33 ], [ -118, 33 ], [ -118, 33 ], [ -118, 33 ], [ -118, 33 ], [ -118, 33 ], [ -118, 33 ], [ -118, 33 ], [ -118, 33 ], [ -118, 33 ], [ -118, 33 ], [ -118, 33 ], [ -118, 33 ], [ -118, 33 ], [ -118, 33 ], [ -118, 33 ], [ -118, 33 ], [ -118, 33 ], [ -118, 33 ], [ -118, 33 ], [ -118, 33 ], [ -118, 33 ], [ -118, 33 ], [ -118, 33 ], [ -118, 33 ], [ -118, 33 ], [ -118, 33 ], [ -118, 33 ], [ -118, 33 ], [ -118, 33 ], [ -118, 33 ], [ -118, 33 ], [ -118, 33 ], [ -118, 33 ], [ -118, 33 ], [ -118, 33 ], [ -118, 33 ], [ -118, 33 ], [ -118, 33 ], [ -118, 33 ], [ -118, 33 ], [ -118, 33 ], [ -118, 33 ], [ -118, 33 ], [ -118, 33 ], [ -118, 33 ], [ -118, 33 ], [ -118, 33 ], [ -118, 33 ], [ -118, 33 ], [ -118, 33 ], [ -118, 33 ], [ -118, 33 ], [ -118, 33 ], [ -118, 33 ], [ -118, 33 ], [ -118, 33 ], [ -118, 33 ], [ -118, 33 ], [ -118, 33 ], [ -118, 33 ], [ -118, 33 ], [ -118, 33 ], [ -118, 33 ], [ -118, 33 ], [ -118, 33 ], [ -118, 33 ], [ -118, 33 ], [ -118, 33 ], [ -118, 33 ], [ -118, 33 ], [ -118, 33 ], [ -118, 33 ], [ -118, 33 ], [ -118, 33 ], [ -118, 33 ], [ -118, 33 ], [ -118, 33 ], [ -118, 33 ], [ -118, 33 ], [ -118, 33 ], [ -118, 33 ], [ -118, 33 ], [ -118, 33 ], [ -118, 33 ], [ -118, 33 ], [ -118, 33 ], [ -118, 33 ], [ -118, 33 ], [ -118, 33 ], [ -118, 33 ], [ -118, 33 ], [ -118, 33 ], [ -118, 33 ], [ -118, 33 ], [ -118, 33 ], [ -118, 33 ], [ -118, 33 ], [ -118, 33 ], [ -118, 33 ], [ -118, 33 ], [ -118, 33 ], [ -118, 33 ], [ -118, 33 ], [ -118, 33 ], [ -118, 33 ], [ -118, 33 ], [ -118, 33 ], [ -118, 33 ], [ -118, 33 ], [ -118, 33 ], [ -118, 33 ], [ -118, 33 ], [ -118, 33 ], [ -118, 33 ], [ -118, 33 ], [ -118, 33 ], [ -118, 33 ], [ -118, 33 ], [ -118, 33 ], [ -118, 33 ], [ -118, 33 ], [ -118, 33 ], [ -118, 33 ], [ -118, 33 ], [ -118, 33 ], [ -118, 33 ], [ -118, 33 ], [ -118, 33 ], [ -118, 33 ], [ -118, 33 ], [ -118, 33 ], [ -118, 33 ], [ -118, 33 ], [ -118, 33 ], [ -118, 33 ], [ -118, 33 ], [ -118, 33 ], [ -118, 33 ], [ -118, 33 ], [ -118, 33 ], [ -118, 33 ], [ -118, 33 ], [ -118, 33 ], [ -118, 33 ], [ -118, 33 ], [ -118, 33 ], [ -118, 33 ], [ -118, 33 ], [ -118, 33 ], [ -118, 33 ], [ -118, 33 ], [ -118, 33 ], [ -118, 33 ], [ -118, 33 ], [ -118, 33 ], [ -118, 33 ], [ -118, 33 ], [ -118, 33 ], [ -118, 33 ], [ -118, 33 ], [ -118, 33 ], [ -118, 33 ], [ -118, 33 ], [ -118, 33 ], [ -118, 33 ], [ -118, 33 ], [ -118, 33 ], [ -118, 33 ], [ -118, 33 ], [ -118, 33 ], [ -118, 33 ], [ -118, 33 ], [ -118, 33 ], [ -118, 33 ], [ -118, 33 ], [ -118, 33 ], [ -118, 33 ], [ -118, 33 ], [ -118, 33 ], [ -118, 33 ], [ -118, 33 ], [ -118, 33 ], [ -118, 33 ], [ -118, 33 ], [ -118, 33 ], [ -118, 33 ], [ -118, 33 ], [ -118, 33 ], [ -118, 33 ], [ -118, 33 ], [ -118, 33 ], [ -118, 33 ], [ -118, 33 ], [ -118, 33 ], [ -118, 33 ], [ -118, 33 ], [ -118, 33 ], [ -118, 33 ], [ -118, 33 ], [ -118, 33 ], [ -118, 33 ], [ -118, 33 ], [ -118, 33 ], [ -118, 33 ], [ -118, 33 ], [ -118, 33 ], [ -118, 33 ], [ -118, 33 ], [ -118, 33 ], [ -118, 33 ], [ -118, 33 ], [ -118, 33 ], [ -118, 33 ], [ -118, 33 ], [ -118, 33 ], [ -118, 33 ], [ -118, 33 ], [ -118, 33 ], [ -118, 33 ], [ -118, 33 ], [ -118, 33 ], [ -118, 33 ], [ -118, 33 ], [ -118, 33 ], [ -118, 33 ], [ -118, 33 ], [ -118, 33 ], [ -118, 33 ], [ -118, 33 ], [ -118, 33 ], [ -118, 33 ], [ -118, 33 ], [ -118, 33 ], [ -118, 33 ], [ -118, 33 ], [ -118, 33 ], [ -118, 33 ], [ -118, 33 ], [ -118, 33 ], [ -118, 33 ], [ -118, 33 ], [ -118, 33 ], [ -118, 33 ], [ -118, 33 ], [ -118, 33 ], [ -118, 33 ], [ -118, 33 ], [ -118, 33 ], [ -118, 33 ], [ -118, 33 ], [ -118, 33 ], [ -118, 33 ], [ -118, 33 ], [ -118, 33 ], [ -118, 33 ], [ -118, 33 ], [ -118, 33 ], [ -118, 33 ], [ -118, 33 ], [ -118, 33 ], [ -118, 33 ], [ -118, 33 ], [ -118, 33 ], [ -118, 33 ], [ -118, 33 ], [ -118, 33 ], [ -118, 33 ], [ -118, 33 ], [ -118, 33 ], [ -118, 33 ], [ -118, 33 ], [ -118, 33 ], [ -118, 33 ], [ -118, 33 ], [ -118, 33 ], [ -118, 33 ], [ -118, 33 ], [ -118, 33 ], [ -118, 33 ], [ -118, 33 ], [ -118, 33 ], [ -118, 33 ], [ -118, 33 ], [ -118, 33 ], [ -118, 33 ], [ -118, 33 ], [ -118, 33 ], [ -118, 33 ], [ -118, 33 ], [ -118, 33 ], [ -118, 33 ], [ -118, 33 ], [ -118, 33 ], [ -118, 33 ], [ -118, 33 ], [ -118, 33 ], [ -118, 33 ], [ -118, 33 ], [ -118, 33 ], [ -118, 33 ], [ -118, 33 ], [ -118, 33 ], [ -118, 33 ], [ -118, 33 ], [ -118, 33 ], [ -118, 33 ], [ -118, 33 ], [ -118, 33 ], [ -118, 33 ], [ -118, 33 ], [ -118, 33 ], [ -118, 33 ], [ -118, 33 ], [ -118, 33 ], [ -118, 33 ], [ -118, 33 ], [ -118, 33 ], [ -118, 33 ], [ -118, 33 ], [ -118, 33 ], [ -118, 33 ], [ -118, 33 ], [ -118, 33 ], [ -118, 33 ], [ -118, 33 ], [ -118, 33 ], [ -118, 33 ], [ -118, 33 ], [ -118, 33 ], [ -118, 33 ], [ -118, 33 ], [ -118, 33 ], [ -118, 33 ], [ -118, 33 ], [ -118, 33 ], [ -118, 33 ], [ -118, 33 ], [ -118, 33 ], [ -118, 33 ], [ -118, 33 ], [ -119, 33 ], [ -119, 33 ], [ -119, 33 ], [ -119, 33 ], [ -119, 33 ], [ -119, 33 ], [ -119, 33 ], [ -119, 33 ], [ -119, 33 ], [ -119, 33 ], [ -119, 33 ], [ -119, 33 ], [ -119, 33 ], [ -119, 33 ], [ -119, 33 ], [ -119, 33 ], [ -119, 33 ], [ -119, 33 ], [ -119, 33 ], [ -119, 33 ], [ -119, 33 ], [ -119, 33 ], [ -119, 33 ], [ -119, 33 ], [ -119, 33 ], [ -119, 33 ], [ -119, 33 ], [ -119, 33 ], [ -119, 33 ], [ -119, 33 ], [ -119, 33 ], [ -119, 33 ], [ -119, 33 ], [ -119, 33 ], [ -119, 33 ], [ -119, 33 ], [ -119, 33 ], [ -119, 33 ], [ -119, 33 ], [ -119, 33 ], [ -119, 33 ], [ -119, 33 ], [ -119, 33 ], [ -119, 33 ], [ -119, 33 ], [ -119, 33 ], [ -119, 33 ], [ -119, 33 ], [ -119, 33 ], [ -119, 33 ], [ -119, 33 ], [ -119, 33 ], [ -119, 33 ], [ -119, 33 ], [ -119, 33 ], [ -119, 33 ], [ -119, 33 ], [ -119, 33 ], [ -119, 33 ], [ -119, 33 ], [ -119, 33 ], [ -119, 33 ], [ -119, 33 ], [ -119, 33 ], [ -119, 33 ], [ -119, 33 ], [ -119, 33 ], [ -119, 33 ], [ -119, 33 ], [ -119, 33 ], [ -119, 33 ], [ -119, 33 ], [ -119, 33 ], [ -119, 33 ], [ -119, 33 ], [ -119, 33 ], [ -119, 33 ], [ -119, 33 ], [ -119, 33 ], [ -119, 33 ], [ -119, 33 ], [ -119, 33 ], [ -119, 33 ], [ -119, 33 ], [ -119, 33 ], [ -119, 33 ], [ -119, 33 ], [ -119, 33 ], [ -119, 33 ], [ -119, 33 ], [ -119, 33 ], [ -119, 33 ], [ -119, 33 ], [ -119, 33 ], [ -119, 33 ], [ -119, 33 ], [ -119, 33 ], [ -119, 33 ], [ -119, 33 ], [ -119, 33 ], [ -119, 33 ], [ -119, 33 ], [ -119, 33 ], [ -119, 33 ], [ -119, 33 ], [ -119, 33 ], [ -119, 33 ], [ -119, 33 ], [ -119, 33 ], [ -119, 33 ], [ -119, 33 ], [ -119, 33 ], [ -119, 33 ], [ -119, 33 ], [ -119, 33 ], [ -119, 33 ], [ -119, 33 ], [ -119, 33 ], [ -119, 33 ], [ -119, 33 ], [ -119, 33 ], [ -119, 33 ], [ -119, 33 ], [ -119, 33 ], [ -119, 33 ], [ -119, 33 ], [ -119, 33 ], [ -119, 33 ], [ -119, 33 ], [ -119, 33 ], [ -119, 33 ], [ -119, 33 ], [ -119, 33 ], [ -119, 33 ], [ -119, 33 ], [ -119, 33 ], [ -119, 33 ], [ -119, 33 ], [ -119, 33 ], [ -119, 33 ], [ -119, 33 ], [ -119, 33 ], [ -119, 33 ], [ -119, 33 ], [ -119, 33 ], [ -119, 33 ], [ -119, 33 ], [ -119, 33 ], [ -119, 33 ], [ -119, 33 ], [ -119, 33 ], [ -119, 33 ], [ -119, 33 ], [ -119, 33 ], [ -119, 33 ], [ -119, 33 ], [ -119, 33 ], [ -119, 33 ], [ -119, 33 ], [ -119, 33 ], [ -119, 33 ], [ -119, 33 ], [ -119, 33 ], [ -119, 33 ], [ -119, 33 ], [ -119, 33 ], [ -119, 33 ], [ -119, 33 ], [ -119, 33 ], [ -119, 33 ], [ -119, 33 ], [ -119, 33 ], [ -119, 33 ], [ -119, 33 ], [ -119, 33 ], [ -119, 33 ], [ -119, 33 ], [ -119, 33 ], [ -119, 33 ], [ -119, 33 ], [ -119, 33 ], [ -119, 33 ], [ -119, 33 ], [ -119, 33 ], [ -119, 33 ], [ -119, 33 ], [ -119, 33 ], [ -119, 33 ], [ -119, 33 ], [ -119, 33 ], [ -119, 33 ], [ -119, 33 ], [ -119, 33 ], [ -119, 33 ], [ -119, 33 ], [ -119, 33 ], [ -119, 33 ], [ -119, 33 ], [ -119, 33 ], [ -119, 33 ], [ -119, 33 ], [ -119, 33 ], [ -119, 33 ], [ -119, 33 ], [ -119, 33 ], [ -119, 33 ], [ -119, 33 ], [ -119, 33 ], [ -119, 33 ], [ -119, 33 ], [ -119, 33 ], [ -119, 33 ], [ -119, 33 ], [ -119, 33 ], [ -119, 33 ], [ -119, 33 ], [ -119, 33 ], [ -119, 33 ], [ -119, 33 ], [ -119, 33 ], [ -119, 33 ], [ -119, 33 ], [ -119, 33 ], [ -119, 33 ], [ -119, 33 ], [ -119, 33 ], [ -119, 33 ], [ -119, 33 ], [ -119, 33 ], [ -119, 33 ], [ -119, 33 ], [ -119, 33 ], [ -119, 33 ], [ -119, 33 ], [ -119, 33 ], [ -119, 33 ], [ -119, 33 ], [ -119, 33 ], [ -119, 33 ], [ -119, 33 ], [ -119, 33 ], [ -119, 33 ], [ -119, 33 ], [ -119, 33 ], [ -119, 33 ], [ -119, 33 ], [ -119, 33 ], [ -119, 33 ], [ -119, 33 ], [ -119, 33 ], [ -119, 33 ], [ -119, 33 ], [ -119, 33 ], [ -119, 33 ], [ -119, 33 ], [ -119, 33 ], [ -119, 33 ], [ -119, 33 ], [ -119, 33 ], [ -119, 33 ], [ -119, 33 ], [ -119, 33 ], [ -119, 33 ], [ -119, 33 ], [ -119, 33 ], [ -119, 33 ], [ -119, 33 ], [ -119, 33 ], [ -119, 33 ], [ -119, 33 ], [ -119, 33 ], [ -119, 33 ], [ -119, 33 ], [ -119, 33 ], [ -119, 33 ], [ -119, 33 ], [ -119, 33 ], [ -119, 33 ], [ -119, 33 ], [ -119, 33 ], [ -119, 33 ], [ -119, 33 ], [ -119, 33 ], [ -119, 33 ], [ -119, 33 ], [ -119, 33 ], [ -119, 33 ], [ -119, 33 ], [ -119, 33 ], [ -119, 33 ], [ -119, 33 ], [ -119, 33 ], [ -119, 33 ], [ -119, 33 ], [ -119, 33 ], [ -119, 33 ], [ -119, 33 ], [ -119, 33 ], [ -119, 33 ], [ -119, 33 ], [ -119, 33 ], [ -119, 33 ], [ -119, 33 ], [ -119, 33 ], [ -119, 33 ], [ -119, 33 ], [ -119, 33 ], [ -119, 33 ], [ -119, 33 ], [ -119, 33 ], [ -119, 33 ], [ -119, 33 ], [ -119, 33 ], [ -119, 33 ], [ -119, 33 ], [ -119, 33 ], [ -119, 33 ], [ -119, 33 ], [ -119, 33 ], [ -119, 33 ], [ -119, 33 ], [ -119, 33 ], [ -119, 33 ], [ -119, 33 ], [ -119, 33 ], [ -119, 33 ], [ -119, 33 ], [ -119, 33 ], [ -119, 33 ], [ -119, 33 ], [ -119, 33 ], [ -119, 33 ], [ -119, 33 ], [ -119, 33 ], [ -119, 33 ], [ -119, 33 ], [ -119, 33 ], [ -119, 33 ], [ -119, 33 ], [ -119, 33 ], [ -119, 33 ], [ -119, 33 ], [ -119, 33 ], [ -119, 33 ], [ -119, 33 ], [ -119, 33 ], [ -119, 33 ], [ -119, 33 ], [ -119, 33 ], [ -119, 33 ], [ -119, 33 ], [ -119, 33 ], [ -119, 33 ], [ -119, 33 ], [ -119, 33 ], [ -119, 33 ], [ -119, 33 ], [ -119, 33 ], [ -119, 33 ], [ -119, 33 ], [ -119, 33 ], [ -119, 33 ], [ -119, 33 ], [ -119, 33 ], [ -119, 33 ], [ -119, 33 ], [ -119, 33 ], [ -119, 33 ], [ -119, 33 ], [ -119, 33 ], [ -119, 33 ], [ -119, 33 ], [ -119, 33 ], [ -119, 33 ], [ -119, 33 ], [ -119, 33 ], [ -119, 33 ], [ -119, 33 ], [ -119, 33 ], [ -119, 33 ], [ -119, 33 ], [ -119, 33 ], [ -119, 33 ], [ -119, 33 ], [ -119, 33 ], [ -119, 33 ], [ -119, 33 ], [ -119, 33 ], [ -119, 33 ], [ -119, 33 ], [ -119, 33 ], [ -119, 33 ], [ -119, 33 ], [ -119, 33 ], [ -119, 33 ], [ -119, 33 ], [ -119, 33 ], [ -119, 33 ], [ -119, 33 ], [ -119, 33 ], [ -119, 33 ], [ -119, 33 ], [ -119, 33 ], [ -119, 33 ], [ -119, 33 ], [ -119, 33 ], [ -119, 33 ], [ -119, 33 ], [ -119, 33 ], [ -119, 33 ], [ -119, 33 ], [ -119, 33 ], [ -119, 33 ], [ -119, 33 ], [ -119, 33 ], [ -119, 33 ], [ -119, 33 ], [ -119, 33 ], [ -119, 33 ], [ -119, 33 ], [ -119, 33 ], [ -119, 33 ], [ -119, 33 ], [ -119, 33 ], [ -119, 33 ], [ -119, 33 ], [ -119, 33 ], [ -119, 33 ], [ -119, 33 ], [ -119, 33 ], [ -119, 33 ], [ -119, 33 ], [ -119, 33 ], [ -119, 33 ], [ -119, 33 ], [ -119, 33 ], [ -119, 33 ], [ -119, 33 ], [ -119, 33 ], [ -119, 33 ], [ -119, 33 ], [ -119, 33 ], [ -119, 33 ], [ -119, 33 ], [ -119, 33 ], [ -119, 33 ], [ -119, 33 ], [ -119, 33 ], [ -119, 33 ], [ -119, 33 ], [ -119, 33 ], [ -119, 33 ], [ -119, 33 ], [ -119, 33 ], [ -119, 33 ], [ -119, 33 ], [ -119, 33 ], [ -119, 33 ], [ -119, 33 ], [ -119, 33 ], [ -119, 33 ], [ -119, 33 ], [ -119, 33 ], [ -119, 33 ], [ -119, 33 ], [ -119, 33 ], [ -119, 33 ], [ -119, 33 ], [ -119, 33 ], [ -119, 33 ], [ -119, 33 ], [ -119, 33 ], [ -119, 33 ], [ -119, 33 ], [ -119, 33 ], [ -119, 33 ], [ -119, 33 ], [ -119, 33 ], [ -119, 33 ], [ -119, 33 ], [ -119, 33 ], [ -119, 33 ], [ -119, 33 ], [ -119, 33 ], [ -119, 33 ], [ -119, 33 ], [ -119, 33 ], [ -119, 33 ], [ -119, 33 ], [ -119, 33 ], [ -119, 33 ], [ -119, 33 ], [ -119, 33 ], [ -119, 33 ], [ -119, 33 ], [ -119, 33 ], [ -119, 33 ], [ -119, 33 ], [ -119, 33 ], [ -119, 33 ], [ -119, 33 ], [ -119, 33 ], [ -119, 33 ], [ -119, 33 ], [ -119, 33 ], [ -119, 33 ], [ -119, 33 ], [ -119, 33 ], [ -119, 33 ], [ -119, 33 ], [ -119, 33 ], [ -119, 33 ], [ -119, 33 ], [ -119, 33 ], [ -119, 33 ], [ -119, 33 ], [ -119, 33 ], [ -119, 33 ], [ -119, 33 ], [ -119, 33 ], [ -119, 33 ], [ -119, 33 ], [ -119, 33 ], [ -119, 33 ], [ -119, 33 ], [ -119, 33 ], [ -119, 33 ], [ -119, 33 ], [ -119, 33 ], [ -119, 33 ], [ -119, 33 ], [ -119, 33 ], [ -119, 33 ], [ -119, 33 ], [ -119, 33 ], [ -119, 33 ], [ -119, 33 ], [ -119, 33 ], [ -119, 33 ], [ -119, 33 ], [ -119, 33 ], [ -119, 33 ], [ -119, 33 ], [ -119, 33 ], [ -119, 33 ], [ -119, 33 ], [ -119, 33 ], [ -119, 33 ], [ -119, 33 ], [ -119, 33 ], [ -119, 33 ], [ -119, 33 ], [ -119, 33 ], [ -119, 33 ], [ -119, 33 ], [ -119, 33 ], [ -119, 33 ], [ -119, 33 ], [ -119, 33 ], [ -119, 33 ], [ -119, 33 ], [ -119, 33 ], [ -119, 33 ], [ -119, 33 ], [ -119, 33 ], [ -119, 33 ], [ -119, 33 ], [ -119, 33 ], [ -119, 33 ], [ -119, 33 ], [ -119, 33 ], [ -119, 33 ], [ -119, 33 ], [ -119, 33 ], [ -119, 33 ], [ -119, 33 ], [ -119, 33 ], [ -119, 33 ], [ -119, 33 ], [ -119, 33 ], [ -119, 33 ], [ -119, 33 ], [ -119, 33 ], [ -119, 33 ], [ -119, 33 ], [ -119, 33 ], [ -119, 33 ], [ -119, 33 ], [ -119, 33 ], [ -119, 33 ], [ -119, 33 ], [ -119, 33 ], [ -119, 33 ], [ -119, 33 ], [ -119, 33 ], [ -119, 33 ], [ -119, 33 ], [ -119, 33 ], [ -119, 33 ], [ -119, 33 ], [ -119, 33 ], [ -119, 33 ], [ -119, 33 ], [ -119, 33 ], [ -119, 33 ], [ -119, 33 ], [ -119, 33 ], [ -119, 33 ], [ -119, 33 ], [ -119, 33 ], [ -119, 33 ], [ -119, 33 ], [ -119, 33 ], [ -119, 33 ], [ -119, 33 ], [ -119, 33 ], [ -119, 33 ], [ -119, 33 ], [ -119, 33 ], [ -119, 33 ], [ -119, 33 ], [ -119, 33 ], [ -119, 33 ], [ -119, 33 ], [ -119, 33 ], [ -119, 33 ], [ -119, 33 ], [ -119, 33 ], [ -119, 33 ], [ -119, 33 ], [ -119, 33 ], [ -119, 33 ], [ -119, 33 ], [ -119, 33 ], [ -119, 33 ], [ -119, 33 ], [ -119, 33 ], [ -119, 33 ], [ -119, 33 ], [ -119, 33 ], [ -119, 33 ], [ -119, 33 ], [ -119, 33 ], [ -119, 33 ], [ -119, 33 ], [ -119, 33 ], [ -119, 33 ], [ -119, 33 ], [ -119, 33 ], [ -119, 33 ], [ -119, 33 ], [ -119, 33 ], [ -119, 33 ], [ -119, 33 ], [ -119, 33 ], [ -119, 33 ], [ -119, 33 ], [ -119, 33 ], [ -119, 33 ], [ -119, 33 ], [ -119, 33 ], [ -119, 33 ], [ -119, 33 ], [ -119, 33 ], [ -119, 33 ], [ -119, 33 ], [ -119, 33 ], [ -119, 33 ], [ -119, 33 ], [ -119, 33 ], [ -119, 33 ], [ -119, 33 ], [ -119, 33 ], [ -119, 33 ], [ -119, 33 ], [ -119, 33 ], [ -119, 33 ], [ -119, 33 ], [ -119, 33 ], [ -119, 33 ], [ -119, 33 ], [ -119, 33 ], [ -119, 33 ], [ -119, 33 ], [ -119, 33 ], [ -119, 33 ], [ -119, 33 ], [ -119, 33 ], [ -119, 33 ], [ -119, 33 ], [ -119, 33 ], [ -119, 33 ], [ -119, 33 ], [ -119, 33 ], [ -119, 33 ], [ -119, 33 ], [ -119, 33 ], [ -119, 33 ], [ -119, 33 ], [ -119, 33 ], [ -119, 33 ], [ -119, 33 ], [ -119, 33 ], [ -119, 33 ], [ -119, 33 ], [ -119, 33 ], [ -119, 33 ], [ -119, 33 ], [ -119, 33 ], [ -119, 33 ], [ -119, 33 ], [ -119, 33 ], [ -119, 33 ], [ -119, 33 ], [ -119, 33 ], [ -119, 33 ], [ -119, 33 ], [ -119, 33 ], [ -119, 33 ], [ -119, 33 ], [ -119, 33 ], [ -119, 33 ], [ -119, 33 ], [ -119, 33 ], [ -119, 33 ], [ -119, 33 ], [ -119, 33 ], [ -119, 33 ], [ -119, 33 ], [ -119, 33 ], [ -119, 33 ], [ -119, 33 ], [ -119, 33 ], [ -119, 33 ], [ -119, 33 ], [ -119, 33 ], [ -119, 33 ], [ -119, 33 ], [ -119, 33 ], [ -119, 33 ], [ -119, 33 ], [ -119, 33 ], [ -119, 33 ], [ -119, 33 ], [ -119, 33 ], [ -119, 33 ], [ -119, 33 ], [ -119, 33 ], [ -119, 33 ], [ -119, 33 ], [ -119, 33 ], [ -119, 33 ], [ -119, 33 ], [ -119, 33 ], [ -119, 33 ], [ -119, 33 ], [ -119, 33 ], [ -119, 33 ], [ -119, 33 ], [ -119, 33 ], [ -119, 33 ], [ -119, 33 ], [ -119, 33 ], [ -119, 33 ], [ -119, 33 ], [ -119, 33 ], [ -119, 33 ], [ -119, 33 ], [ -119, 33 ], [ -119, 33 ], [ -119, 33 ], [ -119, 33 ], [ -119, 33 ], [ -119, 33 ], [ -119, 33 ], [ -119, 33 ], [ -119, 33 ], [ -119, 33 ], [ -119, 33 ], [ -119, 33 ], [ -119, 33 ], [ -119, 33 ], [ -119, 33 ], [ -119, 33 ], [ -119, 33 ], [ -119, 33 ], [ -119, 33 ], [ -119, 33 ], [ -119, 33 ], [ -119, 33 ], [ -119, 33 ], [ -119, 33 ], [ -119, 33 ], [ -119, 33 ], [ -119, 33 ], [ -119, 33 ], [ -119, 33 ], [ -119, 33 ], [ -119, 33 ], [ -119, 33 ], [ -119, 33 ], [ -119, 33 ], [ -119, 33 ], [ -119, 33 ], [ -119, 33 ], [ -119, 33 ], [ -119, 33 ], [ -119, 33 ], [ -119, 33 ], [ -119, 33 ], [ -119, 33 ], [ -119, 33 ], [ -119, 33 ], [ -119, 33 ], [ -119, 33 ], [ -119, 33 ], [ -119, 33 ], [ -119, 33 ], [ -119, 33 ], [ -119, 33 ], [ -119, 33 ], [ -119, 33 ], [ -119, 33 ], [ -119, 33 ], [ -119, 33 ], [ -119, 33 ], [ -119, 33 ], [ -119, 33 ], [ -119, 33 ], [ -119, 33 ], [ -119, 33 ], [ -119, 33 ], [ -119, 33 ], [ -119, 33 ], [ -119, 33 ], [ -119, 33 ], [ -119, 33 ], [ -119, 33 ], [ -119, 33 ], [ -119, 33 ], [ -119, 33 ], [ -119, 33 ], [ -119, 33 ], [ -119, 33 ], [ -119, 33 ], [ -119, 33 ], [ -119, 33 ], [ -119, 33 ], [ -119, 33 ], [ -119, 33 ], [ -119, 33 ], [ -119, 33 ], [ -119, 33 ], [ -119, 33 ], [ -119, 33 ], [ -119, 33 ], [ -119, 33 ], [ -119, 33 ], [ -119, 33 ], [ -119, 33 ], [ -119, 33 ], [ -119, 33 ], [ -119, 33 ], [ -119, 33 ], [ -119, 33 ], [ -119, 33 ], [ -119, 33 ], [ -119, 33 ], [ -119, 33 ], [ -119, 33 ], [ -119, 33 ], [ -119, 33 ], [ -119, 33 ], [ -119, 33 ], [ -119, 33 ], [ -119, 33 ], [ -119, 33 ], [ -119, 33 ], [ -119, 33 ], [ -119, 33 ], [ -119, 33 ], [ -119, 33 ], [ -119, 33 ], [ -119, 33 ], [ -119, 33 ], [ -119, 33 ], [ -119, 33 ], [ -119, 33 ], [ -119, 33 ], [ -119, 33 ], [ -119, 33 ], [ -119, 33 ], [ -119, 33 ], [ -119, 33 ], [ -119, 33 ], [ -119, 33 ], [ -119, 33 ], [ -119, 33 ], [ -119, 33 ], [ -119, 33 ], [ -119, 33 ], [ -119, 33 ], [ -119, 33 ], [ -119, 33 ], [ -119, 33 ], [ -119, 33 ], [ -119, 33 ], [ -119, 33 ], [ -119, 33 ], [ -119, 33 ], [ -119, 33 ], [ -119, 33 ], [ -119, 33 ], [ -119, 33 ], [ -119, 33 ], [ -119, 33 ], [ -119, 33 ], [ -119, 33 ], [ -119, 33 ], [ -119, 33 ], [ -119, 33 ], [ -119, 33 ], [ -119, 33 ], [ -119, 33 ], [ -119, 33 ], [ -119, 33 ], [ -119, 33 ], [ -119, 33 ], [ -119, 33 ], [ -119, 33 ], [ -119, 33 ], [ -119, 33 ], [ -119, 33 ], [ -119, 33 ], [ -119, 33 ], [ -119, 33 ], [ -119, 33 ], [ -119, 33 ], [ -119, 33 ], [ -119, 33 ], [ -119, 33 ], [ -119, 33 ], [ -119, 33 ], [ -119, 33 ], [ -119, 33 ], [ -119, 33 ], [ -119, 33 ], [ -119, 33 ], [ -119, 33 ], [ -119, 33 ], [ -119, 33 ], [ -119, 33 ], [ -119, 33 ], [ -119, 33 ], [ -119, 33 ], [ -119, 33 ], [ -119, 33 ], [ -119, 33 ], [ -119, 33 ], [ -119, 33 ], [ -119, 33 ], [ -119, 33 ], [ -119, 33 ], [ -119, 33 ], [ -119, 33 ], [ -119, 33 ], [ -119, 33 ], [ -119, 33 ], [ -119, 33 ], [ -119, 33 ], [ -119, 33 ], [ -119, 33 ], [ -119, 33 ], [ -119, 33 ], [ -119, 33 ], [ -119, 33 ], [ -119, 33 ], [ -119, 33 ], [ -119, 33 ], [ -119, 33 ], [ -119, 33 ], [ -119, 33 ], [ -119, 33 ], [ -119, 33 ], [ -119, 33 ], [ -119, 33 ], [ -119, 33 ], [ -119, 33 ], [ -119, 33 ], [ -119, 33 ], [ -119, 33 ], [ -119, 33 ], [ -119, 33 ], [ -119, 33 ], [ -119, 33 ], [ -119, 33 ], [ -119, 33 ], [ -119, 33 ], [ -119, 33 ], [ -119, 33 ], [ -119, 33 ], [ -119, 33 ], [ -119, 33 ], [ -119, 33 ], [ -119, 33 ], [ -119, 33 ], [ -119, 33 ], [ -119, 33 ], [ -119, 33 ], [ -119, 33 ], [ -119, 33 ], [ -119, 33 ], [ -119, 33 ], [ -119, 33 ], [ -119, 33 ], [ -119, 33 ], [ -119, 33 ], [ -119, 33 ], [ -119, 33 ], [ -119, 33 ], [ -119, 33 ], [ -119, 33 ], [ -119, 33 ], [ -119, 33 ], [ -119, 33 ], [ -119, 33 ], [ -119, 33 ], [ -119, 33 ], [ -119, 33 ], [ -119, 33 ], [ -119, 33 ], [ -119, 33 ], [ -119, 33 ], [ -119, 33 ], [ -119, 33 ], [ -119, 33 ], [ -119, 33 ], [ -119, 33 ], [ -119, 33 ], [ -119, 33 ], [ -119, 33 ], [ -119, 33 ], [ -119, 33 ], [ -119, 33 ], [ -119, 33 ], [ -119, 33 ], [ -119, 33 ], [ -119, 33 ], [ -119, 33 ], [ -119, 33 ], [ -119, 33 ], [ -119, 33 ], [ -119, 33 ], [ -119, 33 ], [ -119, 33 ], [ -119, 33 ], [ -119, 33 ], [ -119, 33 ], [ -119, 33 ], [ -119, 33 ], [ -119, 33 ], [ -119, 33 ], [ -119, 33 ], [ -119, 33 ], [ -119, 33 ], [ -119, 33 ], [ -119, 33 ], [ -119, 33 ], [ -119, 33 ], [ -119, 33 ], [ -119, 33 ], [ -119, 33 ], [ -119, 33 ], [ -119, 33 ], [ -119, 33 ], [ -119, 33 ], [ -119, 33 ], [ -119, 33 ], [ -119, 33 ], [ -119, 33 ], [ -119, 33 ], [ -119, 33 ], [ -119, 33 ], [ -119, 33 ], [ -119, 33 ], [ -119, 33 ], [ -119, 33 ], [ -119, 33 ], [ -119, 33 ], [ -119, 33 ], [ -119, 33 ], [ -119, 33 ], [ -119, 33 ], [ -119, 33 ], [ -119, 33 ], [ -119, 33 ], [ -119, 33 ], [ -119, 33 ], [ -119, 33 ], [ -119, 33 ], [ -119, 33 ], [ -119, 33 ], [ -119, 33 ], [ -119, 33 ], [ -119, 33 ], [ -119, 33 ], [ -119, 33 ], [ -119, 33 ], [ -119, 33 ], [ -119, 33 ], [ -119, 33 ], [ -119, 33 ], [ -119, 33 ], [ -119, 33 ], [ -119, 33 ], [ -119, 33 ], [ -119, 33 ], [ -119, 33 ], [ -119, 33 ], [ -119, 33 ], [ -119, 33 ], [ -119, 33 ], [ -119, 33 ], [ -119, 33 ], [ -119, 33 ], [ -119, 33 ], [ -119, 33 ], [ -119, 33 ], [ -119, 33 ], [ -119, 33 ], [ -119, 33 ], [ -119, 33 ], [ -119, 33 ], [ -119, 33 ], [ -119, 33 ], [ -119, 33 ], [ -119, 33 ], [ -119, 33 ], [ -119, 33 ], [ -119, 33 ], [ -119, 33 ], [ -119, 33 ], [ -119, 33 ], [ -119, 33 ], [ -119, 33 ], [ -119, 33 ], [ -119, 33 ], [ -119, 33 ], [ -119, 33 ], [ -119, 33 ], [ -119, 33 ], [ -119, 33 ], [ -119, 33 ], [ -119, 33 ], [ -119, 33 ], [ -119, 33 ], [ -119, 33 ], [ -119, 33 ], [ -119, 33 ], [ -119, 33 ], [ -119, 33 ], [ -119, 33 ], [ -119, 33 ], [ -119, 33 ], [ -119, 33 ], [ -119, 33 ], [ -119, 33 ], [ -119, 33 ], [ -119, 33 ], [ -119, 33 ], [ -119, 33 ], [ -119, 33 ], [ -119, 33 ], [ -119, 33 ], [ -119, 33 ], [ -119, 33 ], [ -119, 33 ], [ -119, 33 ], [ -119, 33 ], [ -119, 33 ], [ -119, 33 ], [ -119, 33 ], [ -119, 33 ], [ -119, 33 ], [ -119, 33 ], [ -119, 33 ], [ -119, 33 ], [ -119, 33 ], [ -119, 33 ], [ -119, 33 ], [ -119, 33 ], [ -119, 33 ], [ -119, 33 ], [ -119, 33 ], [ -119, 33 ], [ -119, 33 ], [ -119, 33 ], [ -119, 33 ], [ -119, 33 ], [ -119, 33 ], [ -119, 33 ], [ -119, 33 ], [ -119, 33 ], [ -119, 33 ], [ -119, 33 ], [ -119, 33 ], [ -119, 33 ], [ -119, 33 ], [ -119, 33 ], [ -119, 33 ], [ -119, 33 ], [ -119, 33 ], [ -119, 33 ], [ -119, 33 ], [ -119, 33 ], [ -119, 33 ], [ -119, 33 ], [ -119, 33 ], [ -119, 33 ], [ -119, 33 ], [ -119, 33 ], [ -119, 33 ], [ -119, 33 ], [ -119, 33 ], [ -119, 33 ], [ -119, 33 ], [ -119, 33 ], [ -119, 33 ], [ -119, 33 ], [ -119, 33 ], [ -119, 33 ], [ -119, 33 ], [ -119, 33 ], [ -119, 33 ], [ -119, 33 ], [ -119, 33 ], [ -119, 33 ], [ -119, 33 ], [ -119, 33 ], [ -119, 33 ], [ -119, 33 ], [ -119, 33 ], [ -119, 33 ], [ -119, 33 ], [ -119, 33 ], [ -119, 33 ], [ -119, 33 ], [ -119, 33 ], [ -119, 33 ], [ -119, 33 ], [ -119, 33 ], [ -119, 33 ], [ -119, 33 ], [ -119, 33 ], [ -119, 33 ], [ -119, 33 ], [ -119, 33 ], [ -119, 33 ], [ -119, 33 ], [ -119, 33 ], [ -119, 33 ], [ -119, 33 ], [ -119, 33 ], [ -119, 33 ], [ -119, 33 ], [ -119, 33 ], [ -119, 33 ], [ -119, 33 ], [ -119, 33 ], [ -119, 33 ], [ -119, 33 ], [ -119, 33 ], [ -119, 33 ], [ -119, 33 ], [ -119, 33 ], [ -119, 33 ], [ -119, 33 ], [ -119, 33 ], [ -119, 33 ], [ -119, 33 ], [ -119, 33 ], [ -119, 33 ], [ -119, 33 ], [ -119, 33 ], [ -119, 33 ], [ -119, 33 ], [ -119, 33 ], [ -119, 33 ], [ -119, 33 ], [ -119, 33 ], [ -119, 33 ] ] ], [ [ [ -120, 33 ], [ -120, 33 ], [ -120, 33 ], [ -120, 33 ], [ -120, 33 ], [ -120, 33 ], [ -120, 33 ], [ -120, 33 ], [ -120, 33 ], [ -120, 33 ], [ -120, 33 ], [ -120, 33 ], [ -120, 33 ], [ -120, 33 ], [ -120, 33 ], [ -120, 33 ], [ -120, 33 ], [ -119, 33 ], [ -119, 33 ], [ -119, 33 ], [ -119, 33 ], [ -119, 33 ], [ -119, 33 ], [ -119, 33 ], [ -119, 33 ], [ -119, 33 ], [ -119, 33 ], [ -119, 33 ], [ -119, 33 ], [ -119, 33 ], [ -119, 33 ], [ -119, 33 ], [ -119, 33 ], [ -119, 33 ], [ -119, 33 ], [ -119, 33 ], [ -119, 33 ], [ -119, 33 ], [ -119, 33 ], [ -119, 33 ], [ -119, 33 ], [ -119, 33 ], [ -119, 33 ], [ -119, 33 ], [ -119, 33 ], [ -119, 33 ], [ -119, 33 ], [ -119, 33 ], [ -119, 33 ], [ -119, 33 ], [ -119, 33 ], [ -119, 33 ], [ -119, 33 ], [ -119, 33 ], [ -119, 33 ], [ -119, 33 ], [ -119, 33 ], [ -119, 33 ], [ -119, 33 ], [ -119, 33 ], [ -119, 33 ], [ -119, 33 ], [ -119, 33 ], [ -119, 33 ], [ -119, 33 ], [ -119, 33 ], [ -119, 33 ], [ -119, 33 ], [ -119, 33 ], [ -119, 33 ], [ -119, 33 ], [ -119, 33 ], [ -119, 33 ], [ -119, 33 ], [ -119, 33 ], [ -119, 33 ], [ -119, 33 ], [ -119, 33 ], [ -119, 33 ], [ -119, 33 ], [ -119, 33 ], [ -119, 33 ], [ -119, 33 ], [ -119, 33 ], [ -119, 33 ], [ -119, 33 ], [ -119, 33 ], [ -119, 33 ], [ -119, 33 ], [ -119, 33 ], [ -119, 33 ], [ -119, 33 ], [ -119, 33 ], [ -119, 33 ], [ -119, 33 ], [ -119, 33 ], [ -119, 33 ], [ -119, 33 ], [ -119, 33 ], [ -119, 33 ], [ -119, 33 ], [ -119, 33 ], [ -119, 33 ], [ -119, 33 ], [ -119, 33 ], [ -119, 33 ], [ -119, 33 ], [ -119, 33 ], [ -119, 33 ], [ -119, 33 ], [ -119, 33 ], [ -119, 33 ], [ -119, 33 ], [ -119, 33 ], [ -119, 33 ], [ -119, 33 ], [ -119, 33 ], [ -119, 33 ], [ -119, 33 ], [ -119, 33 ], [ -119, 33 ], [ -119, 33 ], [ -119, 33 ], [ -120, 33 ], [ -120, 33 ], [ -120, 33 ], [ -120, 33 ], [ -120, 33 ], [ -120, 33 ], [ -120, 33 ], [ -120, 33 ], [ -120, 33 ], [ -120, 33 ], [ -120, 33 ], [ -120, 33 ], [ -120, 33 ], [ -120, 33 ], [ -120, 33 ], [ -120, 33 ], [ -120, 33 ], [ -120, 33 ], [ -120, 33 ], [ -120, 33 ], [ -120, 33 ], [ -120, 33 ], [ -120, 33 ], [ -120, 33 ], [ -120, 33 ], [ -120, 33 ], [ -120, 33 ], [ -120, 33 ], [ -120, 33 ], [ -120, 33 ], [ -120, 33 ], [ -120, 33 ], [ -120, 33 ], [ -120, 33 ], [ -120, 33 ], [ -120, 33 ], [ -120, 33 ], [ -120, 33 ], [ -120, 33 ], [ -120, 33 ], [ -120, 33 ], [ -120, 33 ], [ -120, 33 ], [ -120, 33 ], [ -120, 33 ], [ -120, 33 ], [ -120, 33 ], [ -120, 33 ], [ -120, 33 ], [ -120, 33 ], [ -120, 33 ], [ -120, 33 ], [ -120, 33 ], [ -120, 33 ], [ -120, 33 ], [ -120, 33 ], [ -120, 33 ], [ -120, 33 ], [ -120, 33 ], [ -120, 33 ], [ -120, 33 ], [ -120, 33 ] ] ], [ [ [ -119, 33 ], [ -119, 33 ], [ -119, 33 ], [ -119, 33 ], [ -119, 33 ], [ -119, 33 ], [ -119, 33 ], [ -119, 33 ], [ -119, 33 ], [ -119, 33 ], [ -119, 33 ], [ -119, 33 ], [ -119, 33 ], [ -119, 33 ], [ -119, 33 ], [ -119, 33 ], [ -119, 33 ], [ -119, 33 ], [ -119, 33 ], [ -119, 33 ], [ -119, 33 ], [ -119, 33 ], [ -119, 33 ], [ -119, 33 ], [ -119, 33 ], [ -119, 33 ], [ -119, 33 ], [ -119, 33 ], [ -119, 33 ], [ -119, 33 ], [ -119, 33 ], [ -119, 33 ], [ -119, 33 ], [ -119, 33 ], [ -119, 33 ], [ -119, 33 ], [ -119, 33 ], [ -119, 33 ], [ -119, 33 ], [ -119, 33 ], [ -119, 33 ], [ -119, 33 ], [ -119, 33 ], [ -119, 33 ], [ -119, 33 ], [ -119, 33 ], [ -119, 33 ], [ -119, 33 ], [ -119, 33 ], [ -119, 33 ], [ -119, 33 ], [ -119, 33 ], [ -119, 33 ], [ -119, 33 ], [ -119, 33 ], [ -119, 33 ], [ -119, 33 ], [ -119, 33 ], [ -119, 33 ], [ -119, 33 ], [ -119, 33 ], [ -119, 33 ], [ -119, 33 ], [ -119, 33 ], [ -119, 33 ], [ -119, 33 ], [ -119, 33 ], [ -119, 33 ], [ -119, 33 ], [ -119, 33 ], [ -119, 33 ], [ -119, 33 ], [ -119, 33 ], [ -119, 33 ], [ -119, 33 ], [ -119, 33 ], [ -119, 33 ], [ -119, 33 ], [ -119, 33 ], [ -119, 33 ], [ -119, 33 ], [ -119, 33 ], [ -119, 33 ], [ -119, 33 ], [ -119, 33 ], [ -119, 33 ], [ -119, 33 ], [ -119, 33 ], [ -119, 33 ], [ -119, 33 ], [ -119, 33 ], [ -119, 33 ], [ -119, 33 ], [ -119, 33 ], [ -119, 33 ], [ -119, 33 ], [ -119, 33 ], [ -119, 33 ], [ -119, 33 ], [ -119, 33 ], [ -119, 33 ], [ -119, 33 ], [ -119, 33 ], [ -119, 33 ], [ -119, 33 ], [ -119, 33 ], [ -119, 33 ], [ -119, 33 ], [ -119, 33 ], [ -119, 33 ], [ -119, 33 ], [ -119, 33 ], [ -119, 33 ], [ -119, 33 ], [ -119, 33 ], [ -119, 33 ], [ -119, 33 ], [ -119, 33 ], [ -119, 33 ], [ -119, 33 ], [ -119, 33 ], [ -119, 33 ], [ -119, 33 ], [ -119, 33 ], [ -119, 33 ], [ -119, 33 ], [ -119, 33 ], [ -119, 33 ], [ -119, 33 ], [ -119, 33 ], [ -119, 33 ], [ -119, 33 ], [ -119, 33 ], [ -119, 33 ], [ -119, 33 ], [ -119, 33 ], [ -119, 33 ], [ -119, 33 ], [ -119, 33 ], [ -119, 33 ], [ -119, 33 ], [ -119, 33 ], [ -119, 33 ], [ -119, 33 ], [ -119, 33 ], [ -119, 33 ], [ -119, 33 ], [ -119, 33 ], [ -119, 33 ], [ -119, 33 ], [ -119, 33 ], [ -119, 33 ], [ -119, 33 ], [ -119, 33 ], [ -119, 33 ], [ -119, 33 ], [ -119, 33 ], [ -119, 33 ], [ -119, 33 ], [ -119, 33 ], [ -119, 33 ], [ -119, 33 ], [ -119, 33 ], [ -119, 33 ], [ -119, 33 ], [ -119, 33 ], [ -119, 33 ], [ -119, 33 ], [ -119, 33 ], [ -119, 33 ], [ -119, 33 ], [ -119, 33 ], [ -119, 33 ], [ -119, 33 ], [ -119, 33 ], [ -119, 33 ], [ -119, 33 ], [ -119, 33 ], [ -119, 33 ], [ -119, 33 ], [ -119, 33 ], [ -119, 33 ], [ -119, 33 ], [ -119, 33 ], [ -119, 33 ], [ -119, 33 ], [ -119, 33 ], [ -119, 33 ], [ -119, 33 ], [ -119, 33 ], [ -119, 33 ], [ -119, 33 ], [ -119, 33 ], [ -119, 33 ], [ -119, 33 ], [ -119, 33 ], [ -119, 33 ], [ -119, 33 ], [ -119, 33 ], [ -119, 33 ], [ -119, 33 ], [ -119, 33 ], [ -119, 33 ], [ -119, 33 ], [ -119, 33 ], [ -119, 33 ], [ -119, 33 ], [ -119, 33 ], [ -119, 33 ], [ -119, 33 ], [ -119, 33 ], [ -119, 33 ], [ -119, 33 ], [ -119, 33 ], [ -119, 33 ], [ -119, 33 ], [ -119, 33 ], [ -119, 33 ], [ -119, 33 ], [ -119, 33 ], [ -119, 33 ], [ -119, 33 ], [ -119, 33 ], [ -119, 33 ], [ -119, 33 ], [ -119, 33 ], [ -119, 33 ], [ -119, 33 ], [ -119, 33 ], [ -119, 33 ], [ -119, 33 ], [ -119, 33 ], [ -119, 33 ], [ -119, 33 ], [ -119, 33 ], [ -119, 33 ], [ -119, 33 ], [ -119, 33 ], [ -119, 33 ], [ -119, 33 ], [ -119, 33 ], [ -119, 33 ], [ -119, 33 ], [ -119, 33 ], [ -119, 33 ], [ -119, 33 ], [ -119, 33 ], [ -119, 33 ], [ -119, 33 ], [ -119, 33 ], [ -119, 33 ], [ -119, 33 ], [ -119, 33 ], [ -119, 33 ], [ -119, 33 ], [ -119, 33 ], [ -119, 33 ], [ -119, 33 ], [ -119, 33 ], [ -119, 33 ], [ -119, 33 ], [ -119, 33 ], [ -119, 33 ], [ -119, 33 ], [ -119, 33 ], [ -119, 33 ], [ -119, 33 ], [ -119, 33 ], [ -119, 33 ], [ -119, 33 ], [ -119, 33 ], [ -119, 33 ], [ -119, 33 ], [ -119, 33 ], [ -119, 33 ], [ -119, 33 ], [ -119, 33 ], [ -119, 33 ], [ -119, 33 ], [ -119, 33 ], [ -119, 33 ], [ -119, 33 ], [ -119, 33 ], [ -119, 33 ], [ -119, 33 ], [ -119, 33 ], [ -119, 33 ], [ -119, 33 ], [ -119, 33 ], [ -119, 33 ], [ -119, 33 ], [ -119, 33 ], [ -119, 33 ], [ -119, 33 ], [ -119, 33 ], [ -119, 33 ], [ -119, 33 ], [ -119, 33 ], [ -119, 33 ], [ -119, 33 ], [ -119, 33 ], [ -119, 33 ], [ -119, 33 ], [ -119, 33 ], [ -119, 33 ], [ -119, 33 ], [ -119, 33 ], [ -119, 33 ], [ -119, 33 ], [ -119, 33 ], [ -119, 33 ], [ -119, 33 ], [ -119, 33 ], [ -119, 33 ], [ -119, 33 ], [ -119, 33 ], [ -119, 33 ], [ -119, 33 ], [ -119, 33 ], [ -119, 33 ], [ -119, 33 ], [ -119, 33 ], [ -119, 33 ], [ -119, 33 ], [ -119, 33 ], [ -119, 33 ], [ -119, 33 ], [ -119, 33 ], [ -119, 33 ], [ -119, 33 ], [ -119, 33 ], [ -119, 33 ], [ -119, 33 ], [ -119, 33 ], [ -119, 33 ], [ -119, 33 ], [ -119, 33 ], [ -119, 33 ], [ -119, 33 ], [ -119, 33 ], [ -119, 33 ], [ -119, 33 ], [ -119, 33 ], [ -119, 33 ], [ -119, 33 ], [ -119, 33 ], [ -119, 33 ], [ -119, 33 ], [ -119, 33 ], [ -119, 33 ], [ -119, 33 ], [ -119, 33 ], [ -119, 33 ], [ -119, 33 ], [ -119, 33 ], [ -119, 33 ], [ -119, 33 ], [ -119, 33 ], [ -119, 33 ], [ -119, 33 ], [ -119, 33 ], [ -119, 33 ], [ -119, 33 ], [ -119, 33 ], [ -119, 33 ], [ -119, 33 ], [ -119, 33 ], [ -119, 33 ], [ -119, 33 ], [ -119, 33 ], [ -119, 33 ], [ -119, 33 ], [ -119, 33 ], [ -119, 33 ], [ -119, 33 ], [ -119, 33 ], [ -119, 33 ], [ -119, 33 ], [ -119, 33 ], [ -119, 33 ], [ -119, 33 ], [ -119, 33 ], [ -119, 33 ], [ -119, 33 ], [ -119, 33 ], [ -119, 33 ], [ -119, 33 ], [ -119, 33 ], [ -119, 33 ], [ -119, 33 ], [ -119, 33 ], [ -119, 33 ], [ -119, 33 ], [ -119, 33 ], [ -119, 33 ], [ -119, 33 ], [ -119, 33 ], [ -119, 33 ], [ -119, 33 ], [ -119, 33 ], [ -119, 33 ], [ -119, 33 ], [ -119, 33 ], [ -119, 33 ], [ -119, 33 ], [ -119, 33 ], [ -119, 33 ], [ -119, 33 ], [ -119, 33 ], [ -119, 33 ], [ -119, 33 ], [ -119, 33 ], [ -119, 33 ], [ -119, 33 ], [ -119, 33 ], [ -119, 33 ], [ -119, 33 ], [ -119, 33 ], [ -119, 33 ], [ -119, 33 ], [ -119, 33 ], [ -119, 33 ], [ -119, 33 ], [ -119, 33 ], [ -119, 33 ], [ -119, 33 ], [ -119, 33 ], [ -119, 33 ], [ -119, 33 ], [ -119, 33 ], [ -119, 33 ], [ -119, 33 ], [ -119, 33 ], [ -119, 33 ], [ -119, 33 ], [ -119, 33 ], [ -119, 33 ], [ -119, 33 ], [ -119, 33 ], [ -119, 33 ], [ -119, 33 ], [ -119, 33 ], [ -119, 33 ], [ -119, 33 ], [ -119, 33 ], [ -119, 33 ], [ -119, 33 ], [ -119, 33 ], [ -119, 33 ], [ -119, 33 ], [ -119, 33 ], [ -119, 33 ], [ -119, 33 ], [ -119, 33 ], [ -119, 33 ], [ -119, 33 ], [ -119, 33 ], [ -119, 33 ], [ -119, 33 ], [ -119, 33 ], [ -119, 33 ], [ -119, 33 ], [ -119, 33 ], [ -119, 33 ], [ -119, 33 ], [ -119, 33 ], [ -119, 33 ], [ -119, 33 ], [ -119, 33 ], [ -119, 33 ], [ -119, 33 ], [ -119, 33 ], [ -119, 33 ], [ -119, 33 ], [ -119, 33 ], [ -119, 33 ], [ -119, 33 ], [ -119, 33 ], [ -119, 33 ], [ -119, 33 ], [ -119, 33 ], [ -119, 33 ], [ -119, 33 ], [ -119, 33 ], [ -119, 33 ], [ -119, 33 ], [ -119, 33 ], [ -119, 33 ], [ -119, 33 ], [ -119, 33 ], [ -119, 33 ], [ -119, 33 ], [ -119, 33 ], [ -119, 33 ], [ -119, 33 ], [ -119, 33 ], [ -119, 33 ], [ -119, 33 ], [ -119, 33 ], [ -119, 33 ], [ -119, 33 ], [ -119, 33 ], [ -119, 33 ], [ -119, 33 ], [ -119, 33 ], [ -119, 33 ], [ -119, 33 ], [ -119, 33 ], [ -119, 33 ], [ -119, 33 ], [ -119, 33 ], [ -119, 33 ], [ -119, 33 ], [ -119, 33 ], [ -119, 33 ], [ -119, 33 ], [ -119, 33 ], [ -119, 33 ], [ -119, 33 ], [ -119, 33 ], [ -119, 33 ], [ -119, 33 ], [ -119, 33 ], [ -119, 33 ], [ -119, 33 ], [ -119, 33 ], [ -119, 33 ], [ -119, 33 ], [ -119, 33 ], [ -119, 33 ], [ -119, 33 ], [ -119, 33 ], [ -119, 33 ], [ -119, 33 ], [ -119, 33 ], [ -119, 33 ], [ -119, 33 ], [ -119, 33 ], [ -119, 33 ], [ -119, 33 ], [ -119, 33 ], [ -119, 33 ], [ -119, 33 ], [ -119, 33 ], [ -119, 33 ], [ -119, 33 ], [ -119, 33 ], [ -119, 33 ], [ -119, 33 ], [ -119, 33 ], [ -119, 33 ], [ -119, 33 ], [ -119, 33 ], [ -119, 33 ], [ -119, 33 ], [ -118, 33 ], [ -118, 33 ], [ -118, 33 ], [ -118, 33 ], [ -118, 33 ], [ -118, 33 ], [ -118, 33 ], [ -118, 33 ], [ -118, 33 ], [ -118, 33 ], [ -118, 33 ], [ -118, 33 ], [ -118, 33 ], [ -118, 33 ], [ -118, 33 ], [ -118, 33 ], [ -118, 33 ], [ -118, 33 ], [ -118, 33 ], [ -118, 33 ], [ -118, 33 ], [ -118, 33 ], [ -118, 33 ], [ -118, 33 ], [ -118, 33 ], [ -118, 33 ], [ -118, 33 ], [ -118, 33 ], [ -118, 33 ], [ -118, 33 ], [ -118, 33 ], [ -118, 33 ], [ -118, 33 ], [ -118, 33 ], [ -118, 33 ], [ -118, 33 ], [ -118, 33 ], [ -118, 33 ], [ -118, 33 ], [ -118, 33 ], [ -118, 33 ], [ -118, 33 ], [ -118, 33 ], [ -118, 33 ], [ -118, 33 ], [ -118, 33 ], [ -118, 33 ], [ -118, 33 ], [ -118, 33 ], [ -118, 33 ], [ -118, 33 ], [ -118, 33 ], [ -118, 33 ], [ -118, 33 ], [ -118, 33 ], [ -118, 33 ], [ -118, 33 ], [ -118, 33 ], [ -118, 33 ], [ -118, 33 ], [ -118, 33 ], [ -118, 33 ], [ -118, 33 ], [ -118, 33 ], [ -118, 33 ], [ -118, 33 ], [ -118, 33 ], [ -118, 33 ], [ -118, 33 ], [ -118, 33 ], [ -118, 33 ], [ -118, 33 ], [ -118, 33 ], [ -118, 33 ], [ -118, 33 ], [ -118, 33 ], [ -118, 33 ], [ -118, 33 ], [ -118, 33 ], [ -118, 33 ], [ -118, 33 ], [ -118, 33 ], [ -118, 33 ], [ -118, 33 ], [ -118, 33 ], [ -118, 33 ], [ -118, 33 ], [ -118, 33 ], [ -118, 33 ], [ -118, 33 ], [ -118, 33 ], [ -118, 33 ], [ -118, 33 ], [ -118, 33 ], [ -118, 33 ], [ -118, 33 ], [ -118, 33 ], [ -118, 33 ], [ -118, 33 ], [ -118, 33 ], [ -118, 33 ], [ -118, 33 ], [ -118, 33 ], [ -118, 33 ], [ -118, 33 ], [ -118, 33 ], [ -118, 33 ], [ -118, 33 ], [ -118, 33 ], [ -118, 33 ], [ -118, 33 ], [ -118, 33 ], [ -118, 33 ], [ -118, 33 ], [ -118, 33 ], [ -118, 33 ], [ -118, 33 ], [ -118, 33 ], [ -118, 33 ], [ -118, 33 ], [ -118, 33 ], [ -118, 33 ], [ -118, 33 ], [ -118, 33 ], [ -118, 33 ], [ -118, 33 ], [ -118, 33 ], [ -118, 33 ], [ -118, 33 ], [ -118, 33 ], [ -118, 33 ], [ -118, 33 ], [ -118, 33 ], [ -118, 33 ], [ -118, 33 ], [ -118, 33 ], [ -118, 33 ], [ -118, 33 ], [ -118, 33 ], [ -118, 33 ], [ -118, 33 ], [ -118, 33 ], [ -118, 33 ], [ -118, 33 ], [ -118, 33 ], [ -118, 33 ], [ -118, 33 ], [ -118, 33 ], [ -118, 33 ], [ -118, 33 ], [ -118, 33 ], [ -118, 33 ], [ -118, 33 ], [ -118, 33 ], [ -118, 33 ], [ -118, 33 ], [ -118, 33 ], [ -118, 33 ], [ -118, 33 ], [ -118, 33 ], [ -118, 33 ], [ -118, 33 ], [ -118, 33 ], [ -118, 33 ], [ -118, 33 ], [ -118, 33 ], [ -118, 33 ], [ -118, 33 ], [ -118, 33 ], [ -118, 33 ], [ -118, 33 ], [ -118, 33 ], [ -118, 33 ], [ -118, 33 ], [ -118, 33 ], [ -118, 33 ], [ -118, 33 ], [ -118, 33 ], [ -118, 33 ], [ -118, 33 ], [ -118, 33 ], [ -118, 33 ], [ -118, 33 ], [ -118, 33 ], [ -118, 33 ], [ -118, 33 ], [ -118, 33 ], [ -118, 33 ], [ -118, 33 ], [ -118, 33 ], [ -118, 33 ], [ -118, 33 ], [ -118, 33 ], [ -118, 33 ], [ -118, 33 ], [ -118, 33 ], [ -118, 33 ], [ -118, 33 ], [ -118, 33 ], [ -118, 33 ], [ -118, 33 ], [ -118, 33 ], [ -118, 33 ], [ -118, 33 ], [ -118, 33 ], [ -118, 33 ], [ -118, 33 ], [ -118, 33 ], [ -118, 33 ], [ -118, 33 ], [ -118, 33 ], [ -118, 33 ], [ -118, 33 ], [ -118, 33 ], [ -118, 33 ], [ -118, 33 ], [ -118, 33 ], [ -118, 33 ], [ -118, 33 ], [ -118, 33 ], [ -118, 33 ], [ -118, 33 ], [ -118, 33 ], [ -118, 33 ], [ -118, 33 ], [ -118, 33 ], [ -118, 33 ], [ -118, 33 ], [ -118, 33 ], [ -118, 33 ], [ -118, 33 ], [ -118, 33 ], [ -118, 33 ], [ -118, 33 ], [ -118, 33 ], [ -118, 33 ], [ -118, 33 ], [ -118, 33 ], [ -118, 33 ], [ -118, 33 ], [ -118, 33 ], [ -118, 33 ], [ -118, 33 ], [ -118, 33 ], [ -118, 33 ], [ -118, 33 ], [ -118, 33 ], [ -118, 33 ], [ -118, 33 ], [ -118, 33 ], [ -118, 33 ], [ -118, 33 ], [ -118, 33 ], [ -118, 33 ], [ -118, 33 ], [ -118, 33 ], [ -118, 33 ], [ -118, 33 ], [ -118, 33 ], [ -118, 33 ], [ -118, 33 ], [ -118, 33 ], [ -118, 33 ], [ -118, 33 ], [ -118, 33 ], [ -118, 33 ], [ -118, 33 ], [ -118, 33 ], [ -118, 33 ], [ -118, 33 ], [ -118, 33 ], [ -118, 33 ], [ -118, 33 ], [ -118, 33 ], [ -118, 33 ], [ -118, 33 ], [ -118, 33 ], [ -118, 33 ], [ -118, 33 ], [ -118, 33 ], [ -118, 33 ], [ -118, 33 ], [ -118, 33 ], [ -118, 33 ], [ -118, 33 ], [ -118, 33 ], [ -118, 33 ], [ -118, 33 ], [ -118, 33 ], [ -118, 33 ], [ -118, 33 ], [ -118, 33 ], [ -118, 33 ], [ -118, 33 ], [ -118, 33 ], [ -118, 33 ], [ -118, 33 ], [ -118, 33 ], [ -118, 33 ], [ -118, 33 ], [ -118, 33 ], [ -118, 33 ], [ -118, 33 ], [ -118, 33 ], [ -118, 33 ], [ -118, 33 ], [ -118, 33 ], [ -118, 33 ], [ -118, 33 ], [ -118, 33 ], [ -118, 33 ], [ -118, 33 ], [ -118, 33 ], [ -118, 33 ], [ -118, 33 ], [ -118, 33 ], [ -118, 33 ], [ -118, 33 ], [ -118, 33 ], [ -118, 33 ], [ -118, 33 ], [ -118, 33 ], [ -118, 33 ], [ -118, 33 ], [ -118, 33 ], [ -118, 33 ], [ -118, 33 ], [ -118, 33 ], [ -118, 33 ], [ -118, 33 ], [ -118, 33 ], [ -118, 33 ], [ -118, 33 ], [ -118, 33 ], [ -118, 33 ], [ -118, 33 ], [ -118, 33 ], [ -118, 33 ], [ -118, 33 ], [ -118, 33 ], [ -118, 33 ], [ -118, 33 ], [ -118, 33 ], [ -118, 33 ], [ -118, 33 ], [ -118, 33 ], [ -118, 33 ], [ -118, 33 ], [ -118, 33 ], [ -118, 33 ], [ -118, 33 ], [ -118, 33 ], [ -118, 33 ], [ -118, 33 ], [ -118, 33 ], [ -118, 33 ], [ -118, 33 ], [ -118, 33 ], [ -118, 33 ], [ -118, 33 ], [ -118, 33 ], [ -118, 33 ], [ -118, 33 ], [ -118, 33 ], [ -118, 33 ], [ -118, 33 ], [ -118, 33 ], [ -118, 33 ], [ -118, 33 ], [ -118, 33 ], [ -118, 33 ], [ -118, 33 ], [ -118, 33 ], [ -118, 33 ], [ -118, 33 ], [ -118, 33 ], [ -118, 33 ], [ -118, 33 ], [ -118, 33 ], [ -118, 33 ], [ -118, 33 ], [ -118, 33 ], [ -118, 33 ], [ -118, 33 ], [ -118, 33 ], [ -118, 33 ], [ -118, 33 ], [ -118, 33 ], [ -118, 33 ], [ -118, 33 ], [ -118, 33 ], [ -118, 33 ], [ -118, 33 ], [ -118, 33 ], [ -118, 33 ], [ -118, 33 ], [ -118, 33 ], [ -118, 33 ], [ -118, 33 ], [ -118, 33 ], [ -118, 33 ], [ -118, 33 ], [ -118, 33 ], [ -118, 33 ], [ -118, 33 ], [ -118, 33 ], [ -118, 33 ], [ -118, 33 ], [ -118, 33 ], [ -118, 33 ], [ -118, 33 ], [ -118, 33 ], [ -118, 33 ], [ -118, 33 ], [ -118, 33 ], [ -118, 33 ], [ -118, 33 ], [ -118, 33 ], [ -118, 33 ], [ -118, 33 ], [ -118, 33 ], [ -118, 33 ], [ -118, 33 ], [ -118, 33 ], [ -118, 33 ], [ -118, 33 ], [ -118, 33 ], [ -118, 33 ], [ -118, 33 ], [ -118, 33 ], [ -118, 33 ], [ -118, 33 ], [ -118, 33 ], [ -118, 33 ], [ -118, 33 ], [ -118, 33 ], [ -118, 33 ], [ -118, 33 ], [ -118, 33 ], [ -118, 33 ], [ -118, 33 ], [ -118, 33 ], [ -118, 33 ], [ -118, 33 ], [ -118, 33 ], [ -118, 33 ], [ -118, 33 ], [ -118, 33 ], [ -118, 33 ], [ -118, 33 ], [ -118, 33 ], [ -118, 33 ], [ -118, 33 ], [ -118, 33 ], [ -118, 33 ], [ -118, 33 ], [ -118, 33 ], [ -118, 33 ], [ -118, 33 ], [ -118, 33 ], [ -118, 33 ], [ -118, 33 ], [ -118, 33 ], [ -118, 33 ], [ -118, 33 ], [ -118, 33 ], [ -118, 33 ], [ -118, 33 ], [ -118, 33 ], [ -118, 33 ], [ -118, 33 ], [ -118, 33 ], [ -118, 33 ], [ -118, 33 ], [ -118, 33 ], [ -118, 33 ], [ -118, 33 ], [ -118, 33 ], [ -118, 33 ], [ -118, 33 ], [ -118, 33 ], [ -118, 33 ], [ -118, 33 ], [ -118, 33 ], [ -118, 33 ], [ -118, 33 ], [ -118, 33 ], [ -118, 33 ], [ -118, 33 ], [ -118, 33 ], [ -118, 33 ], [ -118, 33 ], [ -118, 33 ], [ -118, 33 ], [ -118, 33 ], [ -118, 33 ], [ -118, 33 ], [ -118, 33 ], [ -118, 33 ], [ -118, 33 ], [ -118, 33 ], [ -118, 33 ], [ -118, 33 ], [ -118, 33 ], [ -118, 33 ], [ -118, 33 ], [ -118, 33 ], [ -118, 33 ], [ -118, 33 ], [ -118, 33 ], [ -118, 33 ], [ -118, 33 ], [ -118, 33 ], [ -118, 33 ], [ -118, 33 ], [ -118, 33 ], [ -118, 33 ], [ -118, 33 ], [ -118, 33 ], [ -118, 33 ], [ -118, 33 ], [ -118, 33 ], [ -118, 33 ], [ -118, 33 ], [ -118, 33 ], [ -118, 33 ], [ -118, 33 ], [ -118, 33 ], [ -118, 33 ], [ -118, 33 ], [ -118, 33 ], [ -118, 33 ], [ -118, 33 ], [ -118, 33 ], [ -118, 33 ], [ -118, 33 ], [ -118, 33 ], [ -118, 33 ], [ -118, 33 ], [ -118, 33 ], [ -118, 33 ], [ -118, 33 ], [ -118, 33 ], [ -118, 33 ], [ -118, 33 ], [ -118, 33 ], [ -118, 33 ], [ -118, 33 ], [ -118, 33 ], [ -118, 33 ], [ -118, 33 ], [ -118, 33 ], [ -118, 33 ], [ -118, 33 ], [ -118, 33 ], [ -118, 33 ], [ -118, 33 ], [ -118, 33 ], [ -118, 33 ], [ -118, 33 ], [ -118, 33 ], [ -118, 33 ], [ -118, 33 ], [ -118, 33 ], [ -118, 33 ], [ -118, 33 ], [ -118, 33 ], [ -118, 33 ], [ -118, 33 ], [ -118, 33 ], [ -118, 33 ], [ -118, 33 ], [ -118, 33 ], [ -118, 33 ], [ -118, 33 ], [ -118, 33 ], [ -118, 33 ], [ -118, 33 ], [ -118, 33 ], [ -118, 33 ], [ -118, 33 ], [ -118, 33 ], [ -118, 33 ], [ -118, 33 ], [ -118, 33 ], [ -118, 33 ], [ -118, 33 ], [ -118, 33 ], [ -118, 33 ], [ -118, 33 ], [ -118, 33 ], [ -118, 33 ], [ -118, 33 ], [ -118, 33 ], [ -118, 33 ], [ -118, 33 ], [ -118, 33 ], [ -118, 33 ], [ -118, 33 ], [ -118, 33 ], [ -118, 33 ], [ -118, 33 ], [ -118, 33 ], [ -118, 33 ], [ -118, 33 ], [ -118, 33 ], [ -118, 33 ], [ -118, 33 ], [ -118, 33 ], [ -118, 33 ], [ -118, 33 ], [ -118, 33 ], [ -118, 33 ], [ -118, 33 ], [ -118, 33 ], [ -118, 33 ], [ -118, 33 ], [ -118, 33 ], [ -118, 33 ], [ -118, 33 ], [ -118, 33 ], [ -118, 33 ], [ -118, 33 ], [ -118, 33 ], [ -118, 33 ], [ -118, 33 ], [ -118, 33 ], [ -118, 33 ], [ -118, 33 ], [ -118, 33 ], [ -118, 33 ], [ -118, 33 ], [ -118, 33 ], [ -118, 33 ], [ -118, 33 ], [ -118, 33 ], [ -118, 33 ], [ -118, 33 ], [ -118, 33 ], [ -118, 33 ], [ -118, 33 ], [ -118, 33 ], [ -118, 33 ], [ -118, 33 ], [ -118, 33 ], [ -118, 33 ], [ -118, 33 ], [ -118, 33 ], [ -118, 33 ], [ -118, 33 ], [ -118, 33 ], [ -118, 33 ], [ -118, 33 ], [ -118, 33 ], [ -118, 33 ], [ -118, 33 ], [ -118, 33 ], [ -118, 33 ], [ -118, 33 ], [ -118, 33 ], [ -118, 33 ], [ -118, 33 ], [ -118, 33 ], [ -118, 33 ], [ -118, 33 ], [ -118, 33 ], [ -118, 33 ], [ -118, 33 ], [ -118, 33 ], [ -118, 33 ], [ -118, 33 ], [ -118, 33 ], [ -118, 33 ], [ -118, 33 ], [ -118, 33 ], [ -118, 33 ], [ -118, 33 ], [ -118, 33 ], [ -118, 33 ], [ -118, 33 ], [ -118, 33 ], [ -118, 33 ], [ -118, 33 ], [ -118, 33 ], [ -118, 33 ], [ -118, 33 ], [ -118, 33 ], [ -118, 33 ], [ -118, 33 ], [ -118, 33 ], [ -118, 33 ], [ -118, 33 ], [ -118, 33 ], [ -118, 33 ], [ -118, 33 ], [ -118, 33 ], [ -118, 33 ], [ -118, 33 ], [ -118, 33 ], [ -118, 33 ], [ -118, 33 ], [ -118, 33 ], [ -118, 33 ], [ -118, 33 ], [ -118, 33 ], [ -118, 33 ], [ -118, 33 ], [ -118, 33 ], [ -118, 33 ], [ -118, 33 ], [ -118, 33 ], [ -118, 33 ], [ -118, 33 ], [ -118, 33 ], [ -118, 33 ], [ -118, 33 ], [ -118, 33 ], [ -118, 33 ], [ -118, 33 ], [ -118, 33 ], [ -118, 33 ], [ -118, 33 ], [ -118, 33 ], [ -118, 33 ], [ -118, 33 ], [ -118, 33 ], [ -118, 33 ], [ -118, 33 ], [ -118, 33 ], [ -118, 33 ], [ -118, 33 ], [ -118, 33 ], [ -118, 33 ], [ -118, 33 ], [ -118, 33 ], [ -118, 33 ], [ -118, 33 ], [ -118, 33 ], [ -118, 33 ], [ -118, 33 ], [ -118, 33 ], [ -118, 33 ], [ -118, 33 ], [ -118, 33 ], [ -118, 33 ], [ -118, 33 ], [ -118, 33 ], [ -118, 33 ], [ -118, 33 ], [ -118, 33 ], [ -118, 33 ], [ -118, 33 ], [ -118, 33 ], [ -118, 33 ], [ -118, 33 ], [ -118, 33 ], [ -118, 33 ], [ -118, 33 ], [ -118, 33 ], [ -118, 33 ], [ -118, 33 ], [ -118, 33 ], [ -118, 33 ], [ -118, 33 ], [ -118, 33 ], [ -118, 33 ], [ -118, 33 ], [ -118, 33 ], [ -118, 33 ], [ -118, 33 ], [ -118, 33 ], [ -118, 33 ], [ -118, 33 ], [ -118, 33 ], [ -118, 33 ], [ -118, 33 ], [ -118, 33 ], [ -118, 33 ], [ -118, 33 ], [ -118, 33 ], [ -118, 33 ], [ -118, 33 ], [ -118, 33 ], [ -118, 33 ], [ -118, 33 ], [ -118, 33 ], [ -118, 33 ], [ -118, 33 ], [ -118, 33 ], [ -118, 33 ], [ -118, 33 ], [ -118, 33 ], [ -118, 33 ], [ -118, 33 ], [ -118, 33 ], [ -118, 33 ], [ -118, 33 ], [ -118, 33 ], [ -118, 33 ], [ -118, 33 ], [ -118, 33 ], [ -118, 33 ], [ -118, 33 ], [ -118, 33 ], [ -118, 33 ], [ -118, 33 ], [ -118, 33 ], [ -118, 33 ], [ -118, 33 ], [ -118, 33 ], [ -118, 33 ], [ -118, 33 ], [ -118, 33 ], [ -118, 33 ], [ -118, 33 ], [ -118, 33 ], [ -118, 33 ], [ -118, 33 ], [ -118, 33 ], [ -118, 33 ], [ -118, 33 ], [ -118, 33 ], [ -118, 33 ], [ -118, 33 ], [ -118, 33 ], [ -118, 33 ], [ -118, 33 ], [ -118, 33 ], [ -118, 33 ], [ -118, 33 ], [ -118, 33 ], [ -118, 33 ], [ -118, 33 ], [ -118, 33 ], [ -118, 33 ], [ -118, 33 ], [ -118, 33 ], [ -118, 33 ], [ -118, 33 ], [ -118, 33 ], [ -118, 33 ], [ -118, 33 ], [ -118, 33 ], [ -118, 33 ], [ -118, 33 ], [ -118, 33 ], [ -118, 33 ], [ -118, 33 ], [ -118, 33 ], [ -118, 33 ], [ -118, 33 ], [ -118, 33 ], [ -118, 33 ], [ -118, 33 ], [ -118, 33 ], [ -118, 33 ], [ -118, 33 ], [ -118, 33 ], [ -118, 33 ], [ -118, 33 ], [ -118, 33 ], [ -118, 33 ], [ -118, 33 ], [ -118, 33 ], [ -118, 33 ], [ -118, 33 ], [ -118, 33 ], [ -118, 33 ], [ -118, 33 ], [ -118, 33 ], [ -118, 33 ], [ -118, 33 ], [ -118, 33 ], [ -118, 33 ], [ -118, 33 ], [ -118, 33 ], [ -118, 33 ], [ -118, 33 ], [ -118, 33 ], [ -118, 33 ], [ -118, 33 ], [ -118, 33 ], [ -118, 33 ], [ -118, 33 ], [ -118, 33 ], [ -118, 33 ], [ -118, 33 ], [ -118, 33 ], [ -118, 33 ], [ -118, 33 ], [ -118, 33 ], [ -118, 33 ], [ -118, 33 ], [ -118, 33 ], [ -118, 33 ], [ -118, 33 ], [ -118, 33 ], [ -118, 33 ], [ -118, 33 ], [ -118, 33 ], [ -118, 33 ], [ -118, 33 ], [ -118, 33 ], [ -118, 33 ], [ -118, 33 ], [ -118, 33 ], [ -118, 33 ], [ -118, 33 ], [ -118, 33 ], [ -118, 33 ], [ -118, 33 ], [ -118, 33 ], [ -118, 33 ], [ -118, 33 ], [ -118, 33 ], [ -118, 33 ], [ -118, 33 ], [ -118, 33 ], [ -118, 33 ], [ -118, 33 ], [ -118, 33 ], [ -118, 33 ], [ -118, 33 ], [ -118, 33 ], [ -118, 33 ], [ -118, 33 ], [ -118, 33 ], [ -118, 33 ], [ -118, 33 ], [ -118, 33 ], [ -118, 33 ], [ -118, 33 ], [ -118, 33 ], [ -118, 33 ], [ -118, 33 ], [ -118, 33 ], [ -118, 33 ], [ -118, 33 ], [ -118, 33 ], [ -118, 33 ], [ -118, 33 ], [ -118, 33 ], [ -118, 33 ], [ -118, 33 ], [ -118, 33 ], [ -118, 33 ], [ -118, 33 ], [ -118, 33 ], [ -118, 33 ], [ -118, 33 ], [ -118, 33 ], [ -118, 33 ], [ -118, 33 ], [ -118, 33 ], [ -118, 33 ], [ -118, 33 ], [ -118, 33 ], [ -118, 33 ], [ -118, 33 ], [ -118, 33 ], [ -118, 33 ], [ -118, 33 ], [ -118, 33 ], [ -118, 33 ], [ -118, 33 ], [ -118, 33 ], [ -118, 33 ], [ -118, 33 ], [ -118, 33 ], [ -118, 33 ], [ -118, 33 ], [ -118, 33 ], [ -118, 33 ], [ -118, 33 ], [ -118, 33 ], [ -118, 33 ], [ -118, 33 ], [ -118, 33 ], [ -118, 33 ], [ -118, 33 ], [ -118, 33 ], [ -118, 33 ], [ -118, 33 ], [ -118, 33 ], [ -118, 33 ], [ -118, 33 ], [ -118, 33 ], [ -118, 33 ], [ -118, 33 ], [ -118, 33 ], [ -118, 33 ], [ -118, 33 ], [ -118, 33 ], [ -118, 33 ], [ -118, 33 ], [ -118, 33 ], [ -118, 33 ], [ -118, 33 ], [ -118, 33 ], [ -118, 33 ], [ -118, 33 ], [ -118, 33 ], [ -118, 33 ], [ -118, 33 ], [ -118, 33 ], [ -118, 33 ], [ -118, 33 ], [ -118, 33 ], [ -118, 33 ], [ -118, 33 ], [ -118, 33 ], [ -118, 33 ], [ -118, 33 ], [ -118, 33 ], [ -118, 33 ], [ -118, 33 ], [ -118, 33 ], [ -118, 33 ], [ -118, 33 ], [ -118, 33 ], [ -118, 33 ], [ -118, 33 ], [ -118, 33 ], [ -118, 33 ], [ -118, 33 ], [ -118, 33 ], [ -118, 33 ], [ -118, 33 ], [ -118, 33 ], [ -118, 33 ], [ -118, 33 ], [ -118, 33 ], [ -118, 33 ], [ -118, 33 ], [ -118, 33 ], [ -118, 33 ], [ -118, 33 ], [ -118, 33 ], [ -118, 33 ], [ -118, 33 ], [ -118, 33 ], [ -118, 33 ], [ -118, 33 ], [ -118, 33 ], [ -118, 33 ], [ -118, 33 ], [ -118, 33 ], [ -118, 33 ], [ -118, 33 ], [ -118, 33 ], [ -118, 33 ], [ -118, 33 ], [ -118, 33 ], [ -118, 33 ], [ -118, 33 ], [ -118, 33 ], [ -118, 33 ], [ -118, 33 ], [ -118, 33 ], [ -118, 33 ], [ -118, 33 ], [ -118, 33 ], [ -118, 33 ], [ -118, 33 ], [ -118, 33 ], [ -118, 33 ], [ -118, 33 ], [ -118, 33 ], [ -118, 33 ], [ -118, 33 ], [ -118, 33 ], [ -118, 33 ], [ -118, 33 ], [ -118, 33 ], [ -118, 33 ], [ -118, 33 ], [ -118, 33 ], [ -118, 33 ], [ -118, 33 ], [ -118, 33 ], [ -118, 33 ], [ -118, 33 ], [ -118, 33 ], [ -118, 33 ], [ -118, 33 ], [ -118, 33 ], [ -118, 33 ], [ -118, 33 ], [ -118, 33 ], [ -118, 33 ], [ -118, 33 ], [ -118, 33 ], [ -118, 33 ], [ -118, 33 ], [ -118, 33 ], [ -118, 33 ], [ -118, 33 ], [ -118, 33 ], [ -118, 33 ], [ -118, 33 ], [ -118, 33 ], [ -118, 33 ], [ -118, 33 ], [ -118, 33 ], [ -118, 33 ], [ -118, 33 ], [ -118, 33 ], [ -118, 33 ], [ -118, 33 ], [ -118, 33 ], [ -118, 33 ], [ -118, 33 ], [ -118, 33 ], [ -118, 33 ], [ -118, 33 ], [ -118, 33 ], [ -118, 33 ], [ -118, 33 ], [ -118, 33 ], [ -118, 33 ], [ -118, 33 ], [ -118, 33 ], [ -118, 33 ], [ -118, 33 ], [ -118, 33 ], [ -118, 33 ], [ -118, 33 ], [ -118, 33 ], [ -118, 33 ], [ -118, 33 ], [ -118, 33 ], [ -118, 33 ], [ -118, 33 ], [ -118, 33 ], [ -118, 33 ], [ -118, 33 ], [ -118, 33 ], [ -118, 33 ], [ -118, 33 ], [ -118, 33 ], [ -118, 33 ], [ -118, 33 ], [ -118, 33 ], [ -118, 33 ], [ -118, 33 ], [ -118, 33 ], [ -118, 33 ], [ -118, 33 ], [ -118, 33 ], [ -118, 33 ], [ -118, 33 ], [ -118, 33 ], [ -118, 33 ], [ -118, 33 ], [ -118, 33 ], [ -118, 33 ], [ -118, 33 ], [ -118, 33 ], [ -118, 33 ], [ -118, 33 ], [ -118, 33 ], [ -118, 33 ], [ -118, 33 ], [ -118, 33 ], [ -118, 33 ], [ -118, 33 ], [ -118, 33 ], [ -118, 33 ], [ -118, 33 ], [ -118, 33 ], [ -118, 33 ], [ -118, 33 ], [ -118, 33 ], [ -118, 33 ], [ -118, 33 ], [ -118, 33 ], [ -118, 33 ], [ -118, 33 ], [ -118, 33 ], [ -118, 33 ], [ -118, 33 ], [ -118, 33 ], [ -118, 33 ], [ -118, 33 ], [ -118, 33 ], [ -118, 33 ], [ -118, 33 ], [ -118, 33 ], [ -118, 33 ], [ -118, 33 ], [ -118, 33 ], [ -118, 33 ], [ -118, 33 ], [ -118, 33 ], [ -118, 33 ], [ -118, 33 ], [ -118, 33 ], [ -118, 33 ], [ -118, 33 ], [ -118, 33 ], [ -118, 33 ], [ -118, 33 ], [ -118, 33 ], [ -118, 33 ], [ -118, 33 ], [ -118, 33 ], [ -118, 33 ], [ -118, 33 ], [ -118, 33 ], [ -118, 33 ], [ -118, 33 ], [ -118, 33 ], [ -118, 33 ], [ -118, 33 ], [ -118, 33 ], [ -118, 33 ], [ -118, 33 ], [ -118, 33 ], [ -118, 33 ], [ -118, 33 ], [ -118, 33 ], [ -118, 33 ], [ -118, 33 ], [ -118, 33 ], [ -118, 33 ], [ -118, 33 ], [ -118, 33 ], [ -118, 33 ], [ -118, 33 ], [ -118, 33 ], [ -118, 33 ], [ -118, 33 ], [ -118, 33 ], [ -118, 33 ], [ -118, 33 ], [ -118, 33 ], [ -118, 33 ], [ -118, 33 ], [ -118, 33 ], [ -118, 33 ], [ -118, 33 ], [ -118, 33 ], [ -118, 33 ], [ -118, 33 ], [ -118, 33 ], [ -118, 33 ], [ -118, 33 ], [ -118, 33 ], [ -118, 33 ], [ -118, 33 ], [ -118, 33 ], [ -118, 33 ], [ -118, 33 ], [ -118, 33 ], [ -118, 33 ], [ -118, 33 ], [ -118, 33 ], [ -118, 33 ], [ -118, 33 ], [ -118, 33 ], [ -118, 33 ], [ -118, 33 ], [ -118, 33 ], [ -118, 33 ], [ -118, 33 ], [ -118, 33 ], [ -118, 33 ], [ -118, 33 ], [ -118, 33 ], [ -118, 33 ], [ -118, 33 ], [ -118, 33 ], [ -118, 33 ], [ -118, 33 ], [ -118, 33 ], [ -118, 33 ], [ -118, 33 ], [ -118, 33 ], [ -118, 33 ], [ -118, 33 ], [ -118, 33 ], [ -118, 33 ], [ -118, 33 ], [ -118, 33 ], [ -118, 33 ], [ -118, 33 ], [ -118, 33 ], [ -118, 33 ], [ -118, 33 ], [ -118, 33 ], [ -118, 33 ], [ -118, 33 ], [ -118, 33 ], [ -118, 33 ], [ -118, 33 ], [ -118, 33 ], [ -118, 33 ], [ -118, 33 ], [ -118, 33 ], [ -118, 33 ], [ -118, 33 ], [ -118, 33 ], [ -118, 33 ], [ -118, 33 ], [ -118, 33 ], [ -118, 33 ], [ -118, 33 ], [ -118, 33 ], [ -118, 33 ], [ -118, 33 ], [ -118, 33 ], [ -118, 33 ], [ -118, 33 ], [ -118, 33 ], [ -118, 33 ], [ -118, 33 ], [ -118, 33 ], [ -118, 33 ], [ -118, 33 ], [ -118, 33 ], [ -118, 33 ], [ -118, 33 ], [ -118, 33 ], [ -118, 33 ], [ -118, 33 ], [ -118, 33 ], [ -118, 33 ], [ -118, 33 ], [ -118, 33 ], [ -118, 33 ], [ -118, 33 ], [ -118, 33 ], [ -118, 33 ], [ -118, 33 ], [ -118, 33 ], [ -118, 33 ], [ -118, 33 ], [ -118, 33 ], [ -118, 33 ], [ -118, 33 ], [ -118, 33 ], [ -118, 33 ], [ -118, 33 ], [ -118, 33 ], [ -118, 33 ], [ -118, 33 ], [ -118, 33 ], [ -118, 33 ], [ -118, 33 ], [ -118, 33 ], [ -118, 33 ], [ -118, 33 ], [ -118, 33 ], [ -118, 33 ], [ -118, 33 ], [ -118, 33 ], [ -118, 33 ], [ -118, 33 ], [ -118, 33 ], [ -118, 33 ], [ -118, 33 ], [ -118, 33 ], [ -118, 33 ], [ -118, 33 ], [ -118, 33 ], [ -118, 33 ], [ -118, 33 ], [ -118, 33 ], [ -118, 33 ], [ -118, 33 ], [ -118, 33 ], [ -118, 33 ], [ -118, 33 ], [ -118, 33 ], [ -118, 33 ], [ -118, 33 ], [ -118, 33 ], [ -118, 33 ], [ -118, 33 ], [ -118, 33 ], [ -118, 33 ], [ -118, 33 ], [ -118, 33 ], [ -118, 33 ], [ -118, 33 ], [ -118, 33 ], [ -118, 33 ], [ -118, 33 ], [ -118, 33 ], [ -118, 33 ], [ -118, 33 ], [ -118, 33 ], [ -118, 33 ], [ -118, 33 ], [ -118, 33 ], [ -118, 33 ], [ -118, 33 ], [ -118, 33 ], [ -118, 33 ], [ -118, 33 ], [ -118, 33 ], [ -118, 33 ], [ -118, 33 ], [ -118, 33 ], [ -118, 33 ], [ -118, 33 ], [ -118, 33 ], [ -118, 33 ], [ -118, 33 ], [ -118, 33 ], [ -118, 33 ], [ -118, 33 ], [ -118, 33 ], [ -118, 33 ], [ -118, 33 ], [ -118, 33 ], [ -118, 33 ], [ -118, 33 ], [ -118, 33 ], [ -118, 33 ], [ -118, 33 ], [ -118, 33 ], [ -118, 33 ], [ -118, 33 ], [ -118, 33 ], [ -118, 33 ], [ -118, 33 ], [ -118, 33 ], [ -118, 33 ], [ -118, 33 ], [ -118, 33 ], [ -118, 33 ], [ -118, 33 ], [ -118, 33 ], [ -118, 33 ], [ -118, 33 ], [ -118, 33 ], [ -118, 33 ], [ -118, 33 ], [ -118, 33 ], [ -118, 33 ], [ -118, 33 ], [ -118, 33 ], [ -118, 33 ], [ -118, 33 ], [ -118, 33 ], [ -118, 33 ], [ -118, 33 ], [ -118, 33 ], [ -118, 33 ], [ -118, 33 ], [ -118, 33 ], [ -118, 33 ], [ -118, 33 ], [ -118, 33 ], [ -118, 33 ], [ -118, 33 ], [ -118, 33 ], [ -118, 33 ], [ -118, 33 ], [ -118, 33 ], [ -118, 33 ], [ -118, 33 ], [ -118, 33 ], [ -118, 33 ], [ -118, 33 ], [ -118, 33 ], [ -118, 33 ], [ -118, 33 ], [ -118, 33 ], [ -118, 33 ], [ -118, 33 ], [ -118, 33 ], [ -118, 33 ], [ -118, 33 ], [ -118, 33 ], [ -118, 33 ], [ -118, 33 ], [ -118, 33 ], [ -118, 33 ], [ -118, 33 ], [ -118, 33 ], [ -118, 33 ], [ -118, 33 ], [ -118, 33 ], [ -118, 33 ], [ -118, 33 ], [ -118, 33 ], [ -118, 33 ], [ -118, 33 ], [ -118, 33 ], [ -118, 33 ], [ -118, 33 ], [ -118, 33 ], [ -118, 33 ], [ -118, 33 ], [ -118, 33 ], [ -118, 33 ], [ -118, 33 ], [ -118, 33 ], [ -118, 33 ], [ -118, 33 ], [ -118, 33 ], [ -118, 33 ], [ -118, 33 ], [ -118, 33 ], [ -118, 33 ], [ -118, 33 ], [ -118, 33 ], [ -118, 33 ], [ -118, 33 ], [ -118, 33 ], [ -118, 33 ], [ -118, 33 ], [ -118, 33 ], [ -118, 33 ], [ -118, 33 ], [ -118, 33 ], [ -118, 33 ], [ -118, 33 ], [ -118, 33 ], [ -118, 33 ], [ -118, 33 ], [ -118, 33 ], [ -118, 33 ], [ -118, 33 ], [ -118, 33 ], [ -118, 33 ], [ -118, 33 ], [ -118, 33 ], [ -118, 33 ], [ -118, 33 ], [ -118, 33 ], [ -118, 33 ], [ -118, 33 ], [ -118, 33 ], [ -118, 33 ], [ -118, 33 ], [ -118, 33 ], [ -118, 33 ], [ -118, 33 ], [ -118, 33 ], [ -118, 33 ], [ -118, 33 ], [ -118, 33 ], [ -118, 33 ], [ -118, 33 ], [ -118, 33 ], [ -118, 33 ], [ -118, 33 ], [ -118, 33 ], [ -118, 33 ], [ -118, 33 ], [ -118, 33 ], [ -118, 33 ], [ -118, 33 ], [ -118, 33 ], [ -118, 33 ], [ -118, 33 ], [ -118, 33 ], [ -118, 33 ], [ -118, 33 ], [ -118, 33 ], [ -118, 33 ], [ -118, 33 ], [ -118, 33 ], [ -118, 33 ], [ -118, 33 ], [ -118, 33 ], [ -118, 33 ], [ -118, 33 ], [ -118, 33 ], [ -118, 33 ], [ -118, 33 ], [ -118, 33 ], [ -118, 33 ], [ -118, 33 ], [ -118, 33 ], [ -118, 33 ], [ -118, 33 ], [ -118, 33 ], [ -118, 33 ], [ -118, 33 ], [ -118, 33 ], [ -118, 33 ], [ -118, 33 ], [ -118, 33 ], [ -118, 33 ], [ -118, 33 ], [ -118, 33 ], [ -118, 33 ], [ -118, 33 ], [ -118, 33 ], [ -118, 33 ], [ -118, 33 ], [ -118, 33 ], [ -118, 33 ], [ -118, 33 ], [ -118, 33 ], [ -118, 33 ], [ -118, 33 ], [ -118, 33 ], [ -118, 33 ], [ -118, 33 ], [ -118, 33 ], [ -118, 33 ], [ -118, 33 ], [ -118, 33 ], [ -118, 33 ], [ -118, 33 ], [ -118, 33 ], [ -118, 33 ], [ -118, 33 ], [ -118, 33 ], [ -118, 33 ], [ -118, 33 ], [ -118, 33 ], [ -118, 33 ], [ -118, 33 ], [ -118, 33 ], [ -118, 33 ], [ -118, 33 ], [ -118, 33 ], [ -118, 33 ], [ -118, 33 ], [ -118, 33 ], [ -118, 33 ], [ -118, 33 ], [ -118, 33 ], [ -118, 33 ], [ -118, 33 ], [ -118, 33 ], [ -118, 33 ], [ -118, 33 ], [ -118, 33 ], [ -118, 33 ], [ -118, 33 ], [ -118, 33 ], [ -118, 33 ], [ -118, 33 ], [ -118, 33 ], [ -118, 33 ], [ -118, 33 ], [ -118, 33 ], [ -118, 33 ], [ -118, 33 ], [ -118, 33 ], [ -118, 33 ], [ -118, 33 ], [ -118, 33 ], [ -118, 33 ], [ -118, 33 ], [ -118, 33 ], [ -118, 33 ], [ -118, 33 ], [ -118, 33 ], [ -118, 33 ], [ -118, 33 ], [ -118, 33 ], [ -118, 33 ], [ -118, 33 ], [ -118, 33 ], [ -118, 33 ], [ -118, 33 ], [ -118, 33 ], [ -118, 33 ], [ -118, 33 ], [ -118, 33 ], [ -118, 33 ], [ -118, 33 ], [ -118, 33 ], [ -118, 33 ], [ -118, 33 ], [ -118, 33 ], [ -118, 33 ], [ -118, 33 ], [ -118, 33 ], [ -118, 33 ], [ -118, 33 ], [ -118, 33 ], [ -118, 33 ], [ -118, 33 ], [ -118, 33 ], [ -118, 33 ], [ -118, 33 ], [ -118, 33 ], [ -118, 33 ], [ -118, 33 ], [ -118, 33 ], [ -118, 33 ], [ -118, 33 ], [ -118, 33 ], [ -118, 33 ], [ -118, 33 ], [ -118, 33 ], [ -118, 33 ], [ -118, 33 ], [ -118, 33 ], [ -118, 33 ], [ -118, 33 ], [ -118, 33 ], [ -118, 33 ], [ -118, 33 ], [ -118, 33 ], [ -118, 33 ], [ -118, 33 ], [ -118, 33 ], [ -118, 33 ], [ -118, 33 ], [ -118, 33 ], [ -118, 33 ], [ -118, 33 ], [ -118, 33 ], [ -118, 33 ], [ -118, 33 ], [ -118, 33 ], [ -118, 33 ], [ -118, 33 ], [ -118, 33 ], [ -118, 33 ], [ -118, 33 ], [ -118, 33 ], [ -118, 33 ], [ -118, 33 ], [ -118, 33 ], [ -118, 33 ], [ -118, 33 ], [ -118, 33 ], [ -118, 33 ], [ -118, 33 ], [ -118, 33 ], [ -118, 33 ], [ -118, 33 ], [ -118, 33 ], [ -118, 33 ], [ -118, 33 ], [ -118, 33 ], [ -118, 33 ], [ -118, 33 ], [ -118, 33 ], [ -118, 33 ], [ -118, 33 ], [ -118, 33 ], [ -118, 33 ], [ -118, 33 ], [ -118, 33 ], [ -118, 33 ], [ -118, 33 ], [ -118, 33 ], [ -118, 33 ], [ -118, 33 ], [ -118, 33 ], [ -118, 33 ], [ -118, 33 ], [ -118, 33 ], [ -118, 33 ], [ -118, 33 ], [ -118, 33 ], [ -118, 33 ], [ -118, 33 ], [ -118, 33 ], [ -118, 33 ], [ -118, 33 ], [ -118, 33 ], [ -118, 33 ], [ -118, 33 ], [ -118, 33 ], [ -118, 33 ], [ -118, 33 ], [ -118, 33 ], [ -118, 33 ], [ -118, 33 ], [ -118, 33 ], [ -118, 33 ], [ -118, 33 ], [ -118, 33 ], [ -118, 33 ], [ -118, 33 ], [ -118, 33 ], [ -118, 33 ], [ -118, 33 ], [ -118, 33 ], [ -118, 33 ], [ -118, 33 ], [ -118, 33 ], [ -118, 33 ], [ -118, 33 ], [ -118, 33 ], [ -118, 33 ], [ -118, 33 ], [ -118, 33 ], [ -118, 33 ], [ -118, 33 ], [ -118, 33 ], [ -118, 33 ], [ -118, 33 ], [ -118, 33 ], [ -118, 33 ], [ -118, 33 ], [ -118, 33 ], [ -118, 33 ], [ -118, 33 ], [ -118, 33 ], [ -118, 33 ], [ -118, 33 ], [ -118, 33 ], [ -118, 33 ], [ -118, 33 ], [ -118, 33 ], [ -118, 33 ], [ -118, 33 ], [ -118, 33 ], [ -118, 33 ], [ -118, 33 ], [ -118, 33 ], [ -118, 33 ], [ -118, 33 ], [ -118, 33 ], [ -118, 33 ], [ -118, 33 ], [ -118, 33 ], [ -118, 33 ], [ -118, 33 ], [ -118, 33 ], [ -118, 33 ], [ -118, 33 ], [ -118, 33 ], [ -118, 33 ], [ -118, 33 ], [ -118, 33 ], [ -118, 33 ], [ -118, 33 ], [ -118, 33 ], [ -118, 33 ], [ -118, 33 ], [ -118, 33 ], [ -118, 33 ], [ -118, 33 ], [ -118, 33 ], [ -118, 33 ], [ -118, 33 ], [ -118, 33 ], [ -118, 33 ], [ -118, 33 ], [ -118, 33 ], [ -118, 33 ], [ -118, 33 ], [ -118, 33 ], [ -118, 33 ], [ -118, 33 ], [ -118, 33 ], [ -118, 33 ], [ -118, 33 ], [ -118, 33 ], [ -118, 33 ], [ -118, 33 ], [ -118, 33 ], [ -118, 33 ], [ -118, 33 ], [ -118, 33 ], [ -118, 33 ], [ -118, 33 ], [ -118, 33 ], [ -118, 33 ], [ -118, 33 ], [ -118, 33 ], [ -118, 33 ], [ -118, 33 ], [ -118, 33 ], [ -118, 33 ], [ -118, 33 ], [ -118, 33 ], [ -118, 33 ], [ -118, 33 ], [ -118, 33 ], [ -118, 33 ], [ -118, 33 ], [ -118, 33 ], [ -118, 33 ], [ -118, 33 ], [ -118, 33 ], [ -118, 33 ], [ -118, 33 ], [ -118, 33 ], [ -118, 33 ], [ -118, 33 ], [ -118, 33 ], [ -118, 33 ], [ -118, 33 ], [ -118, 33 ], [ -118, 33 ], [ -118, 33 ], [ -118, 33 ], [ -118, 33 ], [ -118, 33 ], [ -118, 33 ], [ -118, 33 ], [ -118, 33 ], [ -118, 33 ], [ -118, 33 ], [ -118, 33 ], [ -118, 33 ], [ -118, 33 ], [ -118, 33 ], [ -118, 33 ], [ -118, 33 ], [ -118, 33 ], [ -118, 33 ], [ -118, 33 ], [ -118, 33 ], [ -118, 33 ], [ -118, 33 ], [ -118, 33 ], [ -118, 33 ], [ -118, 33 ], [ -118, 33 ], [ -118, 33 ], [ -118, 33 ], [ -118, 33 ], [ -118, 33 ], [ -118, 33 ], [ -118, 33 ], [ -118, 33 ], [ -118, 33 ], [ -118, 33 ], [ -118, 33 ], [ -118, 33 ], [ -118, 33 ], [ -118, 33 ], [ -118, 33 ], [ -118, 33 ], [ -118, 33 ], [ -118, 33 ], [ -118, 33 ], [ -118, 33 ], [ -118, 33 ], [ -118, 33 ], [ -118, 33 ], [ -118, 33 ], [ -118, 33 ], [ -118, 33 ], [ -118, 33 ], [ -118, 33 ], [ -118, 33 ], [ -118, 33 ], [ -118, 33 ], [ -118, 33 ], [ -118, 33 ], [ -118, 33 ], [ -118, 33 ], [ -118, 33 ], [ -118, 33 ], [ -118, 33 ], [ -118, 33 ], [ -118, 33 ], [ -118, 33 ], [ -118, 33 ], [ -118, 33 ], [ -118, 33 ], [ -118, 33 ], [ -118, 33 ], [ -118, 33 ], [ -118, 33 ], [ -118, 33 ], [ -118, 33 ], [ -118, 33 ], [ -118, 33 ], [ -118, 33 ], [ -118, 33 ], [ -118, 33 ], [ -118, 33 ], [ -118, 33 ], [ -118, 33 ], [ -118, 33 ], [ -118, 33 ], [ -118, 33 ], [ -118, 33 ], [ -118, 33 ], [ -118, 33 ], [ -118, 33 ], [ -118, 33 ], [ -118, 33 ], [ -118, 33 ], [ -118, 33 ], [ -118, 33 ], [ -118, 33 ], [ -118, 33 ], [ -118, 33 ], [ -118, 33 ], [ -118, 33 ], [ -118, 33 ], [ -118, 33 ], [ -118, 33 ], [ -118, 33 ], [ -118, 33 ], [ -118, 33 ], [ -118, 33 ], [ -118, 33 ], [ -118, 33 ], [ -118, 33 ], [ -118, 33 ], [ -118, 33 ], [ -118, 33 ], [ -118, 33 ], [ -118, 33 ], [ -118, 33 ], [ -118, 33 ], [ -118, 33 ], [ -118, 33 ], [ -118, 33 ], [ -118, 33 ], [ -118, 33 ], [ -118, 33 ], [ -118, 33 ], [ -118, 33 ], [ -118, 33 ], [ -118, 33 ], [ -118, 33 ], [ -118, 33 ], [ -118, 33 ], [ -118, 33 ], [ -118, 33 ], [ -118, 33 ], [ -118, 33 ], [ -118, 33 ], [ -118, 33 ], [ -118, 33 ], [ -118, 33 ], [ -118, 33 ], [ -118, 33 ], [ -118, 33 ], [ -118, 33 ], [ -118, 33 ], [ -118, 33 ], [ -118, 33 ], [ -118, 33 ], [ -118, 33 ], [ -118, 33 ], [ -118, 33 ], [ -118, 33 ], [ -118, 33 ], [ -118, 33 ], [ -118, 33 ], [ -118, 33 ], [ -118, 33 ], [ -118, 33 ], [ -118, 33 ], [ -118, 33 ], [ -118, 33 ], [ -118, 33 ], [ -118, 33 ], [ -118, 33 ], [ -118, 33 ], [ -118, 33 ], [ -118, 33 ], [ -118, 33 ], [ -118, 33 ], [ -118, 33 ], [ -118, 33 ], [ -118, 33 ], [ -118, 33 ], [ -118, 33 ], [ -118, 33 ], [ -118, 33 ], [ -118, 33 ], [ -118, 33 ], [ -118, 33 ], [ -118, 33 ], [ -118, 33 ], [ -118, 33 ], [ -118, 33 ], [ -118, 33 ], [ -118, 33 ], [ -118, 33 ], [ -118, 33 ], [ -118, 33 ], [ -118, 33 ], [ -118, 33 ], [ -118, 33 ], [ -118, 33 ], [ -118, 33 ], [ -118, 33 ], [ -118, 33 ], [ -118, 33 ], [ -118, 33 ], [ -118, 33 ], [ -118, 33 ], [ -118, 33 ], [ -118, 33 ], [ -118, 33 ], [ -118, 33 ], [ -118, 33 ], [ -118, 33 ], [ -118, 33 ], [ -118, 33 ], [ -118, 33 ], [ -118, 33 ], [ -118, 33 ], [ -118, 33 ], [ -118, 33 ], [ -118, 33 ], [ -118, 33 ], [ -118, 33 ], [ -118, 33 ], [ -118, 33 ], [ -118, 33 ], [ -118, 33 ], [ -118, 33 ], [ -118, 33 ], [ -118, 33 ], [ -118, 33 ], [ -118, 33 ], [ -118, 33 ], [ -118, 33 ], [ -118, 33 ], [ -118, 33 ], [ -118, 33 ], [ -118, 33 ], [ -118, 33 ], [ -118, 33 ], [ -118, 33 ], [ -118, 33 ], [ -118, 33 ], [ -118, 33 ], [ -118, 33 ], [ -118, 33 ], [ -118, 33 ], [ -118, 33 ], [ -118, 33 ], [ -118, 33 ], [ -118, 33 ], [ -118, 33 ], [ -118, 33 ], [ -118, 33 ], [ -118, 33 ], [ -118, 33 ], [ -118, 33 ], [ -118, 33 ], [ -118, 33 ], [ -118, 33 ], [ -118, 33 ], [ -118, 33 ], [ -118, 33 ], [ -118, 33 ], [ -118, 33 ], [ -118, 33 ], [ -118, 33 ], [ -118, 33 ], [ -118, 33 ], [ -118, 33 ], [ -118, 33 ], [ -118, 33 ], [ -118, 33 ], [ -118, 33 ], [ -118, 33 ], [ -118, 33 ], [ -118, 33 ], [ -118, 33 ], [ -118, 33 ], [ -118, 33 ], [ -118, 33 ], [ -118, 33 ], [ -118, 33 ], [ -118, 33 ], [ -118, 33 ], [ -118, 33 ], [ -118, 33 ], [ -118, 33 ], [ -118, 33 ], [ -118, 33 ], [ -118, 33 ], [ -118, 33 ], [ -118, 33 ], [ -118, 33 ], [ -118, 33 ], [ -118, 33 ], [ -118, 33 ], [ -118, 33 ], [ -118, 33 ], [ -118, 33 ], [ -118, 33 ], [ -118, 33 ], [ -118, 33 ], [ -118, 33 ], [ -118, 33 ], [ -118, 33 ], [ -118, 33 ], [ -118, 33 ], [ -118, 33 ], [ -118, 33 ], [ -118, 33 ], [ -118, 33 ], [ -118, 33 ], [ -118, 33 ], [ -118, 33 ], [ -118, 33 ], [ -118, 33 ], [ -118, 33 ], [ -118, 33 ], [ -118, 33 ], [ -118, 33 ], [ -118, 33 ], [ -118, 33 ], [ -118, 33 ], [ -118, 33 ], [ -118, 33 ], [ -118, 33 ], [ -118, 33 ], [ -118, 33 ], [ -118, 33 ], [ -118, 33 ], [ -118, 33 ], [ -118, 33 ], [ -118, 33 ], [ -118, 33 ], [ -118, 33 ], [ -118, 33 ], [ -118, 33 ], [ -118, 33 ], [ -118, 33 ], [ -118, 33 ], [ -118, 33 ], [ -118, 33 ], [ -118, 33 ], [ -118, 33 ], [ -118, 33 ], [ -118, 33 ], [ -118, 33 ], [ -118, 33 ], [ -118, 33 ], [ -118, 33 ], [ -118, 33 ], [ -118, 33 ], [ -118, 33 ], [ -118, 33 ], [ -118, 33 ], [ -118, 33 ], [ -118, 33 ], [ -118, 33 ], [ -118, 33 ], [ -118, 33 ], [ -118, 33 ], [ -118, 33 ], [ -118, 33 ], [ -118, 33 ], [ -118, 33 ], [ -118, 33 ], [ -118, 33 ], [ -118, 33 ], [ -118, 33 ], [ -118, 33 ], [ -118, 33 ], [ -118, 33 ], [ -118, 33 ], [ -118, 33 ], [ -118, 33 ], [ -118, 33 ], [ -118, 33 ], [ -118, 33 ], [ -118, 33 ], [ -118, 33 ], [ -118, 33 ], [ -118, 33 ], [ -118, 33 ], [ -118, 33 ], [ -118, 33 ], [ -118, 33 ], [ -118, 33 ], [ -118, 33 ], [ -118, 33 ], [ -118, 33 ], [ -118, 33 ], [ -118, 33 ], [ -118, 33 ], [ -118, 33 ], [ -118, 33 ], [ -118, 33 ], [ -118, 33 ], [ -118, 33 ], [ -118, 33 ], [ -118, 33 ], [ -118, 33 ], [ -118, 33 ], [ -118, 33 ], [ -118, 33 ], [ -118, 33 ], [ -118, 33 ], [ -118, 33 ], [ -118, 33 ], [ -118, 33 ], [ -118, 33 ], [ -118, 33 ], [ -118, 33 ], [ -118, 33 ], [ -118, 33 ], [ -118, 33 ], [ -118, 33 ], [ -118, 33 ], [ -118, 33 ], [ -118, 33 ], [ -118, 33 ], [ -118, 33 ], [ -118, 33 ], [ -118, 33 ], [ -118, 33 ], [ -118, 33 ], [ -118, 33 ], [ -118, 33 ], [ -118, 33 ], [ -118, 33 ], [ -118, 33 ], [ -118, 33 ], [ -118, 33 ], [ -118, 33 ], [ -118, 33 ], [ -118, 33 ], [ -118, 33 ], [ -118, 33 ], [ -118, 33 ], [ -118, 33 ], [ -118, 33 ], [ -118, 33 ], [ -118, 33 ], [ -118, 33 ], [ -118, 33 ], [ -118, 33 ], [ -118, 33 ], [ -118, 33 ], [ -118, 33 ], [ -118, 33 ], [ -118, 33 ], [ -118, 33 ], [ -118, 33 ], [ -118, 33 ], [ -118, 33 ], [ -118, 33 ], [ -118, 33 ], [ -118, 33 ], [ -118, 33 ], [ -118, 33 ], [ -118, 33 ], [ -118, 33 ], [ -118, 33 ], [ -118, 33 ], [ -118, 33 ], [ -118, 33 ], [ -118, 33 ], [ -118, 33 ], [ -118, 33 ], [ -118, 33 ], [ -118, 33 ], [ -118, 33 ], [ -118, 33 ], [ -118, 33 ], [ -118, 33 ], [ -118, 33 ], [ -118, 33 ], [ -118, 33 ], [ -118, 33 ], [ -118, 33 ], [ -118, 33 ], [ -118, 33 ], [ -118, 33 ], [ -118, 33 ], [ -118, 33 ], [ -118, 33 ], [ -118, 33 ], [ -118, 33 ], [ -118, 33 ], [ -118, 33 ], [ -118, 33 ], [ -118, 33 ], [ -118, 33 ], [ -118, 33 ], [ -118, 33 ], [ -118, 33 ], [ -118, 33 ], [ -118, 33 ], [ -118, 33 ], [ -118, 33 ], [ -118, 33 ], [ -118, 33 ], [ -118, 33 ], [ -118, 33 ], [ -118, 33 ], [ -118, 33 ], [ -118, 33 ], [ -118, 33 ], [ -118, 33 ], [ -118, 33 ], [ -118, 33 ], [ -118, 33 ], [ -118, 33 ], [ -118, 33 ], [ -118, 33 ], [ -119, 33 ], [ -119, 33 ], [ -119, 33 ], [ -119, 33 ], [ -119, 33 ], [ -119, 33 ], [ -119, 33 ], [ -119, 33 ], [ -119, 33 ], [ -119, 33 ], [ -119, 33 ], [ -119, 33 ], [ -119, 33 ], [ -119, 33 ], [ -119, 33 ], [ -119, 33 ], [ -119, 33 ], [ -119, 33 ], [ -119, 33 ], [ -119, 33 ], [ -119, 33 ], [ -119, 33 ], [ -119, 33 ], [ -119, 33 ], [ -119, 33 ], [ -119, 33 ], [ -119, 33 ], [ -119, 33 ], [ -119, 33 ], [ -119, 33 ], [ -119, 33 ], [ -119, 33 ], [ -119, 33 ], [ -119, 33 ], [ -119, 33 ], [ -119, 33 ], [ -119, 33 ], [ -119, 33 ], [ -119, 33 ], [ -119, 33 ], [ -119, 33 ], [ -119, 33 ], [ -119, 33 ], [ -119, 33 ], [ -119, 33 ], [ -119, 33 ], [ -119, 33 ], [ -119, 33 ], [ -119, 33 ], [ -119, 33 ], [ -119, 33 ], [ -119, 33 ], [ -119, 33 ], [ -119, 33 ], [ -119, 33 ], [ -119, 33 ], [ -119, 33 ], [ -119, 33 ], [ -119, 33 ], [ -119, 33 ], [ -119, 33 ], [ -119, 33 ], [ -119, 33 ], [ -119, 33 ], [ -119, 33 ], [ -119, 33 ], [ -119, 33 ], [ -119, 33 ], [ -119, 33 ], [ -119, 33 ], [ -119, 33 ], [ -119, 33 ], [ -119, 33 ], [ -119, 33 ], [ -119, 33 ], [ -119, 33 ], [ -119, 33 ], [ -119, 33 ], [ -119, 33 ], [ -119, 33 ], [ -119, 33 ], [ -119, 33 ], [ -119, 33 ], [ -119, 33 ], [ -119, 33 ], [ -119, 33 ], [ -119, 33 ], [ -119, 33 ], [ -119, 33 ], [ -119, 33 ], [ -119, 33 ], [ -119, 33 ], [ -119, 33 ], [ -119, 33 ], [ -119, 33 ], [ -119, 33 ], [ -119, 33 ], [ -119, 33 ], [ -119, 33 ], [ -119, 33 ], [ -119, 33 ], [ -119, 33 ], [ -119, 33 ], [ -119, 33 ], [ -119, 33 ], [ -119, 33 ], [ -119, 33 ], [ -119, 33 ], [ -119, 33 ], [ -119, 33 ], [ -119, 33 ], [ -119, 33 ], [ -119, 33 ], [ -119, 33 ], [ -119, 33 ], [ -119, 33 ], [ -119, 33 ], [ -119, 33 ], [ -119, 33 ], [ -119, 33 ], [ -119, 33 ], [ -119, 33 ], [ -119, 33 ], [ -119, 33 ], [ -119, 33 ], [ -119, 33 ], [ -119, 33 ], [ -119, 33 ], [ -119, 33 ], [ -119, 33 ], [ -119, 33 ], [ -119, 33 ], [ -119, 33 ], [ -119, 33 ], [ -119, 33 ], [ -119, 33 ], [ -119, 33 ], [ -119, 33 ], [ -119, 33 ], [ -119, 33 ], [ -119, 33 ], [ -119, 33 ], [ -119, 33 ], [ -119, 33 ], [ -119, 33 ], [ -119, 33 ], [ -119, 33 ], [ -119, 33 ], [ -119, 33 ], [ -119, 33 ], [ -119, 33 ], [ -119, 33 ], [ -119, 33 ], [ -119, 33 ], [ -119, 33 ], [ -119, 33 ], [ -119, 33 ], [ -119, 33 ], [ -119, 33 ], [ -119, 33 ], [ -119, 33 ], [ -119, 33 ], [ -119, 33 ], [ -119, 33 ], [ -119, 33 ], [ -119, 33 ], [ -119, 33 ], [ -119, 33 ], [ -119, 33 ], [ -119, 33 ], [ -119, 33 ], [ -119, 33 ], [ -119, 33 ], [ -119, 33 ], [ -119, 33 ], [ -119, 33 ], [ -119, 33 ], [ -119, 33 ], [ -119, 33 ], [ -119, 33 ], [ -119, 33 ], [ -119, 33 ], [ -119, 33 ], [ -119, 33 ], [ -119, 33 ], [ -119, 33 ], [ -119, 33 ], [ -119, 33 ], [ -119, 33 ], [ -119, 33 ], [ -119, 33 ], [ -119, 33 ], [ -119, 33 ], [ -119, 33 ], [ -119, 33 ], [ -119, 33 ], [ -119, 33 ], [ -119, 33 ], [ -119, 33 ], [ -119, 33 ], [ -119, 33 ], [ -119, 33 ], [ -119, 33 ], [ -119, 33 ], [ -119, 33 ], [ -119, 33 ], [ -119, 33 ], [ -119, 33 ], [ -119, 33 ], [ -119, 33 ], [ -119, 33 ], [ -119, 33 ], [ -119, 33 ], [ -119, 33 ], [ -119, 33 ], [ -119, 33 ], [ -119, 33 ], [ -119, 33 ], [ -119, 33 ], [ -119, 33 ], [ -119, 33 ], [ -119, 33 ], [ -119, 33 ], [ -119, 33 ], [ -119, 33 ], [ -119, 33 ], [ -119, 33 ], [ -119, 33 ], [ -119, 33 ], [ -119, 33 ], [ -119, 33 ], [ -119, 33 ], [ -119, 33 ], [ -119, 33 ], [ -119, 33 ], [ -119, 33 ], [ -119, 33 ], [ -119, 33 ], [ -119, 33 ], [ -119, 33 ], [ -119, 33 ], [ -119, 33 ], [ -119, 33 ], [ -119, 33 ], [ -119, 33 ], [ -119, 33 ], [ -119, 33 ], [ -119, 33 ], [ -119, 33 ], [ -119, 33 ], [ -119, 33 ], [ -119, 33 ], [ -119, 33 ], [ -119, 33 ], [ -119, 33 ], [ -119, 33 ], [ -119, 33 ], [ -119, 33 ], [ -119, 33 ], [ -119, 33 ], [ -119, 33 ], [ -119, 33 ], [ -119, 33 ], [ -119, 33 ], [ -119, 33 ], [ -119, 33 ], [ -119, 33 ], [ -119, 33 ], [ -119, 33 ], [ -119, 33 ], [ -119, 33 ], [ -119, 33 ], [ -119, 33 ], [ -119, 33 ], [ -119, 33 ], [ -119, 33 ], [ -119, 33 ], [ -119, 33 ], [ -119, 33 ], [ -119, 33 ], [ -119, 33 ], [ -119, 33 ], [ -119, 33 ], [ -119, 33 ], [ -119, 33 ], [ -119, 33 ], [ -119, 33 ], [ -119, 33 ], [ -119, 33 ], [ -119, 33 ], [ -119, 33 ], [ -119, 33 ], [ -119, 33 ], [ -119, 33 ], [ -119, 33 ], [ -119, 33 ], [ -119, 33 ], [ -119, 33 ], [ -119, 33 ], [ -119, 33 ], [ -119, 33 ], [ -119, 33 ], [ -119, 33 ], [ -119, 33 ], [ -119, 33 ], [ -119, 33 ], [ -119, 33 ], [ -119, 33 ], [ -119, 33 ], [ -119, 33 ], [ -119, 33 ], [ -119, 33 ], [ -119, 33 ], [ -119, 33 ], [ -119, 33 ], [ -119, 33 ], [ -119, 33 ], [ -119, 33 ], [ -119, 33 ], [ -119, 33 ], [ -119, 33 ], [ -119, 33 ], [ -119, 33 ], [ -119, 33 ], [ -119, 33 ], [ -119, 33 ], [ -119, 33 ], [ -119, 33 ], [ -119, 33 ], [ -119, 33 ], [ -119, 33 ], [ -119, 33 ], [ -119, 33 ], [ -119, 33 ], [ -119, 33 ], [ -119, 33 ], [ -119, 33 ], [ -119, 33 ], [ -119, 33 ], [ -119, 33 ], [ -119, 33 ], [ -119, 33 ], [ -119, 33 ], [ -119, 33 ], [ -119, 33 ], [ -119, 33 ], [ -119, 33 ], [ -119, 33 ], [ -119, 33 ], [ -119, 33 ], [ -119, 33 ], [ -119, 33 ], [ -119, 33 ], [ -119, 33 ], [ -119, 33 ], [ -119, 33 ], [ -119, 33 ], [ -119, 33 ], [ -119, 33 ], [ -119, 33 ], [ -119, 33 ], [ -119, 33 ], [ -119, 33 ], [ -119, 33 ], [ -119, 33 ], [ -119, 33 ], [ -119, 33 ], [ -119, 33 ], [ -119, 33 ], [ -119, 33 ], [ -119, 33 ], [ -119, 33 ], [ -119, 33 ], [ -119, 33 ], [ -119, 33 ], [ -119, 33 ], [ -119, 33 ], [ -119, 33 ], [ -119, 33 ], [ -119, 33 ], [ -119, 33 ], [ -119, 33 ], [ -119, 33 ], [ -119, 33 ], [ -119, 33 ], [ -119, 33 ], [ -119, 33 ], [ -119, 33 ], [ -119, 33 ], [ -119, 33 ], [ -119, 33 ], [ -119, 33 ], [ -119, 33 ], [ -119, 33 ], [ -119, 33 ], [ -119, 33 ], [ -119, 33 ], [ -119, 33 ], [ -119, 33 ], [ -119, 33 ], [ -119, 33 ], [ -119, 33 ], [ -119, 33 ], [ -119, 33 ], [ -119, 33 ], [ -119, 33 ], [ -119, 33 ], [ -119, 33 ], [ -119, 33 ], [ -119, 33 ], [ -119, 33 ], [ -119, 33 ], [ -119, 33 ], [ -119, 33 ], [ -119, 33 ], [ -119, 33 ], [ -119, 33 ], [ -119, 33 ], [ -119, 33 ], [ -119, 33 ], [ -119, 33 ], [ -119, 33 ], [ -119, 33 ], [ -119, 33 ], [ -119, 33 ], [ -119, 33 ], [ -119, 33 ], [ -119, 33 ], [ -119, 33 ], [ -119, 33 ], [ -119, 33 ], [ -119, 33 ], [ -119, 33 ], [ -119, 33 ], [ -119, 33 ], [ -119, 33 ], [ -119, 33 ], [ -119, 33 ], [ -119, 33 ], [ -119, 33 ], [ -119, 33 ], [ -119, 33 ], [ -119, 33 ], [ -119, 33 ], [ -119, 33 ], [ -119, 33 ], [ -119, 33 ], [ -119, 33 ], [ -119, 33 ], [ -119, 33 ], [ -119, 33 ], [ -119, 33 ], [ -119, 33 ], [ -119, 33 ], [ -119, 33 ], [ -119, 33 ], [ -119, 33 ], [ -119, 33 ], [ -119, 33 ], [ -119, 33 ], [ -119, 33 ], [ -119, 33 ], [ -119, 33 ], [ -119, 33 ], [ -119, 33 ], [ -119, 33 ], [ -119, 33 ], [ -119, 33 ], [ -119, 33 ], [ -119, 33 ], [ -119, 33 ], [ -119, 33 ], [ -119, 33 ], [ -119, 33 ], [ -119, 33 ], [ -119, 33 ], [ -119, 33 ], [ -119, 33 ], [ -119, 33 ], [ -119, 33 ], [ -119, 33 ], [ -119, 33 ], [ -119, 33 ], [ -119, 33 ], [ -119, 33 ], [ -119, 33 ], [ -119, 33 ], [ -119, 33 ], [ -119, 33 ], [ -119, 33 ], [ -119, 33 ], [ -119, 33 ], [ -119, 33 ], [ -119, 33 ], [ -119, 33 ], [ -119, 33 ], [ -119, 33 ], [ -119, 33 ], [ -119, 33 ], [ -119, 33 ], [ -119, 33 ], [ -119, 33 ], [ -119, 33 ], [ -119, 33 ], [ -119, 33 ], [ -119, 33 ], [ -119, 33 ], [ -119, 33 ], [ -119, 33 ], [ -119, 33 ], [ -119, 33 ], [ -119, 33 ], [ -119, 33 ], [ -119, 33 ], [ -119, 33 ], [ -119, 33 ], [ -119, 33 ], [ -119, 33 ], [ -119, 33 ], [ -119, 33 ], [ -119, 33 ], [ -119, 33 ], [ -119, 33 ], [ -119, 33 ], [ -119, 33 ], [ -119, 33 ], [ -119, 33 ], [ -119, 33 ], [ -119, 33 ], [ -119, 33 ], [ -119, 33 ], [ -119, 33 ], [ -119, 33 ], [ -119, 33 ], [ -119, 33 ], [ -119, 33 ], [ -119, 33 ], [ -119, 33 ], [ -119, 33 ], [ -119, 33 ], [ -119, 33 ], [ -119, 33 ], [ -119, 33 ], [ -119, 33 ], [ -119, 33 ], [ -119, 33 ], [ -119, 33 ], [ -119, 33 ], [ -119, 33 ], [ -119, 33 ], [ -119, 33 ], [ -119, 33 ], [ -119, 33 ], [ -119, 33 ], [ -119, 33 ], [ -119, 33 ], [ -119, 33 ], [ -119, 33 ], [ -119, 33 ], [ -119, 33 ], [ -119, 33 ], [ -119, 33 ], [ -119, 33 ], [ -119, 33 ], [ -119, 33 ], [ -119, 33 ], [ -119, 33 ], [ -119, 33 ], [ -119, 33 ], [ -119, 33 ], [ -119, 33 ], [ -119, 33 ], [ -119, 33 ], [ -119, 33 ], [ -119, 33 ], [ -119, 33 ], [ -119, 33 ], [ -119, 33 ], [ -119, 33 ], [ -119, 33 ], [ -119, 33 ], [ -119, 33 ], [ -119, 33 ], [ -119, 33 ], [ -119, 33 ], [ -119, 33 ], [ -119, 33 ], [ -119, 33 ], [ -119, 33 ], [ -119, 33 ], [ -119, 33 ], [ -119, 33 ], [ -119, 33 ], [ -119, 33 ], [ -119, 33 ], [ -119, 33 ], [ -119, 33 ], [ -119, 33 ], [ -119, 33 ], [ -119, 33 ], [ -119, 33 ], [ -119, 33 ], [ -119, 33 ], [ -119, 33 ], [ -119, 33 ], [ -119, 33 ], [ -119, 33 ], [ -119, 33 ], [ -119, 33 ], [ -119, 33 ], [ -119, 33 ], [ -119, 33 ], [ -119, 33 ], [ -119, 33 ], [ -119, 33 ], [ -119, 33 ], [ -119, 33 ], [ -119, 33 ], [ -119, 33 ], [ -119, 33 ], [ -119, 33 ], [ -119, 33 ], [ -119, 33 ], [ -119, 33 ], [ -119, 33 ], [ -119, 33 ], [ -119, 33 ], [ -119, 33 ], [ -119, 33 ], [ -119, 33 ], [ -119, 33 ], [ -119, 33 ], [ -119, 33 ], [ -119, 33 ], [ -119, 33 ], [ -119, 33 ], [ -119, 33 ], [ -119, 33 ], [ -119, 33 ], [ -119, 33 ], [ -119, 33 ], [ -119, 33 ], [ -119, 33 ], [ -119, 33 ], [ -119, 33 ], [ -119, 33 ], [ -119, 33 ], [ -119, 33 ], [ -119, 33 ], [ -119, 33 ], [ -119, 33 ], [ -119, 33 ], [ -119, 33 ], [ -119, 33 ], [ -119, 33 ], [ -119, 33 ], [ -119, 33 ], [ -119, 33 ], [ -119, 33 ], [ -119, 33 ], [ -119, 33 ], [ -119, 33 ], [ -119, 33 ], [ -119, 33 ], [ -119, 33 ], [ -119, 33 ], [ -119, 33 ], [ -119, 33 ], [ -119, 33 ], [ -119, 33 ], [ -119, 33 ], [ -119, 33 ], [ -119, 33 ], [ -119, 33 ], [ -119, 33 ], [ -119, 33 ], [ -119, 33 ], [ -119, 33 ], [ -119, 33 ], [ -119, 33 ], [ -119, 33 ], [ -119, 33 ], [ -119, 33 ], [ -119, 33 ], [ -119, 33 ], [ -119, 33 ], [ -119, 33 ], [ -119, 33 ], [ -119, 33 ], [ -119, 33 ], [ -119, 33 ], [ -119, 33 ], [ -119, 33 ], [ -119, 33 ], [ -119, 33 ], [ -119, 33 ], [ -119, 33 ], [ -119, 33 ], [ -119, 33 ], [ -119, 33 ], [ -119, 33 ], [ -119, 33 ], [ -119, 33 ], [ -119, 33 ], [ -119, 33 ], [ -119, 33 ], [ -119, 33 ], [ -119, 33 ], [ -119, 33 ], [ -119, 33 ], [ -119, 33 ], [ -119, 33 ], [ -119, 33 ], [ -119, 33 ], [ -119, 33 ], [ -119, 33 ], [ -119, 33 ], [ -119, 33 ], [ -119, 33 ], [ -119, 33 ], [ -119, 33 ], [ -119, 33 ], [ -119, 33 ], [ -119, 33 ], [ -119, 33 ], [ -119, 33 ], [ -119, 33 ], [ -119, 33 ], [ -119, 33 ], [ -119, 33 ], [ -119, 33 ], [ -119, 33 ] ] ], [ [ [ -119, 34 ], [ -119, 34 ], [ -119, 34 ], [ -119, 34 ], [ -119, 34 ], [ -119, 34 ], [ -119, 34 ], [ -119, 34 ], [ -119, 34 ], [ -119, 34 ], [ -119, 34 ], [ -119, 34 ], [ -119, 34 ], [ -119, 34 ], [ -119, 34 ], [ -119, 34 ], [ -119, 34 ], [ -119, 34 ], [ -119, 34 ], [ -119, 34 ], [ -119, 34 ], [ -119, 34 ], [ -119, 34 ], [ -119, 34 ], [ -119, 34 ], [ -119, 34 ], [ -119, 34 ], [ -119, 34 ], [ -119, 34 ], [ -119, 34 ], [ -119, 34 ], [ -119, 34 ], [ -119, 34 ], [ -119, 34 ], [ -119, 34 ], [ -119, 34 ], [ -119, 34 ], [ -119, 34 ], [ -119, 34 ], [ -119, 34 ], [ -119, 34 ], [ -119, 34 ], [ -119, 34 ], [ -119, 34 ], [ -119, 34 ], [ -119, 34 ], [ -119, 34 ], [ -119, 34 ], [ -119, 34 ], [ -119, 34 ], [ -119, 34 ], [ -119, 34 ], [ -119, 34 ], [ -119, 34 ], [ -119, 34 ], [ -119, 34 ], [ -119, 34 ], [ -119, 34 ], [ -119, 34 ], [ -119, 34 ], [ -119, 34 ], [ -119, 34 ], [ -119, 34 ], [ -119, 34 ], [ -119, 34 ], [ -119, 34 ], [ -119, 34 ], [ -119, 34 ], [ -119, 34 ], [ -119, 34 ], [ -119, 34 ], [ -119, 34 ], [ -119, 34 ], [ -119, 34 ], [ -119, 34 ], [ -119, 34 ], [ -119, 34 ], [ -119, 34 ], [ -119, 34 ], [ -119, 34 ], [ -119, 34 ], [ -119, 34 ], [ -119, 34 ], [ -119, 34 ], [ -119, 34 ], [ -119, 34 ], [ -119, 34 ], [ -119, 34 ], [ -119, 34 ], [ -119, 34 ], [ -119, 34 ], [ -119, 34 ], [ -119, 34 ], [ -119, 34 ], [ -119, 34 ], [ -119, 34 ], [ -119, 34 ], [ -119, 34 ], [ -119, 34 ], [ -119, 34 ], [ -119, 34 ], [ -119, 34 ], [ -119, 34 ], [ -119, 34 ], [ -119, 34 ], [ -119, 34 ], [ -119, 34 ], [ -119, 34 ], [ -119, 34 ], [ -119, 34 ], [ -119, 34 ], [ -119, 34 ], [ -119, 34 ], [ -119, 34 ], [ -119, 34 ], [ -119, 34 ], [ -119, 34 ], [ -119, 34 ], [ -119, 34 ], [ -119, 34 ], [ -119, 34 ], [ -119, 34 ], [ -119, 34 ], [ -119, 34 ], [ -119, 34 ], [ -119, 34 ], [ -119, 34 ], [ -119, 34 ], [ -119, 34 ], [ -119, 34 ], [ -119, 34 ], [ -119, 34 ], [ -119, 34 ], [ -119, 34 ], [ -119, 34 ], [ -119, 34 ], [ -119, 34 ], [ -119, 34 ], [ -119, 34 ], [ -119, 34 ], [ -119, 34 ], [ -119, 34 ], [ -119, 34 ], [ -119, 34 ], [ -119, 34 ], [ -119, 34 ], [ -119, 34 ], [ -119, 34 ], [ -119, 34 ], [ -119, 34 ], [ -119, 34 ], [ -119, 34 ], [ -119, 34 ], [ -119, 34 ], [ -119, 34 ], [ -119, 34 ], [ -119, 34 ], [ -119, 34 ], [ -119, 34 ], [ -119, 34 ], [ -119, 34 ], [ -119, 34 ], [ -119, 34 ], [ -119, 34 ], [ -119, 34 ], [ -119, 34 ], [ -119, 34 ], [ -119, 34 ], [ -119, 34 ], [ -119, 34 ], [ -119, 34 ], [ -119, 34 ], [ -119, 34 ], [ -119, 34 ] ] ], [ [ [ -120, 34 ], [ -120, 34 ], [ -120, 34 ], [ -120, 34 ], [ -120, 34 ], [ -120, 34 ], [ -120, 34 ], [ -120, 34 ], [ -120, 34 ], [ -120, 34 ], [ -120, 34 ], [ -120, 34 ], [ -120, 34 ], [ -120, 34 ], [ -120, 34 ], [ -120, 34 ], [ -120, 34 ], [ -120, 34 ], [ -120, 34 ], [ -120, 34 ], [ -120, 34 ], [ -120, 34 ], [ -120, 34 ], [ -120, 34 ], [ -120, 34 ], [ -120, 34 ], [ -120, 34 ], [ -120, 34 ], [ -120, 34 ], [ -120, 34 ], [ -120, 34 ], [ -120, 34 ], [ -120, 34 ], [ -120, 34 ], [ -120, 34 ], [ -120, 34 ], [ -120, 34 ], [ -120, 34 ], [ -120, 34 ], [ -120, 34 ], [ -120, 34 ], [ -120, 34 ], [ -120, 34 ], [ -120, 34 ], [ -120, 34 ], [ -120, 34 ], [ -120, 34 ], [ -120, 34 ], [ -120, 34 ], [ -120, 34 ], [ -120, 34 ], [ -120, 34 ], [ -120, 34 ], [ -120, 34 ], [ -120, 34 ], [ -120, 34 ], [ -120, 34 ], [ -120, 34 ], [ -120, 34 ], [ -120, 34 ], [ -120, 34 ], [ -120, 34 ], [ -120, 34 ], [ -120, 34 ], [ -120, 34 ], [ -120, 34 ], [ -120, 34 ], [ -120, 34 ], [ -120, 34 ], [ -120, 34 ], [ -120, 34 ], [ -120, 34 ], [ -120, 34 ], [ -120, 34 ], [ -120, 34 ], [ -120, 34 ], [ -120, 34 ], [ -120, 34 ], [ -120, 34 ], [ -120, 34 ], [ -120, 34 ], [ -120, 34 ], [ -120, 34 ], [ -120, 34 ], [ -120, 34 ], [ -120, 34 ], [ -120, 34 ], [ -120, 34 ], [ -120, 34 ], [ -120, 34 ], [ -120, 34 ], [ -120, 34 ], [ -120, 34 ], [ -120, 34 ], [ -120, 34 ], [ -120, 34 ], [ -120, 34 ], [ -120, 34 ], [ -120, 34 ], [ -120, 34 ], [ -120, 34 ], [ -120, 34 ], [ -120, 34 ], [ -120, 34 ], [ -120, 34 ], [ -120, 34 ], [ -120, 34 ], [ -120, 34 ], [ -120, 34 ], [ -120, 34 ], [ -120, 34 ], [ -120, 34 ], [ -120, 34 ], [ -120, 34 ], [ -120, 34 ], [ -120, 34 ], [ -120, 34 ], [ -120, 34 ], [ -120, 34 ], [ -120, 34 ], [ -120, 34 ], [ -120, 34 ], [ -120, 34 ], [ -120, 34 ], [ -120, 34 ], [ -120, 34 ], [ -120, 34 ], [ -120, 34 ], [ -120, 34 ], [ -120, 34 ], [ -120, 34 ], [ -120, 34 ], [ -120, 34 ], [ -120, 34 ], [ -120, 34 ], [ -120, 34 ], [ -120, 34 ], [ -120, 34 ], [ -120, 34 ], [ -120, 34 ], [ -120, 34 ], [ -120, 34 ], [ -120, 34 ], [ -120, 34 ], [ -120, 34 ], [ -120, 34 ], [ -120, 34 ], [ -120, 34 ], [ -120, 34 ], [ -120, 34 ], [ -120, 34 ], [ -120, 34 ], [ -120, 34 ], [ -120, 34 ], [ -120, 34 ], [ -120, 34 ], [ -120, 34 ], [ -120, 34 ], [ -120, 34 ], [ -120, 34 ], [ -120, 34 ], [ -120, 34 ], [ -120, 34 ], [ -120, 34 ], [ -120, 34 ], [ -120, 34 ], [ -120, 34 ], [ -120, 34 ], [ -120, 34 ], [ -120, 34 ], [ -120, 34 ], [ -120, 34 ], [ -120, 34 ], [ -120, 34 ] ] ], [ [ [ -120, 34 ], [ -120, 34 ], [ -120, 34 ], [ -120, 34 ], [ -120, 34 ], [ -120, 34 ], [ -120, 34 ], [ -120, 34 ], [ -120, 34 ], [ -120, 34 ], [ -120, 34 ], [ -120, 34 ], [ -120, 34 ], [ -120, 34 ], [ -120, 34 ], [ -120, 34 ], [ -120, 34 ], [ -120, 34 ], [ -120, 34 ], [ -120, 34 ], [ -120, 34 ], [ -120, 34 ], [ -120, 34 ], [ -120, 34 ], [ -120, 34 ], [ -120, 34 ], [ -120, 34 ], [ -120, 34 ], [ -120, 34 ], [ -120, 34 ], [ -120, 34 ], [ -120, 34 ], [ -120, 34 ], [ -120, 34 ], [ -120, 34 ], [ -120, 34 ], [ -120, 34 ], [ -120, 34 ], [ -120, 34 ], [ -120, 34 ], [ -120, 34 ], [ -120, 34 ], [ -120, 34 ], [ -120, 34 ], [ -120, 34 ], [ -120, 34 ], [ -120, 34 ], [ -120, 34 ], [ -120, 34 ], [ -120, 34 ], [ -120, 34 ], [ -120, 34 ], [ -120, 34 ], [ -120, 34 ], [ -120, 34 ], [ -120, 34 ], [ -120, 34 ], [ -120, 34 ], [ -120, 34 ], [ -120, 34 ], [ -120, 34 ], [ -120, 34 ], [ -120, 34 ], [ -120, 34 ], [ -120, 34 ], [ -120, 34 ], [ -120, 34 ], [ -120, 34 ], [ -120, 34 ], [ -120, 34 ], [ -120, 34 ], [ -120, 34 ], [ -120, 34 ], [ -120, 34 ], [ -120, 34 ], [ -120, 34 ], [ -120, 34 ], [ -120, 34 ], [ -120, 34 ], [ -120, 34 ], [ -120, 34 ], [ -120, 34 ], [ -120, 34 ], [ -120, 34 ], [ -120, 34 ], [ -120, 34 ], [ -120, 34 ], [ -120, 34 ], [ -120, 34 ], [ -120, 34 ], [ -120, 34 ], [ -120, 34 ], [ -120, 34 ], [ -120, 34 ], [ -120, 34 ], [ -120, 34 ], [ -120, 34 ], [ -120, 34 ], [ -120, 34 ], [ -120, 34 ], [ -120, 34 ], [ -120, 34 ], [ -120, 34 ], [ -120, 34 ], [ -120, 34 ], [ -120, 34 ], [ -120, 34 ], [ -120, 34 ], [ -120, 34 ], [ -120, 34 ], [ -120, 34 ], [ -120, 34 ], [ -120, 34 ], [ -120, 34 ], [ -120, 34 ], [ -120, 34 ], [ -120, 34 ], [ -120, 34 ], [ -120, 34 ], [ -120, 34 ], [ -120, 34 ], [ -120, 34 ], [ -120, 34 ], [ -120, 34 ], [ -120, 34 ], [ -120, 34 ], [ -120, 34 ], [ -120, 34 ], [ -120, 34 ], [ -120, 34 ], [ -120, 34 ], [ -120, 34 ], [ -120, 34 ], [ -120, 34 ], [ -120, 34 ], [ -120, 34 ], [ -120, 34 ], [ -120, 34 ], [ -120, 34 ], [ -120, 34 ], [ -120, 34 ], [ -120, 34 ], [ -120, 34 ], [ -120, 34 ], [ -120, 34 ], [ -120, 34 ], [ -120, 34 ], [ -120, 34 ], [ -120, 34 ], [ -120, 34 ], [ -120, 34 ], [ -120, 34 ], [ -120, 34 ], [ -120, 34 ], [ -120, 34 ], [ -120, 34 ], [ -120, 34 ], [ -120, 34 ], [ -120, 34 ], [ -120, 34 ], [ -120, 34 ], [ -120, 34 ], [ -120, 34 ], [ -120, 34 ], [ -120, 34 ], [ -120, 34 ], [ -120, 34 ], [ -120, 34 ], [ -120, 34 ], [ -120, 34 ], [ -120, 34 ], [ -120, 34 ], [ -120, 34 ], [ -120, 34 ], [ -120, 34 ], [ -120, 34 ], [ -120, 34 ], [ -120, 34 ], [ -120, 34 ], [ -120, 34 ], [ -120, 34 ], [ -120, 34 ], [ -120, 34 ], [ -120, 34 ], [ -120, 34 ], [ -120, 34 ], [ -120, 34 ], [ -120, 34 ], [ -120, 34 ], [ -120, 34 ], [ -120, 34 ], [ -120, 34 ], [ -120, 34 ], [ -120, 34 ], [ -120, 34 ], [ -120, 34 ], [ -120, 34 ], [ -120, 34 ], [ -120, 34 ], [ -120, 34 ], [ -120, 34 ], [ -120, 34 ], [ -120, 34 ], [ -120, 34 ], [ -120, 34 ], [ -120, 34 ], [ -120, 34 ], [ -120, 34 ], [ -120, 34 ], [ -120, 34 ], [ -120, 34 ], [ -120, 34 ], [ -120, 34 ], [ -120, 34 ], [ -120, 34 ], [ -120, 34 ], [ -120, 34 ], [ -120, 34 ], [ -120, 34 ], [ -120, 34 ], [ -120, 34 ], [ -120, 34 ] ] ], [ [ [ -122, 38 ], [ -122, 38 ], [ -122, 38 ], [ -122, 38 ], [ -122, 38 ], [ -122, 38 ], [ -122, 38 ], [ -122, 38 ], [ -122, 38 ], [ -122, 38 ], [ -122, 38 ], [ -122, 38 ], [ -122, 38 ], [ -122, 38 ], [ -122, 38 ], [ -122, 38 ], [ -122, 38 ], [ -122, 38 ], [ -122, 38 ], [ -122, 38 ], [ -122, 38 ], [ -122, 38 ], [ -122, 38 ], [ -122, 38 ], [ -122, 38 ], [ -122, 38 ], [ -122, 38 ], [ -122, 38 ], [ -122, 38 ], [ -122, 38 ], [ -122, 38 ], [ -122, 38 ], [ -122, 38 ], [ -122, 38 ], [ -122, 38 ], [ -122, 38 ], [ -122, 38 ], [ -122, 38 ], [ -122, 38 ], [ -122, 38 ], [ -122, 38 ], [ -122, 38 ], [ -122, 38 ], [ -122, 38 ], [ -122, 38 ], [ -122, 38 ] ] ], [ [ [ -124, 42 ], [ -124, 42 ], [ -124, 42 ], [ -124, 42 ], [ -124, 42 ], [ -124, 42 ], [ -124, 42 ], [ -124, 42 ], [ -124, 42 ], [ -124, 42 ], [ -124, 42 ], [ -124, 42 ], [ -124, 42 ], [ -124, 42 ], [ -124, 42 ], [ -124, 42 ], [ -124, 42 ], [ -124, 42 ], [ -124, 42 ], [ -124, 42 ], [ -124, 42 ], [ -124, 42 ], [ -124, 42 ], [ -124, 42 ], [ -124, 42 ], [ -124, 42 ], [ -124, 42 ], [ -124, 42 ], [ -124, 42 ], [ -124, 42 ], [ -124, 42 ], [ -124, 42 ], [ -124, 42 ], [ -124, 42 ], [ -124, 42 ], [ -124, 42 ], [ -124, 42 ], [ -124, 42 ], [ -124, 42 ], [ -124, 42 ], [ -124, 42 ], [ -124, 42 ], [ -124, 42 ], [ -124, 42 ], [ -124, 42 ], [ -124, 42 ], [ -124, 42 ], [ -124, 42 ], [ -124, 42 ], [ -124, 42 ], [ -124, 42 ], [ -124, 42 ], [ -124, 42 ], [ -124, 42 ], [ -124, 42 ], [ -124, 42 ], [ -124, 42 ], [ -124, 42 ], [ -124, 42 ], [ -124, 42 ], [ -124, 42 ], [ -124, 42 ], [ -124, 42 ], [ -124, 42 ], [ -124, 42 ], [ -124, 42 ], [ -124, 42 ], [ -124, 42 ], [ -124, 42 ], [ -124, 42 ], [ -124, 42 ], [ -124, 42 ], [ -124, 42 ], [ -124, 42 ], [ -124, 42 ], [ -124, 42 ], [ -124, 42 ], [ -124, 42 ], [ -124, 42 ], [ -124, 42 ], [ -124, 42 ], [ -124, 42 ], [ -124, 42 ], [ -124, 42 ], [ -124, 42 ], [ -124, 42 ], [ -124, 42 ], [ -124, 42 ], [ -124, 42 ], [ -124, 42 ], [ -124, 42 ], [ -124, 42 ], [ -124, 42 ], [ -124, 42 ], [ -124, 42 ], [ -124, 42 ], [ -124, 42 ], [ -124, 42 ], [ -124, 42 ], [ -124, 42 ], [ -124, 42 ], [ -124, 42 ], [ -124, 42 ], [ -124, 42 ], [ -124, 42 ], [ -124, 42 ], [ -124, 42 ], [ -124, 42 ], [ -124, 42 ], [ -124, 42 ], [ -124, 42 ], [ -124, 42 ], [ -124, 42 ], [ -124, 42 ], [ -124, 42 ], [ -124, 42 ], [ -124, 42 ], [ -124, 42 ], [ -124, 42 ], [ -124, 42 ], [ -124, 42 ], [ -124, 42 ], [ -124, 42 ], [ -124, 42 ], [ -124, 42 ], [ -124, 42 ], [ -124, 42 ], [ -124, 42 ], [ -124, 42 ], [ -124, 42 ], [ -124, 42 ], [ -124, 42 ], [ -124, 42 ], [ -124, 42 ], [ -124, 42 ], [ -124, 42 ], [ -124, 42 ], [ -124, 42 ], [ -124, 42 ], [ -124, 42 ], [ -124, 42 ], [ -124, 42 ], [ -124, 42 ], [ -124, 42 ], [ -124, 42 ], [ -124, 42 ], [ -124, 42 ], [ -124, 42 ], [ -124, 42 ], [ -124, 42 ], [ -124, 42 ], [ -124, 42 ], [ -124, 42 ], [ -124, 42 ], [ -124, 42 ], [ -124, 42 ], [ -124, 42 ], [ -124, 42 ], [ -124, 42 ], [ -124, 42 ], [ -124, 42 ], [ -124, 42 ], [ -124, 42 ], [ -124, 42 ], [ -124, 42 ], [ -124, 42 ], [ -124, 42 ], [ -124, 42 ], [ -124, 42 ], [ -124, 42 ], [ -124, 42 ], [ -124, 42 ], [ -124, 42 ], [ -124, 42 ], [ -124, 42 ], [ -124, 42 ], [ -124, 42 ], [ -124, 42 ], [ -124, 42 ], [ -124, 42 ], [ -124, 42 ], [ -124, 42 ], [ -124, 42 ], [ -124, 42 ], [ -124, 42 ], [ -124, 42 ], [ -124, 42 ], [ -124, 42 ], [ -124, 42 ], [ -124, 42 ], [ -124, 42 ], [ -124, 42 ], [ -124, 42 ], [ -124, 42 ], [ -124, 42 ], [ -124, 42 ], [ -124, 42 ], [ -124, 42 ], [ -124, 42 ], [ -124, 42 ], [ -124, 42 ], [ -124, 42 ], [ -124, 42 ], [ -124, 42 ], [ -124, 42 ], [ -124, 42 ], [ -124, 42 ], [ -124, 42 ], [ -124, 42 ], [ -124, 42 ], [ -124, 42 ], [ -124, 42 ], [ -124, 42 ], [ -124, 42 ], [ -124, 42 ], [ -124, 42 ], [ -124, 42 ], [ -124, 42 ], [ -124, 42 ], [ -124, 42 ], [ -124, 42 ], [ -124, 42 ], [ -124, 42 ], [ -124, 42 ], [ -124, 42 ], [ -124, 42 ], [ -124, 42 ], [ -124, 42 ], [ -124, 42 ], [ -124, 42 ], [ -124, 42 ], [ -124, 42 ], [ -124, 42 ], [ -124, 42 ], [ -124, 42 ], [ -124, 42 ], [ -124, 42 ], [ -124, 42 ], [ -124, 42 ], [ -124, 42 ], [ -124, 42 ], [ -124, 42 ], [ -124, 42 ], [ -124, 42 ], [ -124, 42 ], [ -124, 42 ], [ -124, 42 ], [ -124, 42 ], [ -124, 42 ], [ -124, 42 ], [ -124, 42 ], [ -124, 42 ], [ -124, 42 ], [ -124, 42 ], [ -124, 42 ], [ -124, 42 ], [ -124, 42 ], [ -124, 42 ], [ -124, 42 ], [ -124, 42 ], [ -124, 42 ], [ -124, 42 ], [ -124, 42 ], [ -124, 42 ], [ -124, 42 ], [ -124, 42 ], [ -124, 42 ], [ -124, 42 ], [ -124, 42 ], [ -124, 42 ], [ -124, 42 ], [ -124, 42 ], [ -124, 42 ], [ -124, 42 ], [ -124, 42 ], [ -124, 42 ], [ -124, 42 ], [ -124, 42 ], [ -124, 42 ], [ -124, 42 ], [ -124, 42 ], [ -124, 42 ], [ -124, 42 ], [ -124, 42 ], [ -124, 42 ], [ -124, 42 ], [ -124, 42 ], [ -124, 42 ], [ -124, 42 ], [ -124, 42 ], [ -124, 42 ], [ -124, 42 ], [ -124, 42 ], [ -124, 42 ], [ -124, 42 ], [ -124, 42 ], [ -124, 42 ], [ -124, 42 ], [ -124, 42 ], [ -124, 42 ], [ -123, 42 ], [ -123, 42 ], [ -123, 42 ], [ -123, 42 ], [ -123, 42 ], [ -123, 42 ], [ -123, 42 ], [ -123, 42 ], [ -123, 42 ], [ -123, 42 ], [ -123, 42 ], [ -123, 42 ], [ -123, 42 ], [ -123, 42 ], [ -123, 42 ], [ -123, 42 ], [ -123, 42 ], [ -123, 42 ], [ -123, 42 ], [ -123, 42 ], [ -123, 42 ], [ -123, 42 ], [ -123, 42 ], [ -123, 42 ], [ -123, 42 ], [ -123, 42 ], [ -123, 42 ], [ -123, 42 ], [ -123, 42 ], [ -123, 42 ], [ -123, 42 ], [ -123, 42 ], [ -123, 42 ], [ -123, 42 ], [ -123, 42 ], [ -123, 42 ], [ -123, 42 ], [ -123, 42 ], [ -123, 42 ], [ -123, 42 ], [ -123, 42 ], [ -123, 42 ], [ -123, 42 ], [ -123, 42 ], [ -123, 42 ], [ -123, 42 ], [ -123, 42 ], [ -123, 42 ], [ -123, 42 ], [ -123, 42 ], [ -123, 42 ], [ -123, 42 ], [ -123, 42 ], [ -123, 42 ], [ -123, 42 ], [ -123, 42 ], [ -123, 42 ], [ -123, 42 ], [ -123, 42 ], [ -123, 42 ], [ -123, 42 ], [ -123, 42 ], [ -123, 42 ], [ -123, 42 ], [ -123, 42 ], [ -123, 42 ], [ -123, 42 ], [ -123, 42 ], [ -123, 42 ], [ -123, 42 ], [ -123, 42 ], [ -123, 42 ], [ -123, 42 ], [ -123, 42 ], [ -123, 42 ], [ -123, 42 ], [ -123, 42 ], [ -123, 42 ], [ -123, 42 ], [ -123, 42 ], [ -123, 42 ], [ -123, 42 ], [ -123, 42 ], [ -123, 42 ], [ -123, 42 ], [ -123, 42 ], [ -123, 42 ], [ -123, 42 ], [ -123, 42 ], [ -123, 42 ], [ -123, 42 ], [ -123, 42 ], [ -123, 42 ], [ -123, 42 ], [ -123, 42 ], [ -123, 42 ], [ -123, 42 ], [ -123, 42 ], [ -123, 42 ], [ -123, 42 ], [ -123, 42 ], [ -123, 42 ], [ -123, 42 ], [ -123, 42 ], [ -123, 42 ], [ -123, 42 ], [ -123, 42 ], [ -123, 42 ], [ -123, 42 ], [ -123, 42 ], [ -123, 42 ], [ -123, 42 ], [ -123, 42 ], [ -123, 42 ], [ -123, 42 ], [ -123, 42 ], [ -123, 42 ], [ -123, 42 ], [ -123, 42 ], [ -123, 42 ], [ -123, 42 ], [ -123, 42 ], [ -123, 42 ], [ -123, 42 ], [ -123, 42 ], [ -123, 42 ], [ -123, 42 ], [ -123, 42 ], [ -123, 42 ], [ -123, 42 ], [ -123, 42 ], [ -123, 42 ], [ -123, 42 ], [ -123, 42 ], [ -123, 42 ], [ -123, 42 ], [ -123, 42 ], [ -123, 42 ], [ -123, 42 ], [ -123, 42 ], [ -123, 42 ], [ -123, 42 ], [ -123, 42 ], [ -123, 42 ], [ -123, 42 ], [ -123, 42 ], [ -123, 42 ], [ -123, 42 ], [ -123, 42 ], [ -123, 42 ], [ -123, 42 ], [ -123, 42 ], [ -123, 42 ], [ -123, 42 ], [ -123, 42 ], [ -123, 42 ], [ -123, 42 ], [ -123, 42 ], [ -123, 42 ], [ -123, 42 ], [ -123, 42 ], [ -123, 42 ], [ -123, 42 ], [ -123, 42 ], [ -123, 42 ], [ -123, 42 ], [ -123, 42 ], [ -123, 42 ], [ -123, 42 ], [ -123, 42 ], [ -123, 42 ], [ -123, 42 ], [ -123, 42 ], [ -123, 42 ], [ -123, 42 ], [ -123, 42 ], [ -123, 42 ], [ -123, 42 ], [ -123, 42 ], [ -123, 42 ], [ -123, 42 ], [ -123, 42 ], [ -123, 42 ], [ -123, 42 ], [ -123, 42 ], [ -123, 42 ], [ -123, 42 ], [ -123, 42 ], [ -123, 42 ], [ -123, 42 ], [ -123, 42 ], [ -123, 42 ], [ -123, 42 ], [ -123, 42 ], [ -123, 42 ], [ -123, 42 ], [ -123, 42 ], [ -123, 42 ], [ -123, 42 ], [ -123, 42 ], [ -123, 42 ], [ -123, 42 ], [ -123, 42 ], [ -123, 42 ], [ -123, 42 ], [ -123, 42 ], [ -123, 42 ], [ -123, 42 ], [ -123, 42 ], [ -123, 42 ], [ -123, 42 ], [ -123, 42 ], [ -123, 42 ], [ -123, 42 ], [ -123, 42 ], [ -123, 42 ], [ -123, 42 ], [ -123, 42 ], [ -123, 42 ], [ -123, 42 ], [ -123, 42 ], [ -123, 42 ], [ -123, 42 ], [ -123, 42 ], [ -123, 42 ], [ -123, 42 ], [ -123, 42 ], [ -123, 42 ], [ -123, 42 ], [ -123, 42 ], [ -123, 42 ], [ -123, 42 ], [ -123, 42 ], [ -123, 42 ], [ -123, 42 ], [ -123, 42 ], [ -123, 42 ], [ -123, 42 ], [ -123, 42 ], [ -123, 42 ], [ -123, 42 ], [ -123, 42 ], [ -123, 42 ], [ -123, 42 ], [ -123, 42 ], [ -123, 42 ], [ -123, 42 ], [ -123, 42 ], [ -123, 42 ], [ -123, 42 ], [ -123, 42 ], [ -123, 42 ], [ -123, 42 ], [ -123, 42 ], [ -123, 42 ], [ -123, 42 ], [ -123, 42 ], [ -123, 42 ], [ -123, 42 ], [ -123, 42 ], [ -123, 42 ], [ -123, 42 ], [ -123, 42 ], [ -123, 42 ], [ -123, 42 ], [ -123, 42 ], [ -123, 42 ], [ -123, 42 ], [ -123, 42 ], [ -123, 42 ], [ -123, 42 ], [ -123, 42 ], [ -123, 42 ], [ -123, 42 ], [ -123, 42 ], [ -123, 42 ], [ -123, 42 ], [ -123, 42 ], [ -123, 42 ], [ -123, 42 ], [ -123, 42 ], [ -123, 42 ], [ -123, 42 ], [ -123, 42 ], [ -123, 42 ], [ -123, 42 ], [ -123, 42 ], [ -123, 42 ], [ -123, 42 ], [ -123, 42 ], [ -123, 42 ], [ -123, 42 ], [ -123, 42 ], [ -123, 42 ], [ -123, 42 ], [ -123, 42 ], [ -123, 42 ], [ -123, 42 ], [ -123, 42 ], [ -123, 42 ], [ -123, 42 ], [ -123, 42 ], [ -123, 42 ], [ -123, 42 ], [ -123, 42 ], [ -123, 42 ], [ -123, 42 ], [ -123, 42 ], [ -123, 42 ], [ -123, 42 ], [ -123, 42 ], [ -123, 42 ], [ -123, 42 ], [ -123, 42 ], [ -123, 42 ], [ -123, 42 ], [ -123, 42 ], [ -123, 42 ], [ -123, 42 ], [ -123, 42 ], [ -123, 42 ], [ -123, 42 ], [ -123, 42 ], [ -123, 42 ], [ -123, 42 ], [ -123, 42 ], [ -123, 42 ], [ -123, 42 ], [ -123, 42 ], [ -123, 42 ], [ -123, 42 ], [ -123, 42 ], [ -123, 42 ], [ -123, 42 ], [ -123, 42 ], [ -123, 42 ], [ -123, 42 ], [ -123, 42 ], [ -123, 42 ], [ -123, 42 ], [ -123, 42 ], [ -123, 42 ], [ -123, 42 ], [ -123, 42 ], [ -123, 42 ], [ -123, 42 ], [ -123, 42 ], [ -123, 42 ], [ -123, 42 ], [ -123, 42 ], [ -123, 42 ], [ -123, 42 ], [ -123, 42 ], [ -123, 42 ], [ -123, 42 ], [ -123, 42 ], [ -123, 42 ], [ -123, 42 ], [ -123, 42 ], [ -123, 42 ], [ -123, 42 ], [ -123, 42 ], [ -123, 42 ], [ -123, 42 ], [ -123, 42 ], [ -123, 42 ], [ -123, 42 ], [ -123, 42 ], [ -123, 42 ], [ -123, 42 ], [ -123, 42 ], [ -123, 42 ], [ -123, 42 ], [ -123, 42 ], [ -123, 42 ], [ -123, 42 ], [ -123, 42 ], [ -123, 42 ], [ -123, 42 ], [ -123, 42 ], [ -123, 42 ], [ -123, 42 ], [ -123, 42 ], [ -123, 42 ], [ -123, 42 ], [ -123, 42 ], [ -123, 42 ], [ -123, 42 ], [ -123, 42 ], [ -123, 42 ], [ -123, 42 ], [ -123, 42 ], [ -123, 42 ], [ -123, 42 ], [ -123, 42 ], [ -123, 42 ], [ -123, 42 ], [ -123, 42 ], [ -123, 42 ], [ -123, 42 ], [ -123, 42 ], [ -123, 42 ], [ -123, 42 ], [ -123, 42 ], [ -123, 42 ], [ -123, 42 ], [ -123, 42 ], [ -123, 42 ], [ -123, 42 ], [ -123, 42 ], [ -123, 42 ], [ -123, 42 ], [ -123, 42 ], [ -123, 42 ], [ -123, 42 ], [ -123, 42 ], [ -123, 42 ], [ -123, 42 ], [ -123, 42 ], [ -123, 42 ], [ -123, 42 ], [ -123, 42 ], [ -123, 42 ], [ -123, 42 ], [ -123, 42 ], [ -123, 42 ], [ -123, 42 ], [ -123, 42 ], [ -123, 42 ], [ -123, 42 ], [ -123, 42 ], [ -123, 42 ], [ -123, 42 ], [ -123, 42 ], [ -123, 42 ], [ -123, 42 ], [ -123, 42 ], [ -123, 42 ], [ -123, 42 ], [ -123, 42 ], [ -123, 42 ], [ -123, 42 ], [ -123, 42 ], [ -123, 42 ], [ -123, 42 ], [ -123, 42 ], [ -123, 42 ], [ -123, 42 ], [ -123, 42 ], [ -123, 42 ], [ -123, 42 ], [ -123, 42 ], [ -123, 42 ], [ -123, 42 ], [ -123, 42 ], [ -123, 42 ], [ -123, 42 ], [ -123, 42 ], [ -123, 42 ], [ -123, 42 ], [ -123, 42 ], [ -123, 42 ], [ -123, 42 ], [ -123, 42 ], [ -123, 42 ], [ -123, 42 ], [ -123, 42 ], [ -123, 42 ], [ -123, 42 ], [ -123, 42 ], [ -123, 42 ], [ -123, 42 ], [ -123, 42 ], [ -123, 42 ], [ -123, 42 ], [ -123, 42 ], [ -123, 42 ], [ -123, 42 ], [ -122, 42 ], [ -122, 42 ], [ -122, 42 ], [ -122, 42 ], [ -122, 42 ], [ -122, 42 ], [ -122, 42 ], [ -122, 42 ], [ -122, 42 ], [ -122, 42 ], [ -122, 42 ], [ -122, 42 ], [ -122, 42 ], [ -122, 42 ], [ -122, 42 ], [ -122, 42 ], [ -122, 42 ], [ -122, 42 ], [ -122, 42 ], [ -122, 42 ], [ -122, 42 ], [ -122, 42 ], [ -122, 42 ], [ -122, 42 ], [ -122, 42 ], [ -122, 42 ], [ -122, 42 ], [ -122, 42 ], [ -122, 42 ], [ -122, 42 ], [ -122, 42 ], [ -122, 42 ], [ -122, 42 ], [ -122, 42 ], [ -122, 42 ], [ -122, 42 ], [ -122, 42 ], [ -122, 42 ], [ -122, 42 ], [ -122, 42 ], [ -122, 42 ], [ -122, 42 ], [ -122, 42 ], [ -122, 42 ], [ -122, 42 ], [ -122, 42 ], [ -122, 42 ], [ -122, 42 ], [ -122, 42 ], [ -122, 42 ], [ -122, 42 ], [ -122, 42 ], [ -122, 42 ], [ -122, 42 ], [ -122, 42 ], [ -122, 42 ], [ -122, 42 ], [ -122, 42 ], [ -122, 42 ], [ -122, 42 ], [ -122, 42 ], [ -122, 42 ], [ -122, 42 ], [ -122, 42 ], [ -122, 42 ], [ -122, 42 ], [ -122, 42 ], [ -122, 42 ], [ -122, 42 ], [ -122, 42 ], [ -122, 42 ], [ -122, 42 ], [ -122, 42 ], [ -122, 42 ], [ -122, 42 ], [ -122, 42 ], [ -122, 42 ], [ -122, 42 ], [ -122, 42 ], [ -122, 42 ], [ -122, 42 ], [ -122, 42 ], [ -122, 42 ], [ -122, 42 ], [ -122, 42 ], [ -122, 42 ], [ -122, 42 ], [ -122, 42 ], [ -122, 42 ], [ -122, 42 ], [ -122, 42 ], [ -122, 42 ], [ -122, 42 ], [ -122, 42 ], [ -122, 42 ], [ -122, 42 ], [ -122, 42 ], [ -122, 42 ], [ -122, 42 ], [ -122, 42 ], [ -122, 42 ], [ -122, 42 ], [ -122, 42 ], [ -122, 42 ], [ -122, 42 ], [ -122, 42 ], [ -122, 42 ], [ -122, 42 ], [ -122, 42 ], [ -122, 42 ], [ -122, 42 ], [ -122, 42 ], [ -122, 42 ], [ -122, 42 ], [ -122, 42 ], [ -122, 42 ], [ -122, 42 ], [ -122, 42 ], [ -122, 42 ], [ -122, 42 ], [ -122, 42 ], [ -122, 42 ], [ -122, 42 ], [ -122, 42 ], [ -122, 42 ], [ -122, 42 ], [ -122, 42 ], [ -122, 42 ], [ -122, 42 ], [ -122, 42 ], [ -122, 42 ], [ -122, 42 ], [ -122, 42 ], [ -122, 42 ], [ -122, 42 ], [ -122, 42 ], [ -122, 42 ], [ -122, 42 ], [ -122, 42 ], [ -122, 42 ], [ -122, 42 ], [ -122, 42 ], [ -122, 42 ], [ -122, 42 ], [ -122, 42 ], [ -122, 42 ], [ -122, 42 ], [ -122, 42 ], [ -122, 42 ], [ -122, 42 ], [ -122, 42 ], [ -122, 42 ], [ -122, 42 ], [ -122, 42 ], [ -122, 42 ], [ -122, 42 ], [ -122, 42 ], [ -122, 42 ], [ -122, 42 ], [ -122, 42 ], [ -122, 42 ], [ -122, 42 ], [ -122, 42 ], [ -122, 42 ], [ -122, 42 ], [ -122, 42 ], [ -122, 42 ], [ -122, 42 ], [ -122, 42 ], [ -122, 42 ], [ -122, 42 ], [ -122, 42 ], [ -122, 42 ], [ -122, 42 ], [ -122, 42 ], [ -122, 42 ], [ -122, 42 ], [ -122, 42 ], [ -122, 42 ], [ -122, 42 ], [ -122, 42 ], [ -122, 42 ], [ -122, 42 ], [ -122, 42 ], [ -122, 42 ], [ -122, 42 ], [ -122, 42 ], [ -122, 42 ], [ -122, 42 ], [ -122, 42 ], [ -122, 42 ], [ -122, 42 ], [ -122, 42 ], [ -122, 42 ], [ -122, 42 ], [ -122, 42 ], [ -122, 42 ], [ -122, 42 ], [ -122, 42 ], [ -122, 42 ], [ -122, 42 ], [ -122, 42 ], [ -122, 42 ], [ -122, 42 ], [ -122, 42 ], [ -122, 42 ], [ -122, 42 ], [ -122, 42 ], [ -122, 42 ], [ -122, 42 ], [ -122, 42 ], [ -122, 42 ], [ -122, 42 ], [ -122, 42 ], [ -122, 42 ], [ -122, 42 ], [ -122, 42 ], [ -122, 42 ], [ -122, 42 ], [ -122, 42 ], [ -122, 42 ], [ -122, 42 ], [ -122, 42 ], [ -122, 42 ], [ -122, 42 ], [ -122, 42 ], [ -122, 42 ], [ -122, 42 ], [ -122, 42 ], [ -122, 42 ], [ -122, 42 ], [ -122, 42 ], [ -122, 42 ], [ -122, 42 ], [ -122, 42 ], [ -122, 42 ], [ -122, 42 ], [ -122, 42 ], [ -122, 42 ], [ -122, 42 ], [ -122, 42 ], [ -122, 42 ], [ -122, 42 ], [ -122, 42 ], [ -122, 42 ], [ -122, 42 ], [ -122, 42 ], [ -122, 42 ], [ -122, 42 ], [ -122, 42 ], [ -122, 42 ], [ -122, 42 ], [ -122, 42 ], [ -122, 42 ], [ -122, 42 ], [ -122, 42 ], [ -122, 42 ], [ -122, 42 ], [ -122, 42 ], [ -122, 42 ], [ -122, 42 ], [ -122, 42 ], [ -122, 42 ], [ -122, 42 ], [ -122, 42 ], [ -122, 42 ], [ -122, 42 ], [ -122, 42 ], [ -122, 42 ], [ -122, 42 ], [ -122, 42 ], [ -122, 42 ], [ -122, 42 ], [ -122, 42 ], [ -122, 42 ], [ -122, 42 ], [ -122, 42 ], [ -122, 42 ], [ -122, 42 ], [ -122, 42 ], [ -122, 42 ], [ -122, 42 ], [ -122, 42 ], [ -122, 42 ], [ -122, 42 ], [ -122, 42 ], [ -122, 42 ], [ -122, 42 ], [ -122, 42 ], [ -122, 42 ], [ -122, 42 ], [ -122, 42 ], [ -122, 42 ], [ -122, 42 ], [ -122, 42 ], [ -122, 42 ], [ -122, 42 ], [ -122, 42 ], [ -122, 42 ], [ -122, 42 ], [ -122, 42 ], [ -122, 42 ], [ -122, 42 ], [ -122, 42 ], [ -122, 42 ], [ -122, 42 ], [ -122, 42 ], [ -122, 42 ], [ -122, 42 ], [ -122, 42 ], [ -122, 42 ], [ -122, 42 ], [ -122, 42 ], [ -122, 42 ], [ -122, 42 ], [ -122, 42 ], [ -122, 42 ], [ -122, 42 ], [ -122, 42 ], [ -122, 42 ], [ -122, 42 ], [ -122, 42 ], [ -122, 42 ], [ -122, 42 ], [ -122, 42 ], [ -122, 42 ], [ -122, 42 ], [ -122, 42 ], [ -122, 42 ], [ -122, 42 ], [ -122, 42 ], [ -122, 42 ], [ -122, 42 ], [ -122, 42 ], [ -122, 42 ], [ -122, 42 ], [ -122, 42 ], [ -122, 42 ], [ -122, 42 ], [ -122, 42 ], [ -122, 42 ], [ -122, 42 ], [ -122, 42 ], [ -122, 42 ], [ -122, 42 ], [ -122, 42 ], [ -122, 42 ], [ -122, 42 ], [ -122, 42 ], [ -122, 42 ], [ -122, 42 ], [ -122, 42 ], [ -122, 42 ], [ -122, 42 ], [ -122, 42 ], [ -122, 42 ], [ -122, 42 ], [ -122, 42 ], [ -122, 42 ], [ -122, 42 ], [ -122, 42 ], [ -122, 42 ], [ -122, 42 ], [ -122, 42 ], [ -122, 42 ], [ -122, 42 ], [ -122, 42 ], [ -122, 42 ], [ -122, 42 ], [ -122, 42 ], [ -122, 42 ], [ -122, 42 ], [ -122, 42 ], [ -122, 42 ], [ -122, 42 ], [ -122, 42 ], [ -122, 42 ], [ -122, 42 ], [ -122, 42 ], [ -122, 42 ], [ -122, 42 ], [ -122, 42 ], [ -122, 42 ], [ -122, 42 ], [ -122, 42 ], [ -122, 42 ], [ -122, 42 ], [ -122, 42 ], [ -122, 42 ], [ -122, 42 ], [ -122, 42 ], [ -122, 42 ], [ -122, 42 ], [ -122, 42 ], [ -122, 42 ], [ -122, 42 ], [ -122, 42 ], [ -122, 42 ], [ -122, 42 ], [ -122, 42 ], [ -122, 42 ], [ -122, 42 ], [ -122, 42 ], [ -122, 42 ], [ -122, 42 ], [ -122, 42 ], [ -122, 42 ], [ -122, 42 ], [ -122, 42 ], [ -122, 42 ], [ -122, 42 ], [ -122, 42 ], [ -122, 42 ], [ -122, 42 ], [ -122, 42 ], [ -122, 42 ], [ -122, 42 ], [ -122, 42 ], [ -122, 42 ], [ -122, 42 ], [ -122, 42 ], [ -122, 42 ], [ -122, 42 ], [ -122, 42 ], [ -122, 42 ], [ -122, 42 ], [ -122, 42 ], [ -122, 42 ], [ -122, 42 ], [ -122, 42 ], [ -122, 42 ], [ -122, 42 ], [ -122, 42 ], [ -122, 42 ], [ -122, 42 ], [ -122, 42 ], [ -122, 42 ], [ -122, 42 ], [ -122, 42 ], [ -122, 42 ], [ -122, 42 ], [ -122, 42 ], [ -122, 42 ], [ -122, 42 ], [ -122, 42 ], [ -122, 42 ], [ -122, 42 ], [ -122, 42 ], [ -122, 42 ], [ -122, 42 ], [ -122, 42 ], [ -122, 42 ], [ -122, 42 ], [ -122, 42 ], [ -122, 42 ], [ -122, 42 ], [ -122, 42 ], [ -122, 42 ], [ -122, 42 ], [ -122, 42 ], [ -122, 42 ], [ -122, 42 ], [ -122, 42 ], [ -122, 42 ], [ -122, 42 ], [ -122, 42 ], [ -122, 42 ], [ -122, 42 ], [ -122, 42 ], [ -122, 42 ], [ -122, 42 ], [ -122, 42 ], [ -122, 42 ], [ -122, 42 ], [ -122, 42 ], [ -122, 42 ], [ -122, 42 ], [ -122, 42 ], [ -122, 42 ], [ -122, 42 ], [ -122, 42 ], [ -122, 42 ], [ -122, 42 ], [ -122, 42 ], [ -122, 42 ], [ -121, 42 ], [ -121, 42 ], [ -121, 42 ], [ -121, 42 ], [ -121, 42 ], [ -121, 42 ], [ -121, 42 ], [ -121, 42 ], [ -121, 42 ], [ -121, 42 ], [ -121, 42 ], [ -121, 42 ], [ -121, 42 ], [ -121, 42 ], [ -121, 42 ], [ -121, 42 ], [ -121, 42 ], [ -121, 42 ], [ -121, 42 ], [ -121, 42 ], [ -121, 42 ], [ -121, 42 ], [ -121, 42 ], [ -121, 42 ], [ -121, 42 ], [ -121, 42 ], [ -121, 42 ], [ -121, 42 ], [ -121, 42 ], [ -121, 42 ], [ -121, 42 ], [ -121, 42 ], [ -121, 42 ], [ -121, 42 ], [ -121, 42 ], [ -121, 42 ], [ -121, 42 ], [ -121, 42 ], [ -121, 42 ], [ -121, 42 ], [ -121, 42 ], [ -121, 42 ], [ -121, 42 ], [ -121, 42 ], [ -121, 42 ], [ -121, 42 ], [ -121, 42 ], [ -121, 42 ], [ -121, 42 ], [ -121, 42 ], [ -121, 42 ], [ -121, 42 ], [ -121, 42 ], [ -121, 42 ], [ -121, 42 ], [ -121, 42 ], [ -121, 42 ], [ -121, 42 ], [ -121, 42 ], [ -121, 42 ], [ -121, 42 ], [ -121, 42 ], [ -121, 42 ], [ -121, 42 ], [ -121, 42 ], [ -121, 42 ], [ -121, 42 ], [ -121, 42 ], [ -121, 42 ], [ -121, 42 ], [ -121, 42 ], [ -121, 42 ], [ -121, 42 ], [ -121, 42 ], [ -121, 42 ], [ -121, 42 ], [ -121, 42 ], [ -121, 42 ], [ -121, 42 ], [ -121, 42 ], [ -121, 42 ], [ -121, 42 ], [ -121, 42 ], [ -121, 42 ], [ -121, 42 ], [ -121, 42 ], [ -121, 42 ], [ -121, 42 ], [ -121, 42 ], [ -121, 42 ], [ -121, 42 ], [ -121, 42 ], [ -121, 42 ], [ -121, 42 ], [ -121, 42 ], [ -121, 42 ], [ -121, 42 ], [ -121, 42 ], [ -121, 42 ], [ -121, 42 ], [ -121, 42 ], [ -121, 42 ], [ -121, 42 ], [ -121, 42 ], [ -121, 42 ], [ -121, 42 ], [ -121, 42 ], [ -121, 42 ], [ -121, 42 ], [ -121, 42 ], [ -121, 42 ], [ -121, 42 ], [ -121, 42 ], [ -121, 42 ], [ -121, 42 ], [ -121, 42 ], [ -121, 42 ], [ -121, 42 ], [ -121, 42 ], [ -121, 42 ], [ -121, 42 ], [ -121, 42 ], [ -121, 42 ], [ -121, 42 ], [ -121, 42 ], [ -121, 42 ], [ -121, 42 ], [ -121, 42 ], [ -121, 42 ], [ -121, 42 ], [ -121, 42 ], [ -121, 42 ], [ -121, 42 ], [ -121, 42 ], [ -121, 42 ], [ -121, 42 ], [ -121, 42 ], [ -121, 42 ], [ -121, 42 ], [ -121, 42 ], [ -121, 42 ], [ -121, 42 ], [ -121, 42 ], [ -121, 42 ], [ -121, 42 ], [ -121, 42 ], [ -121, 42 ], [ -121, 42 ], [ -121, 42 ], [ -121, 42 ], [ -121, 42 ], [ -121, 42 ], [ -121, 42 ], [ -121, 42 ], [ -121, 42 ], [ -121, 42 ], [ -121, 42 ], [ -121, 42 ], [ -121, 42 ], [ -121, 42 ], [ -121, 42 ], [ -121, 42 ], [ -121, 42 ], [ -121, 42 ], [ -121, 42 ], [ -121, 42 ], [ -121, 42 ], [ -121, 42 ], [ -121, 42 ], [ -121, 42 ], [ -121, 42 ], [ -121, 42 ], [ -121, 42 ], [ -121, 42 ], [ -121, 42 ], [ -121, 42 ], [ -121, 42 ], [ -121, 42 ], [ -121, 42 ], [ -121, 42 ], [ -121, 42 ], [ -121, 42 ], [ -121, 42 ], [ -121, 42 ], [ -121, 42 ], [ -121, 42 ], [ -121, 42 ], [ -121, 42 ], [ -121, 42 ], [ -121, 42 ], [ -121, 42 ], [ -121, 42 ], [ -121, 42 ], [ -121, 42 ], [ -121, 42 ], [ -121, 42 ], [ -121, 42 ], [ -121, 42 ], [ -121, 42 ], [ -121, 42 ], [ -121, 42 ], [ -121, 42 ], [ -121, 42 ], [ -121, 42 ], [ -121, 42 ], [ -121, 42 ], [ -121, 42 ], [ -121, 42 ], [ -121, 42 ], [ -121, 42 ], [ -121, 42 ], [ -121, 42 ], [ -121, 42 ], [ -121, 42 ], [ -121, 42 ], [ -121, 42 ], [ -121, 42 ], [ -121, 42 ], [ -121, 42 ], [ -121, 42 ], [ -121, 42 ], [ -121, 42 ], [ -121, 42 ], [ -121, 42 ], [ -121, 42 ], [ -121, 42 ], [ -121, 42 ], [ -121, 42 ], [ -121, 42 ], [ -121, 42 ], [ -121, 42 ], [ -121, 42 ], [ -121, 42 ], [ -121, 42 ], [ -121, 42 ], [ -121, 42 ], [ -121, 42 ], [ -121, 42 ], [ -121, 42 ], [ -121, 42 ], [ -121, 42 ], [ -121, 42 ], [ -121, 42 ], [ -121, 42 ], [ -121, 42 ], [ -121, 42 ], [ -121, 42 ], [ -121, 42 ], [ -121, 42 ], [ -121, 42 ], [ -121, 42 ], [ -121, 42 ], [ -121, 42 ], [ -121, 42 ], [ -121, 42 ], [ -121, 42 ], [ -121, 42 ], [ -121, 42 ], [ -121, 42 ], [ -121, 42 ], [ -121, 42 ], [ -121, 42 ], [ -121, 42 ], [ -121, 42 ], [ -121, 42 ], [ -121, 42 ], [ -121, 42 ], [ -121, 42 ], [ -121, 42 ], [ -121, 42 ], [ -121, 42 ], [ -121, 42 ], [ -121, 42 ], [ -121, 42 ], [ -121, 42 ], [ -121, 42 ], [ -121, 42 ], [ -121, 42 ], [ -121, 42 ], [ -121, 42 ], [ -121, 42 ], [ -121, 42 ], [ -121, 42 ], [ -121, 42 ], [ -121, 42 ], [ -121, 42 ], [ -121, 42 ], [ -121, 42 ], [ -121, 42 ], [ -121, 42 ], [ -121, 42 ], [ -121, 42 ], [ -121, 42 ], [ -121, 42 ], [ -121, 42 ], [ -121, 42 ], [ -121, 42 ], [ -121, 42 ], [ -121, 42 ], [ -121, 42 ], [ -121, 42 ], [ -121, 42 ], [ -121, 42 ], [ -121, 42 ], [ -121, 42 ], [ -121, 42 ], [ -121, 42 ], [ -121, 42 ], [ -121, 42 ], [ -121, 42 ], [ -121, 42 ], [ -121, 42 ], [ -121, 42 ], [ -121, 42 ], [ -121, 42 ], [ -121, 42 ], [ -121, 42 ], [ -121, 42 ], [ -121, 42 ], [ -121, 42 ], [ -121, 42 ], [ -121, 42 ], [ -121, 42 ], [ -121, 42 ], [ -121, 42 ], [ -121, 42 ], [ -121, 42 ], [ -121, 42 ], [ -121, 42 ], [ -121, 42 ], [ -121, 42 ], [ -121, 42 ], [ -121, 42 ], [ -121, 42 ], [ -121, 42 ], [ -121, 42 ], [ -121, 42 ], [ -121, 42 ], [ -121, 42 ], [ -121, 42 ], [ -121, 42 ], [ -121, 42 ], [ -121, 42 ], [ -121, 42 ], [ -121, 42 ], [ -121, 42 ], [ -121, 42 ], [ -121, 42 ], [ -121, 42 ], [ -121, 42 ], [ -121, 42 ], [ -121, 42 ], [ -121, 42 ], [ -121, 42 ], [ -121, 42 ], [ -121, 42 ], [ -121, 42 ], [ -121, 42 ], [ -121, 42 ], [ -121, 42 ], [ -121, 42 ], [ -121, 42 ], [ -121, 42 ], [ -121, 42 ], [ -121, 42 ], [ -121, 42 ], [ -121, 42 ], [ -121, 42 ], [ -121, 42 ], [ -121, 42 ], [ -121, 42 ], [ -121, 42 ], [ -121, 42 ], [ -121, 42 ], [ -121, 42 ], [ -121, 42 ], [ -121, 42 ], [ -121, 42 ], [ -121, 42 ], [ -121, 42 ], [ -121, 42 ], [ -121, 42 ], [ -121, 42 ], [ -121, 42 ], [ -121, 42 ], [ -121, 42 ], [ -121, 42 ], [ -121, 42 ], [ -121, 42 ], [ -121, 42 ], [ -121, 42 ], [ -121, 42 ], [ -121, 42 ], [ -121, 42 ], [ -121, 42 ], [ -121, 42 ], [ -121, 42 ], [ -121, 42 ], [ -121, 42 ], [ -121, 42 ], [ -121, 42 ], [ -121, 42 ], [ -121, 42 ], [ -121, 42 ], [ -121, 42 ], [ -121, 42 ], [ -121, 42 ], [ -121, 42 ], [ -121, 42 ], [ -121, 42 ], [ -121, 42 ], [ -121, 42 ], [ -121, 42 ], [ -121, 42 ], [ -121, 42 ], [ -121, 42 ], [ -121, 42 ], [ -121, 42 ], [ -121, 42 ], [ -121, 42 ], [ -121, 42 ], [ -121, 42 ], [ -121, 42 ], [ -121, 42 ], [ -121, 42 ], [ -121, 42 ], [ -121, 42 ], [ -121, 42 ], [ -121, 42 ], [ -121, 42 ], [ -121, 42 ], [ -121, 42 ], [ -121, 42 ], [ -121, 42 ], [ -121, 42 ], [ -121, 42 ], [ -121, 42 ], [ -121, 42 ], [ -121, 42 ], [ -121, 42 ], [ -121, 42 ], [ -121, 42 ], [ -121, 42 ], [ -121, 42 ], [ -121, 42 ], [ -121, 42 ], [ -121, 42 ], [ -121, 42 ], [ -121, 42 ], [ -121, 42 ], [ -121, 42 ], [ -121, 42 ], [ -121, 42 ], [ -121, 42 ], [ -121, 42 ], [ -121, 42 ], [ -121, 42 ], [ -121, 42 ], [ -121, 42 ], [ -121, 42 ], [ -121, 42 ], [ -121, 42 ], [ -121, 42 ], [ -121, 42 ], [ -121, 42 ], [ -121, 42 ], [ -121, 42 ], [ -121, 42 ], [ -121, 42 ], [ -121, 42 ], [ -121, 42 ], [ -121, 42 ], [ -121, 42 ], [ -121, 42 ], [ -121, 42 ], [ -121, 42 ], [ -121, 42 ], [ -121, 42 ], [ -121, 42 ], [ -121, 42 ], [ -121, 42 ], [ -121, 42 ], [ -121, 42 ], [ -121, 42 ], [ -121, 42 ], [ -121, 42 ], [ -121, 42 ], [ -121, 42 ], [ -121, 42 ], [ -121, 42 ], [ -121, 42 ], [ -121, 42 ], [ -121, 42 ], [ -121, 42 ], [ -121, 42 ], [ -121, 42 ], [ -121, 42 ], [ -121, 42 ], [ -121, 42 ], [ -121, 42 ], [ -121, 42 ], [ -121, 42 ], [ -121, 42 ], [ -121, 42 ], [ -121, 42 ], [ -121, 42 ], [ -121, 42 ], [ -121, 42 ], [ -121, 42 ], [ -121, 42 ], [ -121, 42 ], [ -121, 42 ], [ -121, 42 ], [ -121, 42 ], [ -121, 42 ], [ -121, 42 ], [ -121, 42 ], [ -121, 42 ], [ -121, 42 ], [ -121, 42 ], [ -121, 42 ], [ -121, 42 ], [ -121, 42 ], [ -121, 42 ], [ -121, 42 ], [ -121, 42 ], [ -121, 42 ], [ -121, 42 ], [ -121, 42 ], [ -121, 42 ], [ -121, 42 ], [ -121, 42 ], [ -121, 42 ], [ -121, 42 ], [ -121, 42 ], [ -121, 42 ], [ -121, 42 ], [ -121, 42 ], [ -121, 42 ], [ -121, 42 ], [ -121, 42 ], [ -121, 42 ], [ -121, 42 ], [ -121, 42 ], [ -121, 42 ], [ -121, 42 ], [ -121, 42 ], [ -121, 42 ], [ -121, 42 ], [ -121, 42 ], [ -121, 42 ], [ -121, 42 ], [ -121, 42 ], [ -121, 42 ], [ -121, 42 ], [ -121, 42 ], [ -121, 42 ], [ -121, 42 ], [ -121, 42 ], [ -121, 42 ], [ -121, 42 ], [ -121, 42 ], [ -121, 42 ], [ -121, 42 ], [ -121, 42 ], [ -121, 42 ], [ -121, 42 ], [ -121, 42 ], [ -121, 42 ], [ -121, 42 ], [ -121, 42 ], [ -121, 42 ], [ -121, 42 ], [ -121, 42 ], [ -121, 42 ], [ -121, 42 ], [ -121, 42 ], [ -121, 42 ], [ -121, 42 ], [ -121, 42 ], [ -121, 42 ], [ -121, 42 ], [ -121, 42 ], [ -121, 42 ], [ -121, 42 ], [ -121, 42 ], [ -121, 42 ], [ -121, 42 ], [ -121, 42 ], [ -121, 42 ], [ -121, 42 ], [ -121, 42 ], [ -121, 42 ], [ -121, 42 ], [ -121, 42 ], [ -121, 42 ], [ -121, 42 ], [ -121, 42 ], [ -121, 42 ], [ -121, 42 ], [ -121, 42 ], [ -121, 42 ], [ -121, 42 ], [ -121, 42 ], [ -121, 42 ], [ -121, 42 ], [ -121, 42 ], [ -121, 42 ], [ -121, 42 ], [ -121, 42 ], [ -121, 42 ], [ -121, 42 ], [ -121, 42 ], [ -121, 42 ], [ -121, 42 ], [ -121, 42 ], [ -121, 42 ], [ -121, 42 ], [ -120, 42 ], [ -120, 42 ], [ -120, 42 ], [ -120, 42 ], [ -120, 42 ], [ -120, 42 ], [ -120, 42 ], [ -120, 42 ], [ -120, 42 ], [ -120, 42 ], [ -120, 42 ], [ -120, 42 ], [ -120, 42 ], [ -120, 42 ], [ -120, 42 ], [ -120, 42 ], [ -120, 42 ], [ -120, 42 ], [ -120, 42 ], [ -120, 42 ], [ -120, 42 ], [ -120, 42 ], [ -120, 42 ], [ -120, 42 ], [ -120, 42 ], [ -120, 42 ], [ -120, 42 ], [ -120, 42 ], [ -120, 42 ], [ -120, 42 ], [ -120, 42 ], [ -120, 42 ], [ -120, 42 ], [ -120, 42 ], [ -120, 42 ], [ -120, 42 ], [ -120, 42 ], [ -120, 42 ], [ -120, 42 ], [ -120, 42 ], [ -120, 42 ], [ -120, 42 ], [ -120, 42 ], [ -120, 42 ], [ -120, 42 ], [ -120, 42 ], [ -120, 42 ], [ -120, 42 ], [ -120, 42 ], [ -120, 42 ], [ -120, 42 ], [ -120, 42 ], [ -120, 42 ], [ -120, 42 ], [ -120, 42 ], [ -120, 42 ], [ -120, 42 ], [ -120, 42 ], [ -120, 42 ], [ -120, 42 ], [ -120, 42 ], [ -120, 42 ], [ -120, 42 ], [ -120, 42 ], [ -120, 42 ], [ -120, 42 ], [ -120, 42 ], [ -120, 42 ], [ -120, 42 ], [ -120, 42 ], [ -120, 42 ], [ -120, 42 ], [ -120, 42 ], [ -120, 42 ], [ -120, 42 ], [ -120, 42 ], [ -120, 42 ], [ -120, 42 ], [ -120, 42 ], [ -120, 42 ], [ -120, 42 ], [ -120, 42 ], [ -120, 42 ], [ -120, 42 ], [ -120, 42 ], [ -120, 42 ], [ -120, 42 ], [ -120, 42 ], [ -120, 42 ], [ -120, 42 ], [ -120, 42 ], [ -120, 42 ], [ -120, 42 ], [ -120, 42 ], [ -120, 42 ], [ -120, 42 ], [ -120, 42 ], [ -120, 42 ], [ -120, 42 ], [ -120, 42 ], [ -120, 42 ], [ -120, 42 ], [ -120, 42 ], [ -120, 42 ], [ -120, 42 ], [ -120, 42 ], [ -120, 42 ], [ -120, 42 ], [ -120, 42 ], [ -120, 42 ], [ -120, 42 ], [ -120, 42 ], [ -120, 42 ], [ -120, 42 ], [ -120, 42 ], [ -120, 42 ], [ -120, 42 ], [ -120, 42 ], [ -120, 42 ], [ -120, 42 ], [ -120, 42 ], [ -120, 42 ], [ -120, 42 ], [ -120, 42 ], [ -120, 42 ], [ -120, 42 ], [ -120, 42 ], [ -120, 42 ], [ -120, 42 ], [ -120, 42 ], [ -120, 42 ], [ -120, 42 ], [ -120, 42 ], [ -120, 42 ], [ -120, 42 ], [ -120, 42 ], [ -120, 42 ], [ -120, 42 ], [ -120, 42 ], [ -120, 42 ], [ -120, 42 ], [ -120, 42 ], [ -120, 42 ], [ -120, 42 ], [ -120, 42 ], [ -120, 42 ], [ -120, 42 ], [ -120, 42 ], [ -120, 42 ], [ -120, 42 ], [ -120, 42 ], [ -120, 42 ], [ -120, 42 ], [ -120, 42 ], [ -120, 42 ], [ -120, 42 ], [ -120, 42 ], [ -120, 42 ], [ -120, 42 ], [ -120, 42 ], [ -120, 42 ], [ -120, 42 ], [ -120, 42 ], [ -120, 42 ], [ -120, 42 ], [ -120, 42 ], [ -120, 42 ], [ -120, 42 ], [ -120, 42 ], [ -120, 42 ], [ -120, 42 ], [ -120, 42 ], [ -120, 42 ], [ -120, 42 ], [ -120, 42 ], [ -120, 42 ], [ -120, 42 ], [ -120, 42 ], [ -120, 42 ], [ -120, 42 ], [ -120, 42 ], [ -120, 42 ], [ -120, 42 ], [ -120, 42 ], [ -120, 42 ], [ -120, 42 ], [ -120, 42 ], [ -120, 42 ], [ -120, 42 ], [ -120, 42 ], [ -120, 42 ], [ -120, 42 ], [ -120, 42 ], [ -120, 42 ], [ -120, 42 ], [ -120, 42 ], [ -120, 42 ], [ -120, 42 ], [ -120, 42 ], [ -120, 42 ], [ -120, 42 ], [ -120, 42 ], [ -120, 42 ], [ -120, 42 ], [ -120, 42 ], [ -120, 42 ], [ -120, 42 ], [ -120, 42 ], [ -120, 42 ], [ -120, 42 ], [ -120, 42 ], [ -120, 42 ], [ -120, 42 ], [ -120, 42 ], [ -120, 42 ], [ -120, 42 ], [ -120, 42 ], [ -120, 42 ], [ -120, 42 ], [ -120, 42 ], [ -120, 42 ], [ -120, 42 ], [ -120, 42 ], [ -120, 42 ], [ -120, 42 ], [ -120, 42 ], [ -120, 42 ], [ -120, 42 ], [ -120, 42 ], [ -120, 42 ], [ -120, 42 ], [ -120, 42 ], [ -120, 42 ], [ -120, 42 ], [ -120, 42 ], [ -120, 42 ], [ -120, 42 ], [ -120, 42 ], [ -120, 42 ], [ -120, 42 ], [ -120, 42 ], [ -120, 42 ], [ -120, 42 ], [ -120, 42 ], [ -120, 42 ], [ -120, 42 ], [ -120, 42 ], [ -120, 42 ], [ -120, 42 ], [ -120, 42 ], [ -120, 42 ], [ -120, 42 ], [ -120, 42 ], [ -120, 42 ], [ -120, 42 ], [ -120, 42 ], [ -120, 42 ], [ -120, 42 ], [ -120, 42 ], [ -120, 42 ], [ -120, 42 ], [ -120, 42 ], [ -120, 42 ], [ -120, 42 ], [ -120, 42 ], [ -120, 42 ], [ -120, 42 ], [ -120, 42 ], [ -120, 42 ], [ -120, 42 ], [ -120, 42 ], [ -120, 42 ], [ -120, 42 ], [ -120, 42 ], [ -120, 42 ], [ -120, 42 ], [ -120, 42 ], [ -120, 42 ], [ -120, 42 ], [ -120, 42 ], [ -120, 42 ], [ -120, 42 ], [ -120, 42 ], [ -120, 42 ], [ -120, 42 ], [ -120, 42 ], [ -120, 42 ], [ -120, 42 ], [ -120, 42 ], [ -120, 42 ], [ -120, 42 ], [ -120, 42 ], [ -120, 42 ], [ -120, 42 ], [ -120, 42 ], [ -120, 42 ], [ -120, 42 ], [ -120, 42 ], [ -120, 42 ], [ -120, 42 ], [ -120, 42 ], [ -120, 42 ], [ -120, 42 ], [ -120, 42 ], [ -120, 42 ], [ -120, 42 ], [ -120, 42 ], [ -120, 42 ], [ -120, 42 ], [ -120, 42 ], [ -120, 42 ], [ -120, 42 ], [ -120, 42 ], [ -120, 42 ], [ -120, 42 ], [ -120, 42 ], [ -120, 42 ], [ -120, 42 ], [ -120, 42 ], [ -120, 42 ], [ -120, 42 ], [ -120, 42 ], [ -120, 42 ], [ -120, 42 ], [ -120, 42 ], [ -120, 42 ], [ -120, 42 ], [ -120, 42 ], [ -120, 42 ], [ -120, 42 ], [ -120, 42 ], [ -120, 42 ], [ -120, 42 ], [ -120, 42 ], [ -120, 42 ], [ -120, 42 ], [ -120, 42 ], [ -120, 42 ], [ -120, 42 ], [ -120, 42 ], [ -120, 42 ], [ -120, 42 ], [ -120, 42 ], [ -120, 42 ], [ -120, 42 ], [ -120, 42 ], [ -120, 42 ], [ -120, 42 ], [ -120, 42 ], [ -120, 42 ], [ -120, 42 ], [ -120, 42 ], [ -120, 42 ], [ -120, 42 ], [ -120, 42 ], [ -120, 42 ], [ -120, 42 ], [ -120, 42 ], [ -120, 42 ], [ -120, 42 ], [ -120, 42 ], [ -120, 42 ], [ -120, 42 ], [ -120, 42 ], [ -120, 42 ], [ -120, 42 ], [ -120, 42 ], [ -120, 42 ], [ -120, 42 ], [ -120, 42 ], [ -120, 42 ], [ -120, 42 ], [ -120, 42 ], [ -120, 42 ], [ -120, 42 ], [ -120, 42 ], [ -120, 42 ], [ -120, 42 ], [ -120, 42 ], [ -120, 42 ], [ -120, 42 ], [ -120, 42 ], [ -120, 42 ], [ -120, 42 ], [ -120, 42 ], [ -120, 42 ], [ -120, 42 ], [ -120, 42 ], [ -120, 42 ], [ -120, 42 ], [ -120, 42 ], [ -120, 42 ], [ -120, 42 ], [ -120, 42 ], [ -120, 42 ], [ -120, 42 ], [ -120, 42 ], [ -120, 42 ], [ -120, 42 ], [ -120, 42 ], [ -120, 42 ], [ -120, 42 ], [ -120, 42 ], [ -120, 42 ], [ -120, 42 ], [ -120, 42 ], [ -120, 42 ], [ -120, 42 ], [ -120, 42 ], [ -120, 42 ], [ -120, 42 ], [ -120, 42 ], [ -120, 42 ], [ -120, 42 ], [ -120, 42 ], [ -120, 42 ], [ -120, 42 ], [ -120, 42 ], [ -120, 42 ], [ -120, 42 ], [ -120, 42 ], [ -120, 42 ], [ -120, 42 ], [ -120, 42 ], [ -120, 42 ], [ -120, 42 ], [ -120, 42 ], [ -120, 42 ], [ -120, 42 ], [ -120, 42 ], [ -120, 42 ], [ -120, 42 ], [ -120, 42 ], [ -120, 42 ], [ -120, 42 ], [ -120, 42 ], [ -120, 42 ], [ -120, 41 ], [ -120, 41 ], [ -120, 41 ], [ -120, 41 ], [ -120, 41 ], [ -120, 41 ], [ -120, 41 ], [ -120, 41 ], [ -120, 41 ], [ -120, 41 ], [ -120, 41 ], [ -120, 41 ], [ -120, 41 ], [ -120, 41 ], [ -120, 41 ], [ -120, 41 ], [ -120, 41 ], [ -120, 41 ], [ -120, 41 ], [ -120, 41 ], [ -120, 41 ], [ -120, 41 ], [ -120, 41 ], [ -120, 41 ], [ -120, 41 ], [ -120, 41 ], [ -120, 41 ], [ -120, 41 ], [ -120, 41 ], [ -120, 41 ], [ -120, 41 ], [ -120, 41 ], [ -120, 41 ], [ -120, 41 ], [ -120, 41 ], [ -120, 41 ], [ -120, 41 ], [ -120, 41 ], [ -120, 41 ], [ -120, 41 ], [ -120, 41 ], [ -120, 41 ], [ -120, 41 ], [ -120, 41 ], [ -120, 41 ], [ -120, 41 ], [ -120, 41 ], [ -120, 41 ], [ -120, 41 ], [ -120, 41 ], [ -120, 41 ], [ -120, 41 ], [ -120, 41 ], [ -120, 41 ], [ -120, 41 ], [ -120, 41 ], [ -120, 41 ], [ -120, 41 ], [ -120, 41 ], [ -120, 41 ], [ -120, 41 ], [ -120, 41 ], [ -120, 41 ], [ -120, 41 ], [ -120, 41 ], [ -120, 41 ], [ -120, 41 ], [ -120, 41 ], [ -120, 41 ], [ -120, 41 ], [ -120, 41 ], [ -120, 41 ], [ -120, 41 ], [ -120, 41 ], [ -120, 41 ], [ -120, 41 ], [ -120, 41 ], [ -120, 41 ], [ -120, 41 ], [ -120, 41 ], [ -120, 41 ], [ -120, 41 ], [ -120, 41 ], [ -120, 41 ], [ -120, 41 ], [ -120, 41 ], [ -120, 41 ], [ -120, 41 ], [ -120, 41 ], [ -120, 41 ], [ -120, 41 ], [ -120, 41 ], [ -120, 41 ], [ -120, 41 ], [ -120, 41 ], [ -120, 41 ], [ -120, 41 ], [ -120, 41 ], [ -120, 41 ], [ -120, 41 ], [ -120, 41 ], [ -120, 41 ], [ -120, 41 ], [ -120, 41 ], [ -120, 41 ], [ -120, 41 ], [ -120, 41 ], [ -120, 41 ], [ -120, 41 ], [ -120, 41 ], [ -120, 41 ], [ -120, 41 ], [ -120, 41 ], [ -120, 41 ], [ -120, 41 ], [ -120, 41 ], [ -120, 41 ], [ -120, 41 ], [ -120, 41 ], [ -120, 41 ], [ -120, 41 ], [ -120, 41 ], [ -120, 41 ], [ -120, 41 ], [ -120, 41 ], [ -120, 41 ], [ -120, 41 ], [ -120, 41 ], [ -120, 41 ], [ -120, 41 ], [ -120, 41 ], [ -120, 41 ], [ -120, 41 ], [ -120, 41 ], [ -120, 41 ], [ -120, 41 ], [ -120, 41 ], [ -120, 41 ], [ -120, 41 ], [ -120, 41 ], [ -120, 41 ], [ -120, 41 ], [ -120, 41 ], [ -120, 41 ], [ -120, 41 ], [ -120, 41 ], [ -120, 41 ], [ -120, 41 ], [ -120, 41 ], [ -120, 41 ], [ -120, 41 ], [ -120, 41 ], [ -120, 41 ], [ -120, 41 ], [ -120, 41 ], [ -120, 41 ], [ -120, 41 ], [ -120, 41 ], [ -120, 41 ], [ -120, 41 ], [ -120, 41 ], [ -120, 41 ], [ -120, 41 ], [ -120, 41 ], [ -120, 41 ], [ -120, 41 ], [ -120, 41 ], [ -120, 41 ], [ -120, 41 ], [ -120, 41 ], [ -120, 41 ], [ -120, 41 ], [ -120, 41 ], [ -120, 41 ], [ -120, 41 ], [ -120, 41 ], [ -120, 41 ], [ -120, 41 ], [ -120, 41 ], [ -120, 41 ], [ -120, 41 ], [ -120, 41 ], [ -120, 41 ], [ -120, 41 ], [ -120, 41 ], [ -120, 41 ], [ -120, 41 ], [ -120, 41 ], [ -120, 41 ], [ -120, 41 ], [ -120, 41 ], [ -120, 41 ], [ -120, 41 ], [ -120, 41 ], [ -120, 41 ], [ -120, 41 ], [ -120, 41 ], [ -120, 41 ], [ -120, 41 ], [ -120, 41 ], [ -120, 41 ], [ -120, 41 ], [ -120, 41 ], [ -120, 41 ], [ -120, 41 ], [ -120, 41 ], [ -120, 41 ], [ -120, 41 ], [ -120, 41 ], [ -120, 41 ], [ -120, 41 ], [ -120, 41 ], [ -120, 41 ], [ -120, 41 ], [ -120, 41 ], [ -120, 41 ], [ -120, 41 ], [ -120, 41 ], [ -120, 41 ], [ -120, 41 ], [ -120, 41 ], [ -120, 41 ], [ -120, 41 ], [ -120, 41 ], [ -120, 41 ], [ -120, 41 ], [ -120, 41 ], [ -120, 41 ], [ -120, 41 ], [ -120, 41 ], [ -120, 41 ], [ -120, 41 ], [ -120, 41 ], [ -120, 41 ], [ -120, 41 ], [ -120, 41 ], [ -120, 41 ], [ -120, 41 ], [ -120, 41 ], [ -120, 41 ], [ -120, 41 ], [ -120, 41 ], [ -120, 41 ], [ -120, 41 ], [ -120, 41 ], [ -120, 41 ], [ -120, 41 ], [ -120, 41 ], [ -120, 41 ], [ -120, 41 ], [ -120, 41 ], [ -120, 41 ], [ -120, 41 ], [ -120, 41 ], [ -120, 41 ], [ -120, 41 ], [ -120, 41 ], [ -120, 41 ], [ -120, 41 ], [ -120, 41 ], [ -120, 41 ], [ -120, 41 ], [ -120, 41 ], [ -120, 41 ], [ -120, 41 ], [ -120, 41 ], [ -120, 41 ], [ -120, 41 ], [ -120, 41 ], [ -120, 41 ], [ -120, 41 ], [ -120, 41 ], [ -120, 41 ], [ -120, 41 ], [ -120, 41 ], [ -120, 41 ], [ -120, 41 ], [ -120, 41 ], [ -120, 41 ], [ -120, 41 ], [ -120, 41 ], [ -120, 41 ], [ -120, 41 ], [ -120, 41 ], [ -120, 41 ], [ -120, 41 ], [ -120, 41 ], [ -120, 41 ], [ -120, 40 ], [ -120, 40 ], [ -120, 40 ], [ -120, 40 ], [ -120, 40 ], [ -120, 40 ], [ -120, 40 ], [ -120, 40 ], [ -120, 40 ], [ -120, 40 ], [ -120, 40 ], [ -120, 40 ], [ -120, 40 ], [ -120, 40 ], [ -120, 40 ], [ -120, 40 ], [ -120, 40 ], [ -120, 40 ], [ -120, 40 ], [ -120, 40 ], [ -120, 40 ], [ -120, 40 ], [ -120, 40 ], [ -120, 40 ], [ -120, 40 ], [ -120, 40 ], [ -120, 40 ], [ -120, 40 ], [ -120, 40 ], [ -120, 40 ], [ -120, 40 ], [ -120, 40 ], [ -120, 40 ], [ -120, 40 ], [ -120, 40 ], [ -120, 40 ], [ -120, 40 ], [ -120, 40 ], [ -120, 40 ], [ -120, 40 ], [ -120, 40 ], [ -120, 40 ], [ -120, 40 ], [ -120, 40 ], [ -120, 40 ], [ -120, 40 ], [ -120, 40 ], [ -120, 40 ], [ -120, 40 ], [ -120, 40 ], [ -120, 40 ], [ -120, 40 ], [ -120, 40 ], [ -120, 40 ], [ -120, 40 ], [ -120, 40 ], [ -120, 40 ], [ -120, 40 ], [ -120, 40 ], [ -120, 40 ], [ -120, 40 ], [ -120, 40 ], [ -120, 40 ], [ -120, 40 ], [ -120, 40 ], [ -120, 40 ], [ -120, 40 ], [ -120, 40 ], [ -120, 40 ], [ -120, 40 ], [ -120, 40 ], [ -120, 40 ], [ -120, 40 ], [ -120, 40 ], [ -120, 40 ], [ -120, 40 ], [ -120, 40 ], [ -120, 40 ], [ -120, 40 ], [ -120, 40 ], [ -120, 40 ], [ -120, 40 ], [ -120, 40 ], [ -120, 40 ], [ -120, 40 ], [ -120, 40 ], [ -120, 40 ], [ -120, 40 ], [ -120, 40 ], [ -120, 40 ], [ -120, 40 ], [ -120, 40 ], [ -120, 40 ], [ -120, 40 ], [ -120, 40 ], [ -120, 40 ], [ -120, 40 ], [ -120, 40 ], [ -120, 40 ], [ -120, 40 ], [ -120, 40 ], [ -120, 40 ], [ -120, 40 ], [ -120, 40 ], [ -120, 40 ], [ -120, 40 ], [ -120, 40 ], [ -120, 40 ], [ -120, 40 ], [ -120, 40 ], [ -120, 40 ], [ -120, 40 ], [ -120, 40 ], [ -120, 40 ], [ -120, 40 ], [ -120, 40 ], [ -120, 40 ], [ -120, 40 ], [ -120, 40 ], [ -120, 40 ], [ -120, 40 ], [ -120, 40 ], [ -120, 40 ], [ -120, 40 ], [ -120, 40 ], [ -120, 40 ], [ -120, 40 ], [ -120, 40 ], [ -120, 40 ], [ -120, 40 ], [ -120, 40 ], [ -120, 40 ], [ -120, 40 ], [ -120, 40 ], [ -120, 40 ], [ -120, 40 ], [ -120, 40 ], [ -120, 40 ], [ -120, 40 ], [ -120, 40 ], [ -120, 40 ], [ -120, 40 ], [ -120, 40 ], [ -120, 40 ], [ -120, 40 ], [ -120, 40 ], [ -120, 40 ], [ -120, 40 ], [ -120, 40 ], [ -120, 40 ], [ -120, 40 ], [ -120, 40 ], [ -120, 40 ], [ -120, 40 ], [ -120, 40 ], [ -120, 40 ], [ -120, 40 ], [ -120, 40 ], [ -120, 40 ], [ -120, 40 ], [ -120, 40 ], [ -120, 40 ], [ -120, 40 ], [ -120, 40 ], [ -120, 40 ], [ -120, 40 ], [ -120, 40 ], [ -120, 40 ], [ -120, 40 ], [ -120, 40 ], [ -120, 40 ], [ -120, 40 ], [ -120, 40 ], [ -120, 40 ], [ -120, 40 ], [ -120, 40 ], [ -120, 40 ], [ -120, 40 ], [ -120, 40 ], [ -120, 40 ], [ -120, 40 ], [ -120, 40 ], [ -120, 40 ], [ -120, 40 ], [ -120, 40 ], [ -120, 40 ], [ -120, 40 ], [ -120, 40 ], [ -120, 40 ], [ -120, 40 ], [ -120, 40 ], [ -120, 40 ], [ -120, 40 ], [ -120, 40 ], [ -120, 40 ], [ -120, 40 ], [ -120, 40 ], [ -120, 40 ], [ -120, 40 ], [ -120, 40 ], [ -120, 40 ], [ -120, 40 ], [ -120, 40 ], [ -120, 40 ], [ -120, 40 ], [ -120, 40 ], [ -120, 40 ], [ -120, 40 ], [ -120, 40 ], [ -120, 40 ], [ -120, 40 ], [ -120, 40 ], [ -120, 40 ], [ -120, 40 ], [ -120, 40 ], [ -120, 40 ], [ -120, 40 ], [ -120, 40 ], [ -120, 40 ], [ -120, 40 ], [ -120, 40 ], [ -120, 40 ], [ -120, 40 ], [ -120, 40 ], [ -120, 40 ], [ -120, 40 ], [ -120, 40 ], [ -120, 40 ], [ -120, 40 ], [ -120, 40 ], [ -120, 40 ], [ -120, 40 ], [ -120, 40 ], [ -120, 40 ], [ -120, 40 ], [ -120, 40 ], [ -120, 40 ], [ -120, 40 ], [ -120, 40 ], [ -120, 40 ], [ -120, 40 ], [ -120, 40 ], [ -120, 40 ], [ -120, 40 ], [ -120, 40 ], [ -120, 40 ], [ -120, 40 ], [ -120, 40 ], [ -120, 40 ], [ -120, 40 ], [ -120, 40 ], [ -120, 40 ], [ -120, 40 ], [ -120, 40 ], [ -120, 40 ], [ -120, 40 ], [ -120, 40 ], [ -120, 40 ], [ -120, 40 ], [ -120, 40 ], [ -120, 40 ], [ -120, 40 ], [ -120, 40 ], [ -120, 40 ], [ -120, 40 ], [ -120, 40 ], [ -120, 40 ], [ -120, 40 ], [ -120, 40 ], [ -120, 40 ], [ -120, 40 ], [ -120, 40 ], [ -120, 40 ], [ -120, 40 ], [ -120, 40 ], [ -120, 40 ], [ -120, 40 ], [ -120, 40 ], [ -120, 40 ], [ -120, 40 ], [ -120, 40 ], [ -120, 40 ], [ -120, 40 ], [ -120, 40 ], [ -120, 40 ], [ -120, 40 ], [ -120, 40 ], [ -120, 40 ], [ -120, 40 ], [ -120, 40 ], [ -120, 40 ], [ -120, 40 ], [ -120, 40 ], [ -120, 40 ], [ -120, 40 ], [ -120, 40 ], [ -120, 40 ], [ -120, 40 ], [ -120, 40 ], [ -120, 40 ], [ -120, 40 ], [ -120, 40 ], [ -120, 40 ], [ -120, 40 ], [ -120, 40 ], [ -120, 40 ], [ -120, 40 ], [ -120, 40 ], [ -120, 40 ], [ -120, 40 ], [ -120, 40 ], [ -120, 40 ], [ -120, 40 ], [ -120, 40 ], [ -120, 40 ], [ -120, 40 ], [ -120, 40 ], [ -120, 40 ], [ -120, 40 ], [ -120, 40 ], [ -120, 40 ], [ -120, 40 ], [ -120, 40 ], [ -120, 40 ], [ -120, 40 ], [ -120, 40 ], [ -120, 40 ], [ -120, 40 ], [ -120, 40 ], [ -120, 40 ], [ -120, 40 ], [ -120, 40 ], [ -120, 40 ], [ -120, 40 ], [ -120, 40 ], [ -120, 40 ], [ -120, 40 ], [ -120, 40 ], [ -120, 40 ], [ -120, 40 ], [ -120, 40 ], [ -120, 40 ], [ -120, 40 ], [ -120, 40 ], [ -120, 40 ], [ -120, 40 ], [ -120, 40 ], [ -120, 40 ], [ -120, 40 ], [ -120, 40 ], [ -120, 40 ], [ -120, 40 ], [ -120, 40 ], [ -120, 40 ], [ -120, 40 ], [ -120, 40 ], [ -120, 40 ], [ -120, 40 ], [ -120, 40 ], [ -120, 40 ], [ -120, 40 ], [ -120, 40 ], [ -120, 40 ], [ -120, 40 ], [ -120, 40 ], [ -120, 40 ], [ -120, 40 ], [ -120, 40 ], [ -120, 40 ], [ -120, 40 ], [ -120, 40 ], [ -120, 40 ], [ -120, 40 ], [ -120, 40 ], [ -120, 40 ], [ -120, 40 ], [ -120, 40 ], [ -120, 40 ], [ -120, 40 ], [ -120, 40 ], [ -120, 40 ], [ -120, 40 ], [ -120, 40 ], [ -120, 40 ], [ -120, 40 ], [ -120, 40 ], [ -120, 40 ], [ -120, 40 ], [ -120, 40 ], [ -120, 40 ], [ -120, 40 ], [ -120, 40 ], [ -120, 40 ], [ -120, 40 ], [ -120, 40 ], [ -120, 40 ], [ -120, 40 ], [ -120, 40 ], [ -120, 40 ], [ -120, 40 ], [ -120, 40 ], [ -120, 40 ], [ -120, 40 ], [ -120, 40 ], [ -120, 40 ], [ -120, 40 ], [ -120, 40 ], [ -120, 40 ], [ -120, 40 ], [ -120, 40 ], [ -120, 40 ], [ -120, 40 ], [ -120, 40 ], [ -120, 40 ], [ -120, 40 ], [ -120, 40 ], [ -120, 40 ], [ -120, 40 ], [ -120, 40 ], [ -120, 40 ], [ -120, 40 ], [ -120, 40 ], [ -120, 40 ], [ -120, 40 ], [ -120, 40 ], [ -120, 40 ], [ -120, 40 ], [ -120, 40 ], [ -120, 40 ], [ -120, 40 ], [ -120, 40 ], [ -120, 40 ], [ -120, 40 ], [ -120, 40 ], [ -120, 40 ], [ -120, 40 ], [ -120, 39 ], [ -120, 39 ], [ -120, 39 ], [ -120, 39 ], [ -120, 39 ], [ -120, 39 ], [ -120, 39 ], [ -120, 39 ], [ -120, 39 ], [ -120, 39 ], [ -120, 39 ], [ -120, 39 ], [ -120, 39 ], [ -120, 39 ], [ -120, 39 ], [ -120, 39 ], [ -120, 39 ], [ -120, 39 ], [ -120, 39 ], [ -120, 39 ], [ -120, 39 ], [ -120, 39 ], [ -120, 39 ], [ -120, 39 ], [ -120, 39 ], [ -120, 39 ], [ -120, 39 ], [ -120, 39 ], [ -120, 39 ], [ -120, 39 ], [ -120, 39 ], [ -120, 39 ], [ -120, 39 ], [ -120, 39 ], [ -120, 39 ], [ -120, 39 ], [ -120, 39 ], [ -120, 39 ], [ -120, 39 ], [ -120, 39 ], [ -120, 39 ], [ -120, 39 ], [ -120, 39 ], [ -120, 39 ], [ -120, 39 ], [ -120, 39 ], [ -120, 39 ], [ -120, 39 ], [ -120, 39 ], [ -120, 39 ], [ -120, 39 ], [ -120, 39 ], [ -120, 39 ], [ -120, 39 ], [ -120, 39 ], [ -120, 39 ], [ -120, 39 ], [ -120, 39 ], [ -120, 39 ], [ -120, 39 ], [ -120, 39 ], [ -120, 39 ], [ -120, 39 ], [ -120, 39 ], [ -120, 39 ], [ -120, 39 ], [ -120, 39 ], [ -120, 39 ], [ -120, 39 ], [ -120, 39 ], [ -120, 39 ], [ -120, 39 ], [ -120, 39 ], [ -120, 39 ], [ -120, 39 ], [ -120, 39 ], [ -120, 39 ], [ -120, 39 ], [ -120, 39 ], [ -120, 39 ], [ -120, 39 ], [ -120, 39 ], [ -120, 39 ], [ -120, 39 ], [ -120, 39 ], [ -120, 39 ], [ -120, 39 ], [ -120, 39 ], [ -120, 39 ], [ -120, 39 ], [ -120, 39 ], [ -120, 39 ], [ -120, 39 ], [ -120, 39 ], [ -120, 39 ], [ -120, 39 ], [ -120, 39 ], [ -120, 39 ], [ -120, 39 ], [ -120, 39 ], [ -120, 39 ], [ -120, 39 ], [ -120, 39 ], [ -120, 39 ], [ -120, 39 ], [ -120, 39 ], [ -120, 39 ], [ -120, 39 ], [ -120, 39 ], [ -120, 39 ], [ -120, 39 ], [ -120, 39 ], [ -120, 39 ], [ -120, 39 ], [ -120, 39 ], [ -120, 39 ], [ -120, 39 ], [ -120, 39 ], [ -120, 39 ], [ -120, 39 ], [ -120, 39 ], [ -120, 39 ], [ -120, 39 ], [ -120, 39 ], [ -120, 39 ], [ -120, 39 ], [ -120, 39 ], [ -120, 39 ], [ -120, 39 ], [ -120, 39 ], [ -120, 39 ], [ -120, 39 ], [ -120, 39 ], [ -120, 39 ], [ -120, 39 ], [ -120, 39 ], [ -120, 39 ], [ -120, 39 ], [ -120, 39 ], [ -120, 39 ], [ -120, 39 ], [ -120, 39 ], [ -120, 39 ], [ -120, 39 ], [ -120, 39 ], [ -120, 39 ], [ -120, 39 ], [ -120, 39 ], [ -120, 39 ], [ -120, 39 ], [ -120, 39 ], [ -120, 39 ], [ -120, 39 ], [ -120, 39 ], [ -120, 39 ], [ -120, 39 ], [ -120, 39 ], [ -120, 39 ], [ -120, 39 ], [ -120, 39 ], [ -120, 39 ], [ -120, 39 ], [ -120, 39 ], [ -120, 39 ], [ -120, 39 ], [ -120, 39 ], [ -120, 39 ], [ -120, 39 ], [ -120, 39 ], [ -120, 39 ], [ -120, 39 ], [ -120, 39 ], [ -120, 39 ], [ -120, 39 ], [ -120, 39 ], [ -120, 39 ], [ -120, 39 ], [ -120, 39 ], [ -120, 39 ], [ -120, 39 ], [ -120, 39 ], [ -120, 39 ], [ -120, 39 ], [ -120, 39 ], [ -120, 39 ], [ -120, 39 ], [ -120, 39 ], [ -120, 39 ], [ -120, 39 ], [ -120, 39 ], [ -120, 39 ], [ -120, 39 ], [ -120, 39 ], [ -120, 39 ], [ -120, 39 ], [ -120, 39 ], [ -120, 39 ], [ -120, 39 ], [ -120, 39 ], [ -120, 39 ], [ -120, 39 ], [ -120, 39 ], [ -120, 39 ], [ -120, 39 ], [ -120, 39 ], [ -120, 39 ], [ -120, 39 ], [ -120, 39 ], [ -120, 39 ], [ -120, 39 ], [ -120, 39 ], [ -120, 39 ], [ -120, 39 ], [ -120, 39 ], [ -120, 39 ], [ -120, 39 ], [ -120, 39 ], [ -120, 39 ], [ -120, 39 ], [ -120, 39 ], [ -120, 39 ], [ -120, 39 ], [ -120, 39 ], [ -120, 39 ], [ -120, 39 ], [ -120, 39 ], [ -120, 39 ], [ -120, 39 ], [ -120, 39 ], [ -120, 39 ], [ -120, 39 ], [ -120, 39 ], [ -120, 39 ], [ -120, 39 ], [ -120, 39 ], [ -120, 39 ], [ -120, 39 ], [ -120, 39 ], [ -120, 39 ], [ -120, 39 ], [ -120, 39 ], [ -120, 39 ], [ -120, 39 ], [ -120, 39 ], [ -120, 39 ], [ -120, 39 ], [ -120, 39 ], [ -120, 39 ], [ -120, 39 ], [ -120, 39 ], [ -120, 39 ], [ -120, 39 ], [ -120, 39 ], [ -120, 39 ], [ -120, 39 ], [ -120, 39 ], [ -120, 39 ], [ -120, 39 ], [ -120, 39 ], [ -120, 39 ], [ -120, 39 ], [ -120, 39 ], [ -120, 39 ], [ -120, 39 ], [ -120, 39 ], [ -120, 39 ], [ -120, 39 ], [ -120, 39 ], [ -120, 39 ], [ -120, 39 ], [ -120, 39 ], [ -120, 39 ], [ -120, 39 ], [ -120, 39 ], [ -120, 39 ], [ -120, 39 ], [ -120, 39 ], [ -120, 39 ], [ -120, 39 ], [ -120, 39 ], [ -120, 39 ], [ -120, 39 ], [ -120, 39 ], [ -120, 39 ], [ -120, 39 ], [ -120, 39 ], [ -120, 39 ], [ -120, 39 ], [ -120, 39 ], [ -120, 39 ], [ -120, 39 ], [ -120, 39 ], [ -120, 39 ], [ -120, 39 ], [ -120, 39 ], [ -120, 39 ], [ -120, 39 ], [ -120, 39 ], [ -120, 39 ], [ -120, 39 ], [ -120, 39 ], [ -120, 39 ], [ -120, 39 ], [ -120, 39 ], [ -120, 39 ], [ -120, 39 ], [ -120, 39 ], [ -120, 39 ], [ -120, 39 ], [ -120, 39 ], [ -120, 39 ], [ -120, 39 ], [ -120, 39 ], [ -120, 39 ], [ -120, 39 ], [ -120, 39 ], [ -120, 39 ], [ -120, 39 ], [ -120, 39 ], [ -120, 39 ], [ -120, 39 ], [ -120, 39 ], [ -120, 39 ], [ -120, 39 ], [ -120, 39 ], [ -120, 39 ], [ -120, 39 ], [ -120, 39 ], [ -120, 39 ], [ -120, 39 ], [ -120, 39 ], [ -120, 39 ], [ -120, 39 ], [ -120, 39 ], [ -120, 39 ], [ -120, 39 ], [ -120, 39 ], [ -120, 39 ], [ -120, 39 ], [ -120, 39 ], [ -120, 39 ], [ -120, 39 ], [ -120, 39 ], [ -120, 39 ], [ -120, 39 ], [ -120, 39 ], [ -120, 39 ], [ -120, 39 ], [ -120, 39 ], [ -120, 39 ], [ -120, 39 ], [ -120, 39 ], [ -120, 39 ], [ -120, 39 ], [ -120, 39 ], [ -120, 39 ], [ -120, 39 ], [ -120, 39 ], [ -120, 39 ], [ -120, 39 ], [ -120, 39 ], [ -120, 39 ], [ -120, 39 ], [ -120, 39 ], [ -120, 39 ], [ -120, 39 ], [ -120, 39 ], [ -120, 39 ], [ -120, 39 ], [ -120, 39 ], [ -120, 39 ], [ -120, 39 ], [ -120, 39 ], [ -120, 39 ], [ -120, 39 ], [ -120, 39 ], [ -120, 39 ], [ -120, 39 ], [ -120, 39 ], [ -120, 39 ], [ -120, 39 ], [ -120, 39 ], [ -120, 39 ], [ -120, 39 ], [ -120, 39 ], [ -120, 39 ], [ -120, 39 ], [ -120, 39 ], [ -120, 39 ], [ -120, 39 ], [ -120, 39 ], [ -120, 39 ], [ -120, 39 ], [ -120, 39 ], [ -120, 39 ], [ -120, 39 ], [ -120, 39 ], [ -120, 39 ], [ -120, 39 ], [ -120, 39 ], [ -120, 39 ], [ -120, 39 ], [ -120, 39 ], [ -120, 39 ], [ -120, 39 ], [ -120, 39 ], [ -120, 39 ], [ -120, 39 ], [ -120, 39 ], [ -120, 39 ], [ -120, 39 ], [ -120, 39 ], [ -120, 39 ], [ -120, 39 ], [ -120, 39 ], [ -120, 39 ], [ -120, 39 ], [ -120, 39 ], [ -120, 39 ], [ -120, 39 ], [ -120, 39 ], [ -120, 39 ], [ -120, 39 ], [ -120, 39 ], [ -120, 39 ], [ -120, 39 ], [ -120, 39 ], [ -120, 39 ], [ -120, 39 ], [ -120, 39 ], [ -120, 39 ], [ -120, 39 ], [ -120, 39 ], [ -120, 39 ], [ -120, 39 ], [ -120, 39 ], [ -120, 39 ], [ -120, 39 ], [ -120, 39 ], [ -120, 39 ], [ -120, 39 ], [ -120, 39 ], [ -120, 39 ], [ -120, 39 ], [ -120, 39 ], [ -120, 39 ], [ -120, 39 ], [ -120, 39 ], [ -120, 39 ], [ -120, 39 ], [ -120, 39 ], [ -120, 39 ], [ -120, 39 ], [ -120, 39 ], [ -119, 39 ], [ -119, 39 ], [ -119, 39 ], [ -119, 39 ], [ -119, 39 ], [ -119, 39 ], [ -119, 39 ], [ -119, 39 ], [ -119, 39 ], [ -119, 39 ], [ -119, 39 ], [ -119, 39 ], [ -119, 39 ], [ -119, 39 ], [ -119, 39 ], [ -119, 39 ], [ -119, 39 ], [ -119, 39 ], [ -119, 39 ], [ -119, 39 ], [ -119, 39 ], [ -119, 39 ], [ -119, 39 ], [ -119, 39 ], [ -119, 39 ], [ -119, 39 ], [ -119, 39 ], [ -119, 39 ], [ -119, 39 ], [ -119, 39 ], [ -119, 39 ], [ -119, 39 ], [ -119, 39 ], [ -119, 39 ], [ -119, 39 ], [ -119, 39 ], [ -119, 39 ], [ -119, 39 ], [ -119, 39 ], [ -119, 39 ], [ -119, 39 ], [ -119, 39 ], [ -119, 39 ], [ -119, 39 ], [ -119, 39 ], [ -119, 39 ], [ -119, 39 ], [ -119, 39 ], [ -119, 39 ], [ -119, 39 ], [ -119, 39 ], [ -119, 39 ], [ -119, 39 ], [ -119, 39 ], [ -119, 39 ], [ -119, 39 ], [ -119, 39 ], [ -119, 39 ], [ -119, 39 ], [ -119, 39 ], [ -119, 39 ], [ -119, 39 ], [ -119, 39 ], [ -119, 39 ], [ -119, 38 ], [ -119, 38 ], [ -119, 38 ], [ -119, 38 ], [ -119, 38 ], [ -119, 38 ], [ -119, 38 ], [ -119, 38 ], [ -119, 38 ], [ -119, 38 ], [ -119, 38 ], [ -119, 38 ], [ -119, 38 ], [ -119, 38 ], [ -119, 38 ], [ -119, 38 ], [ -119, 38 ], [ -119, 38 ], [ -119, 38 ], [ -119, 38 ], [ -119, 38 ], [ -119, 38 ], [ -119, 38 ], [ -119, 38 ], [ -119, 38 ], [ -119, 38 ], [ -119, 38 ], [ -119, 38 ], [ -119, 38 ], [ -119, 38 ], [ -119, 38 ], [ -119, 38 ], [ -119, 38 ], [ -119, 38 ], [ -119, 38 ], [ -119, 38 ], [ -119, 38 ], [ -119, 38 ], [ -119, 38 ], [ -119, 38 ], [ -119, 38 ], [ -119, 38 ], [ -119, 38 ], [ -119, 38 ], [ -119, 38 ], [ -119, 38 ], [ -119, 38 ], [ -119, 38 ], [ -119, 38 ], [ -119, 38 ], [ -119, 38 ], [ -119, 38 ], [ -119, 38 ], [ -119, 38 ], [ -119, 38 ], [ -119, 38 ], [ -119, 38 ], [ -119, 38 ], [ -119, 38 ], [ -119, 38 ], [ -119, 38 ], [ -119, 38 ], [ -119, 38 ], [ -119, 38 ], [ -119, 38 ], [ -119, 38 ], [ -119, 38 ], [ -119, 38 ], [ -119, 38 ], [ -119, 38 ], [ -119, 38 ], [ -119, 38 ], [ -119, 38 ], [ -119, 38 ], [ -119, 38 ], [ -119, 38 ], [ -119, 38 ], [ -119, 38 ], [ -119, 38 ], [ -119, 38 ], [ -119, 38 ], [ -119, 38 ], [ -119, 38 ], [ -119, 38 ], [ -119, 38 ], [ -119, 38 ], [ -119, 38 ], [ -119, 38 ], [ -119, 38 ], [ -119, 38 ], [ -119, 38 ], [ -119, 38 ], [ -119, 38 ], [ -119, 38 ], [ -119, 38 ], [ -119, 38 ], [ -119, 38 ], [ -119, 38 ], [ -119, 38 ], [ -119, 38 ], [ -119, 38 ], [ -119, 38 ], [ -119, 38 ], [ -119, 38 ], [ -119, 38 ], [ -119, 38 ], [ -119, 38 ], [ -119, 38 ], [ -119, 38 ], [ -119, 38 ], [ -119, 38 ], [ -119, 38 ], [ -119, 38 ], [ -119, 38 ], [ -119, 38 ], [ -119, 38 ], [ -119, 38 ], [ -119, 38 ], [ -119, 38 ], [ -119, 38 ], [ -119, 38 ], [ -119, 38 ], [ -119, 38 ], [ -119, 38 ], [ -119, 38 ], [ -119, 38 ], [ -119, 38 ], [ -119, 38 ], [ -119, 38 ], [ -119, 38 ], [ -119, 38 ], [ -119, 38 ], [ -119, 38 ], [ -119, 38 ], [ -119, 38 ], [ -119, 38 ], [ -119, 38 ], [ -119, 38 ], [ -119, 38 ], [ -119, 38 ], [ -119, 38 ], [ -119, 38 ], [ -119, 38 ], [ -119, 38 ], [ -119, 38 ], [ -119, 38 ], [ -119, 38 ], [ -119, 38 ], [ -119, 38 ], [ -119, 38 ], [ -119, 38 ], [ -119, 38 ], [ -119, 38 ], [ -119, 38 ], [ -119, 38 ], [ -119, 38 ], [ -119, 38 ], [ -119, 38 ], [ -119, 38 ], [ -119, 38 ], [ -119, 38 ], [ -119, 38 ], [ -119, 38 ], [ -119, 38 ], [ -119, 38 ], [ -119, 38 ], [ -119, 38 ], [ -119, 38 ], [ -119, 38 ], [ -119, 38 ], [ -119, 38 ], [ -119, 38 ], [ -119, 38 ], [ -119, 38 ], [ -119, 38 ], [ -119, 38 ], [ -119, 38 ], [ -119, 38 ], [ -119, 38 ], [ -119, 38 ], [ -119, 38 ], [ -119, 38 ], [ -119, 38 ], [ -119, 38 ], [ -119, 38 ], [ -119, 38 ], [ -119, 38 ], [ -119, 38 ], [ -119, 38 ], [ -119, 38 ], [ -119, 38 ], [ -119, 38 ], [ -119, 38 ], [ -119, 38 ], [ -119, 38 ], [ -119, 38 ], [ -119, 38 ], [ -119, 38 ], [ -119, 38 ], [ -119, 38 ], [ -119, 38 ], [ -119, 38 ], [ -119, 38 ], [ -119, 38 ], [ -119, 38 ], [ -119, 38 ], [ -119, 38 ], [ -119, 38 ], [ -119, 38 ], [ -119, 38 ], [ -119, 38 ], [ -119, 38 ], [ -119, 38 ], [ -119, 38 ], [ -119, 38 ], [ -119, 38 ], [ -119, 38 ], [ -119, 38 ], [ -119, 38 ], [ -119, 38 ], [ -119, 38 ], [ -119, 38 ], [ -119, 38 ], [ -119, 38 ], [ -119, 38 ], [ -118, 38 ], [ -118, 38 ], [ -118, 38 ], [ -118, 38 ], [ -118, 38 ], [ -118, 38 ], [ -118, 38 ], [ -118, 38 ], [ -118, 38 ], [ -118, 38 ], [ -118, 38 ], [ -118, 38 ], [ -118, 38 ], [ -118, 38 ], [ -118, 38 ], [ -118, 38 ], [ -118, 38 ], [ -118, 38 ], [ -118, 38 ], [ -118, 38 ], [ -118, 38 ], [ -118, 38 ], [ -118, 38 ], [ -118, 38 ], [ -118, 38 ], [ -118, 38 ], [ -118, 38 ], [ -118, 38 ], [ -118, 38 ], [ -118, 38 ], [ -118, 38 ], [ -118, 38 ], [ -118, 38 ], [ -118, 38 ], [ -118, 38 ], [ -118, 38 ], [ -118, 38 ], [ -118, 38 ], [ -118, 38 ], [ -118, 38 ], [ -118, 38 ], [ -118, 38 ], [ -118, 38 ], [ -118, 38 ], [ -118, 38 ], [ -118, 38 ], [ -118, 38 ], [ -118, 38 ], [ -118, 38 ], [ -118, 38 ], [ -118, 38 ], [ -118, 38 ], [ -118, 38 ], [ -118, 38 ], [ -118, 38 ], [ -118, 38 ], [ -118, 38 ], [ -118, 38 ], [ -118, 38 ], [ -118, 38 ], [ -118, 38 ], [ -118, 38 ], [ -118, 38 ], [ -118, 38 ], [ -118, 38 ], [ -118, 38 ], [ -118, 38 ], [ -118, 38 ], [ -118, 38 ], [ -118, 38 ], [ -118, 38 ], [ -118, 38 ], [ -118, 38 ], [ -118, 38 ], [ -118, 38 ], [ -118, 38 ], [ -118, 38 ], [ -118, 38 ], [ -118, 38 ], [ -118, 38 ], [ -118, 38 ], [ -118, 38 ], [ -118, 38 ], [ -118, 38 ], [ -118, 38 ], [ -118, 38 ], [ -118, 38 ], [ -118, 38 ], [ -118, 38 ], [ -118, 38 ], [ -118, 38 ], [ -118, 38 ], [ -118, 38 ], [ -118, 38 ], [ -118, 38 ], [ -118, 38 ], [ -118, 38 ], [ -118, 38 ], [ -118, 38 ], [ -118, 38 ], [ -118, 38 ], [ -118, 38 ], [ -118, 38 ], [ -118, 38 ], [ -118, 38 ], [ -118, 38 ], [ -118, 38 ], [ -118, 38 ], [ -118, 38 ], [ -118, 38 ], [ -118, 38 ], [ -118, 38 ], [ -118, 38 ], [ -118, 38 ], [ -118, 38 ], [ -118, 38 ], [ -118, 38 ], [ -118, 38 ], [ -118, 38 ], [ -118, 38 ], [ -118, 38 ], [ -118, 38 ], [ -118, 38 ], [ -118, 38 ], [ -118, 38 ], [ -118, 38 ], [ -118, 38 ], [ -118, 38 ], [ -118, 38 ], [ -118, 38 ], [ -118, 38 ], [ -118, 38 ], [ -118, 38 ], [ -118, 38 ], [ -118, 38 ], [ -118, 38 ], [ -118, 38 ], [ -118, 38 ], [ -118, 38 ], [ -118, 38 ], [ -118, 38 ], [ -118, 38 ], [ -118, 38 ], [ -118, 38 ], [ -118, 38 ], [ -118, 38 ], [ -118, 38 ], [ -118, 38 ], [ -118, 38 ], [ -118, 38 ], [ -118, 38 ], [ -118, 38 ], [ -118, 38 ], [ -118, 38 ], [ -118, 38 ], [ -118, 38 ], [ -118, 38 ], [ -118, 38 ], [ -118, 38 ], [ -118, 38 ], [ -118, 38 ], [ -118, 38 ], [ -118, 38 ], [ -118, 38 ], [ -118, 38 ], [ -118, 38 ], [ -118, 38 ], [ -118, 38 ], [ -118, 38 ], [ -118, 38 ], [ -118, 38 ], [ -118, 38 ], [ -118, 38 ], [ -118, 38 ], [ -118, 38 ], [ -118, 38 ], [ -118, 38 ], [ -118, 38 ], [ -118, 38 ], [ -118, 38 ], [ -118, 38 ], [ -118, 38 ], [ -118, 38 ], [ -118, 38 ], [ -118, 38 ], [ -118, 38 ], [ -118, 38 ], [ -118, 38 ], [ -118, 38 ], [ -118, 38 ], [ -118, 38 ], [ -118, 38 ], [ -118, 38 ], [ -118, 38 ], [ -118, 38 ], [ -118, 38 ], [ -118, 38 ], [ -118, 38 ], [ -118, 38 ], [ -118, 38 ], [ -118, 38 ], [ -118, 38 ], [ -118, 38 ], [ -118, 38 ], [ -118, 38 ], [ -118, 38 ], [ -118, 38 ], [ -118, 38 ], [ -118, 38 ], [ -118, 38 ], [ -118, 38 ], [ -118, 38 ], [ -118, 38 ], [ -118, 38 ], [ -118, 38 ], [ -118, 38 ], [ -118, 38 ], [ -118, 38 ], [ -118, 38 ], [ -118, 38 ], [ -118, 38 ], [ -118, 38 ], [ -118, 38 ], [ -118, 38 ], [ -118, 38 ], [ -118, 38 ], [ -118, 38 ], [ -118, 38 ], [ -118, 38 ], [ -118, 38 ], [ -118, 38 ], [ -118, 38 ], [ -118, 38 ], [ -118, 38 ], [ -118, 38 ], [ -118, 38 ], [ -118, 38 ], [ -118, 38 ], [ -118, 38 ], [ -118, 38 ], [ -118, 38 ], [ -118, 38 ], [ -118, 38 ], [ -118, 38 ], [ -118, 38 ], [ -118, 38 ], [ -118, 38 ], [ -118, 38 ], [ -118, 38 ], [ -118, 38 ], [ -118, 38 ], [ -118, 38 ], [ -118, 38 ], [ -118, 38 ], [ -118, 38 ], [ -118, 38 ], [ -118, 38 ], [ -118, 38 ], [ -118, 38 ], [ -118, 38 ], [ -118, 38 ], [ -118, 38 ], [ -118, 38 ], [ -118, 38 ], [ -118, 38 ], [ -118, 38 ], [ -118, 38 ], [ -118, 38 ], [ -118, 38 ], [ -118, 38 ], [ -118, 38 ], [ -118, 38 ], [ -118, 38 ], [ -118, 38 ], [ -118, 38 ], [ -118, 38 ], [ -118, 38 ], [ -118, 38 ], [ -118, 38 ], [ -118, 38 ], [ -118, 38 ], [ -118, 38 ], [ -118, 38 ], [ -118, 38 ], [ -118, 38 ], [ -118, 38 ], [ -118, 38 ], [ -118, 38 ], [ -118, 38 ], [ -118, 38 ], [ -118, 38 ], [ -118, 38 ], [ -118, 38 ], [ -118, 38 ], [ -118, 38 ], [ -118, 38 ], [ -118, 38 ], [ -118, 38 ], [ -118, 38 ], [ -118, 38 ], [ -118, 38 ], [ -118, 38 ], [ -118, 38 ], [ -118, 38 ], [ -118, 38 ], [ -118, 38 ], [ -118, 38 ], [ -118, 38 ], [ -118, 38 ], [ -118, 38 ], [ -118, 38 ], [ -118, 38 ], [ -118, 38 ], [ -118, 38 ], [ -118, 38 ], [ -118, 38 ], [ -118, 38 ], [ -118, 38 ], [ -118, 38 ], [ -118, 38 ], [ -118, 38 ], [ -118, 38 ], [ -118, 38 ], [ -118, 38 ], [ -118, 38 ], [ -118, 38 ], [ -118, 38 ], [ -118, 38 ], [ -118, 38 ], [ -118, 38 ], [ -118, 38 ], [ -118, 38 ], [ -118, 38 ], [ -118, 38 ], [ -118, 38 ], [ -118, 37 ], [ -118, 37 ], [ -118, 37 ], [ -118, 37 ], [ -118, 37 ], [ -118, 37 ], [ -118, 37 ], [ -118, 37 ], [ -118, 37 ], [ -118, 37 ], [ -118, 37 ], [ -118, 37 ], [ -118, 37 ], [ -118, 37 ], [ -118, 37 ], [ -118, 37 ], [ -118, 37 ], [ -118, 37 ], [ -118, 37 ], [ -118, 37 ], [ -118, 37 ], [ -118, 37 ], [ -118, 37 ], [ -118, 37 ], [ -118, 37 ], [ -118, 37 ], [ -118, 37 ], [ -118, 37 ], [ -118, 37 ], [ -118, 37 ], [ -118, 37 ], [ -118, 37 ], [ -118, 37 ], [ -118, 37 ], [ -118, 37 ], [ -118, 37 ], [ -118, 37 ], [ -118, 37 ], [ -118, 37 ], [ -118, 37 ], [ -118, 37 ], [ -118, 37 ], [ -118, 37 ], [ -118, 37 ], [ -118, 37 ], [ -118, 37 ], [ -118, 37 ], [ -118, 37 ], [ -118, 37 ], [ -118, 37 ], [ -118, 37 ], [ -118, 37 ], [ -118, 37 ], [ -118, 37 ], [ -118, 37 ], [ -118, 37 ], [ -118, 37 ], [ -118, 37 ], [ -118, 37 ], [ -118, 37 ], [ -118, 37 ], [ -118, 37 ], [ -118, 37 ], [ -118, 37 ], [ -118, 37 ], [ -118, 37 ], [ -118, 37 ], [ -118, 37 ], [ -118, 37 ], [ -118, 37 ], [ -118, 37 ], [ -118, 37 ], [ -118, 37 ], [ -118, 37 ], [ -118, 37 ], [ -118, 37 ], [ -118, 37 ], [ -118, 37 ], [ -118, 37 ], [ -118, 37 ], [ -118, 37 ], [ -118, 37 ], [ -118, 37 ], [ -118, 37 ], [ -118, 37 ], [ -118, 37 ], [ -118, 37 ], [ -118, 37 ], [ -118, 37 ], [ -118, 37 ], [ -118, 37 ], [ -118, 37 ], [ -118, 37 ], [ -118, 37 ], [ -118, 37 ], [ -118, 37 ], [ -118, 37 ], [ -118, 37 ], [ -118, 37 ], [ -118, 37 ], [ -118, 37 ], [ -118, 37 ], [ -118, 37 ], [ -118, 37 ], [ -118, 37 ], [ -118, 37 ], [ -118, 37 ], [ -118, 37 ], [ -118, 37 ], [ -118, 37 ], [ -118, 37 ], [ -118, 37 ], [ -118, 37 ], [ -118, 37 ], [ -118, 37 ], [ -118, 37 ], [ -118, 37 ], [ -118, 37 ], [ -118, 37 ], [ -118, 37 ], [ -118, 37 ], [ -118, 37 ], [ -118, 37 ], [ -118, 37 ], [ -118, 37 ], [ -118, 37 ], [ -118, 37 ], [ -118, 37 ], [ -118, 37 ], [ -118, 37 ], [ -118, 37 ], [ -118, 37 ], [ -118, 37 ], [ -118, 37 ], [ -118, 37 ], [ -118, 37 ], [ -118, 37 ], [ -118, 37 ], [ -118, 37 ], [ -118, 37 ], [ -118, 37 ], [ -118, 37 ], [ -118, 37 ], [ -118, 37 ], [ -118, 37 ], [ -118, 37 ], [ -118, 37 ], [ -117, 37 ], [ -117, 37 ], [ -117, 37 ], [ -117, 37 ], [ -117, 37 ], [ -117, 37 ], [ -117, 37 ], [ -117, 37 ], [ -117, 37 ], [ -117, 37 ], [ -117, 37 ], [ -117, 37 ], [ -117, 37 ], [ -117, 37 ], [ -117, 37 ], [ -117, 37 ], [ -117, 37 ], [ -117, 37 ], [ -117, 37 ], [ -117, 37 ], [ -117, 37 ], [ -117, 37 ], [ -117, 37 ], [ -117, 37 ], [ -117, 37 ], [ -117, 37 ], [ -117, 37 ], [ -117, 37 ], [ -117, 37 ], [ -117, 37 ], [ -117, 37 ], [ -117, 37 ], [ -117, 37 ], [ -117, 37 ], [ -117, 37 ], [ -117, 37 ], [ -117, 37 ], [ -117, 37 ], [ -117, 37 ], [ -117, 37 ], [ -117, 37 ], [ -117, 37 ], [ -117, 37 ], [ -117, 37 ], [ -117, 37 ], [ -117, 37 ], [ -117, 37 ], [ -117, 37 ], [ -117, 37 ], [ -117, 37 ], [ -117, 37 ], [ -117, 37 ], [ -117, 37 ], [ -117, 37 ], [ -117, 37 ], [ -117, 37 ], [ -117, 37 ], [ -117, 37 ], [ -117, 37 ], [ -117, 37 ], [ -117, 37 ], [ -117, 37 ], [ -117, 37 ], [ -117, 37 ], [ -117, 37 ], [ -117, 37 ], [ -117, 37 ], [ -117, 37 ], [ -117, 37 ], [ -117, 37 ], [ -117, 37 ], [ -117, 37 ], [ -117, 37 ], [ -117, 37 ], [ -117, 37 ], [ -117, 37 ], [ -117, 37 ], [ -117, 37 ], [ -117, 37 ], [ -117, 37 ], [ -117, 37 ], [ -117, 37 ], [ -117, 37 ], [ -117, 37 ], [ -117, 37 ], [ -117, 37 ], [ -117, 37 ], [ -117, 37 ], [ -117, 37 ], [ -117, 37 ], [ -117, 37 ], [ -117, 37 ], [ -117, 37 ], [ -117, 37 ], [ -117, 37 ], [ -117, 37 ], [ -117, 37 ], [ -117, 37 ], [ -117, 37 ], [ -117, 37 ], [ -117, 37 ], [ -117, 37 ], [ -117, 37 ], [ -117, 37 ], [ -117, 37 ], [ -117, 37 ], [ -117, 37 ], [ -117, 37 ], [ -117, 37 ], [ -117, 37 ], [ -117, 37 ], [ -117, 37 ], [ -117, 37 ], [ -117, 37 ], [ -117, 37 ], [ -117, 37 ], [ -117, 37 ], [ -117, 37 ], [ -117, 37 ], [ -117, 37 ], [ -117, 37 ], [ -117, 37 ], [ -117, 37 ], [ -117, 37 ], [ -117, 37 ], [ -117, 37 ], [ -117, 37 ], [ -117, 37 ], [ -117, 37 ], [ -117, 37 ], [ -117, 37 ], [ -117, 37 ], [ -117, 37 ], [ -117, 37 ], [ -117, 37 ], [ -117, 37 ], [ -117, 37 ], [ -117, 37 ], [ -117, 37 ], [ -117, 37 ], [ -117, 37 ], [ -117, 37 ], [ -117, 37 ], [ -117, 37 ], [ -117, 37 ], [ -117, 37 ], [ -117, 37 ], [ -117, 37 ], [ -117, 37 ], [ -117, 37 ], [ -117, 37 ], [ -117, 37 ], [ -117, 37 ], [ -117, 37 ], [ -117, 37 ], [ -117, 37 ], [ -117, 37 ], [ -117, 37 ], [ -117, 37 ], [ -117, 37 ], [ -117, 37 ], [ -117, 37 ], [ -117, 37 ], [ -117, 37 ], [ -117, 37 ], [ -117, 37 ], [ -117, 37 ], [ -117, 37 ], [ -117, 37 ], [ -117, 37 ], [ -117, 37 ], [ -117, 37 ], [ -117, 37 ], [ -117, 37 ], [ -117, 37 ], [ -117, 37 ], [ -117, 37 ], [ -117, 37 ], [ -117, 37 ], [ -117, 37 ], [ -117, 37 ], [ -117, 37 ], [ -117, 37 ], [ -117, 37 ], [ -117, 37 ], [ -117, 37 ], [ -117, 37 ], [ -117, 37 ], [ -117, 37 ], [ -117, 37 ], [ -117, 37 ], [ -117, 37 ], [ -117, 37 ], [ -117, 37 ], [ -117, 37 ], [ -117, 37 ], [ -117, 37 ], [ -117, 37 ], [ -117, 37 ], [ -117, 37 ], [ -117, 37 ], [ -117, 37 ], [ -117, 37 ], [ -117, 37 ], [ -117, 37 ], [ -117, 37 ], [ -117, 37 ], [ -117, 37 ], [ -117, 37 ], [ -117, 37 ], [ -117, 37 ], [ -117, 37 ], [ -117, 37 ], [ -117, 37 ], [ -117, 37 ], [ -117, 37 ], [ -117, 37 ], [ -117, 37 ], [ -117, 37 ], [ -117, 37 ], [ -117, 37 ], [ -117, 37 ], [ -117, 37 ], [ -117, 37 ], [ -117, 37 ], [ -117, 37 ], [ -117, 36 ], [ -117, 36 ], [ -117, 36 ], [ -117, 36 ], [ -117, 36 ], [ -117, 36 ], [ -117, 36 ], [ -117, 36 ], [ -117, 36 ], [ -117, 36 ], [ -117, 36 ], [ -117, 36 ], [ -117, 36 ], [ -117, 36 ], [ -117, 36 ], [ -117, 36 ], [ -117, 36 ], [ -117, 36 ], [ -117, 36 ], [ -116, 36 ], [ -116, 36 ], [ -116, 36 ], [ -116, 36 ], [ -116, 36 ], [ -116, 36 ], [ -116, 36 ], [ -116, 36 ], [ -116, 36 ], [ -116, 36 ], [ -116, 36 ], [ -116, 36 ], [ -116, 36 ], [ -116, 36 ], [ -116, 36 ], [ -116, 36 ], [ -116, 36 ], [ -116, 36 ], [ -116, 36 ], [ -116, 36 ], [ -116, 36 ], [ -116, 36 ], [ -116, 36 ], [ -116, 36 ], [ -116, 36 ], [ -116, 36 ], [ -116, 36 ], [ -116, 36 ], [ -116, 36 ], [ -116, 36 ], [ -116, 36 ], [ -116, 36 ], [ -116, 36 ], [ -116, 36 ], [ -116, 36 ], [ -116, 36 ], [ -116, 36 ], [ -116, 36 ], [ -116, 36 ], [ -116, 36 ], [ -116, 36 ], [ -116, 36 ], [ -116, 36 ], [ -116, 36 ], [ -116, 36 ], [ -116, 36 ], [ -116, 36 ], [ -116, 36 ], [ -116, 36 ], [ -116, 36 ], [ -116, 36 ], [ -116, 36 ], [ -116, 36 ], [ -116, 36 ], [ -116, 36 ], [ -116, 36 ], [ -116, 36 ], [ -116, 36 ], [ -116, 36 ], [ -116, 36 ], [ -116, 36 ], [ -116, 36 ], [ -116, 36 ], [ -116, 36 ], [ -116, 36 ], [ -116, 36 ], [ -116, 36 ], [ -116, 36 ], [ -116, 36 ], [ -116, 36 ], [ -116, 36 ], [ -116, 36 ], [ -116, 36 ], [ -116, 36 ], [ -116, 36 ], [ -116, 36 ], [ -116, 36 ], [ -116, 36 ], [ -116, 36 ], [ -116, 36 ], [ -116, 36 ], [ -116, 36 ], [ -116, 36 ], [ -116, 36 ], [ -116, 36 ], [ -116, 36 ], [ -116, 36 ], [ -116, 36 ], [ -116, 36 ], [ -116, 36 ], [ -116, 36 ], [ -116, 36 ], [ -116, 36 ], [ -116, 36 ], [ -116, 36 ], [ -116, 36 ], [ -116, 36 ], [ -116, 36 ], [ -116, 36 ], [ -116, 36 ], [ -116, 36 ], [ -116, 36 ], [ -116, 36 ], [ -116, 36 ], [ -116, 36 ], [ -116, 36 ], [ -116, 36 ], [ -116, 36 ], [ -116, 36 ], [ -116, 36 ], [ -116, 36 ], [ -116, 36 ], [ -116, 36 ], [ -116, 36 ], [ -116, 36 ], [ -116, 36 ], [ -116, 36 ], [ -116, 36 ], [ -116, 36 ], [ -116, 36 ], [ -116, 36 ], [ -116, 36 ], [ -116, 36 ], [ -116, 36 ], [ -116, 36 ], [ -116, 36 ], [ -116, 36 ], [ -116, 36 ], [ -116, 36 ], [ -116, 36 ], [ -116, 36 ], [ -116, 36 ], [ -116, 36 ], [ -116, 36 ], [ -116, 36 ], [ -116, 36 ], [ -116, 36 ], [ -116, 36 ], [ -116, 36 ], [ -116, 36 ], [ -116, 36 ], [ -116, 36 ], [ -116, 36 ], [ -116, 36 ], [ -116, 36 ], [ -116, 36 ], [ -116, 36 ], [ -116, 36 ], [ -116, 36 ], [ -116, 36 ], [ -116, 36 ], [ -116, 36 ], [ -116, 36 ], [ -116, 36 ], [ -116, 36 ], [ -116, 36 ], [ -116, 36 ], [ -116, 36 ], [ -116, 36 ], [ -116, 36 ], [ -116, 36 ], [ -116, 36 ], [ -116, 36 ], [ -116, 36 ], [ -116, 36 ], [ -116, 36 ], [ -116, 36 ], [ -116, 36 ], [ -116, 36 ], [ -116, 36 ], [ -116, 36 ], [ -116, 36 ], [ -116, 36 ], [ -116, 36 ], [ -116, 36 ], [ -116, 36 ], [ -116, 36 ], [ -116, 36 ], [ -116, 36 ], [ -116, 36 ], [ -116, 36 ], [ -116, 36 ], [ -116, 36 ], [ -116, 36 ], [ -116, 36 ], [ -116, 36 ], [ -116, 36 ], [ -116, 36 ], [ -116, 36 ], [ -116, 36 ], [ -116, 36 ], [ -116, 36 ], [ -116, 36 ], [ -116, 36 ], [ -116, 36 ], [ -116, 36 ], [ -116, 36 ], [ -116, 36 ], [ -116, 36 ], [ -116, 36 ], [ -116, 36 ], [ -116, 36 ], [ -116, 36 ], [ -116, 36 ], [ -116, 36 ], [ -116, 36 ], [ -116, 36 ], [ -116, 36 ], [ -116, 36 ], [ -116, 36 ], [ -116, 36 ], [ -116, 36 ], [ -116, 36 ], [ -116, 36 ], [ -116, 36 ], [ -116, 36 ], [ -116, 36 ], [ -116, 36 ], [ -116, 36 ], [ -116, 36 ], [ -116, 36 ], [ -116, 36 ], [ -116, 36 ], [ -116, 36 ], [ -116, 36 ], [ -116, 36 ], [ -116, 36 ], [ -116, 36 ], [ -116, 36 ], [ -116, 36 ], [ -116, 36 ], [ -116, 36 ], [ -116, 36 ], [ -116, 36 ], [ -116, 36 ], [ -116, 36 ], [ -116, 36 ], [ -116, 36 ], [ -116, 36 ], [ -116, 36 ], [ -116, 36 ], [ -116, 36 ], [ -116, 36 ], [ -116, 36 ], [ -116, 36 ], [ -116, 36 ], [ -116, 36 ], [ -116, 36 ], [ -116, 36 ], [ -116, 36 ], [ -116, 36 ], [ -116, 36 ], [ -116, 36 ], [ -116, 36 ], [ -116, 36 ], [ -116, 36 ], [ -116, 36 ], [ -116, 36 ], [ -116, 36 ], [ -116, 36 ], [ -116, 36 ], [ -116, 36 ], [ -116, 36 ], [ -116, 36 ], [ -116, 36 ], [ -116, 36 ], [ -116, 36 ], [ -116, 36 ], [ -116, 36 ], [ -116, 36 ], [ -116, 36 ], [ -116, 36 ], [ -116, 36 ], [ -116, 36 ], [ -116, 36 ], [ -116, 36 ], [ -116, 36 ], [ -116, 36 ], [ -116, 36 ], [ -116, 36 ], [ -116, 36 ], [ -116, 36 ], [ -116, 36 ], [ -116, 36 ], [ -116, 36 ], [ -116, 36 ], [ -116, 36 ], [ -116, 36 ], [ -116, 36 ], [ -116, 36 ], [ -116, 36 ], [ -116, 36 ], [ -116, 36 ], [ -116, 36 ], [ -116, 36 ], [ -116, 36 ], [ -116, 36 ], [ -116, 36 ], [ -116, 36 ], [ -116, 36 ], [ -116, 36 ], [ -116, 36 ], [ -116, 36 ], [ -116, 36 ], [ -116, 36 ], [ -116, 36 ], [ -116, 36 ], [ -116, 36 ], [ -116, 36 ], [ -116, 36 ], [ -116, 36 ], [ -116, 36 ], [ -116, 36 ], [ -116, 36 ], [ -116, 36 ], [ -116, 36 ], [ -116, 36 ], [ -116, 36 ], [ -116, 36 ], [ -116, 36 ], [ -116, 36 ], [ -116, 36 ], [ -116, 36 ], [ -116, 36 ], [ -116, 36 ], [ -116, 36 ], [ -116, 36 ], [ -116, 36 ], [ -116, 36 ], [ -116, 36 ], [ -116, 36 ], [ -116, 36 ], [ -116, 36 ], [ -116, 36 ], [ -116, 36 ], [ -116, 36 ], [ -116, 36 ], [ -116, 36 ], [ -116, 36 ], [ -116, 36 ], [ -116, 36 ], [ -116, 36 ], [ -116, 36 ], [ -116, 36 ], [ -116, 36 ], [ -116, 36 ], [ -116, 36 ], [ -116, 36 ], [ -116, 36 ], [ -116, 36 ], [ -116, 36 ], [ -116, 36 ], [ -116, 36 ], [ -116, 36 ], [ -116, 36 ], [ -116, 36 ], [ -116, 36 ], [ -116, 36 ], [ -116, 36 ], [ -116, 36 ], [ -116, 36 ], [ -116, 36 ], [ -116, 36 ], [ -116, 36 ], [ -116, 36 ], [ -116, 36 ], [ -116, 36 ], [ -116, 36 ], [ -116, 36 ], [ -116, 36 ], [ -116, 36 ], [ -116, 36 ], [ -116, 36 ], [ -116, 36 ], [ -116, 36 ], [ -116, 36 ], [ -116, 36 ], [ -116, 36 ], [ -116, 36 ], [ -116, 36 ], [ -116, 36 ], [ -116, 36 ], [ -116, 36 ], [ -116, 36 ], [ -116, 36 ], [ -116, 36 ], [ -116, 36 ], [ -116, 36 ], [ -116, 36 ], [ -116, 36 ], [ -116, 36 ], [ -116, 36 ], [ -116, 36 ], [ -116, 36 ], [ -116, 36 ], [ -116, 36 ], [ -116, 36 ], [ -116, 36 ], [ -116, 36 ], [ -116, 36 ], [ -116, 36 ], [ -116, 36 ], [ -116, 36 ], [ -116, 36 ], [ -116, 36 ], [ -116, 36 ], [ -116, 36 ], [ -116, 36 ], [ -116, 36 ], [ -116, 36 ], [ -116, 36 ], [ -116, 36 ], [ -116, 36 ], [ -116, 36 ], [ -116, 36 ], [ -116, 36 ], [ -116, 36 ], [ -116, 36 ], [ -116, 36 ], [ -116, 36 ], [ -116, 36 ], [ -116, 36 ], [ -116, 36 ], [ -116, 36 ], [ -116, 36 ], [ -116, 36 ], [ -116, 36 ], [ -116, 36 ], [ -116, 36 ], [ -116, 36 ], [ -116, 36 ], [ -116, 36 ], [ -116, 36 ], [ -116, 36 ], [ -116, 36 ], [ -116, 36 ], [ -116, 36 ], [ -116, 36 ], [ -116, 36 ], [ -116, 36 ], [ -116, 36 ], [ -116, 36 ], [ -116, 36 ], [ -116, 36 ], [ -116, 36 ], [ -116, 36 ], [ -116, 36 ], [ -116, 36 ], [ -116, 36 ], [ -116, 36 ], [ -116, 36 ], [ -116, 36 ], [ -116, 36 ], [ -116, 36 ], [ -116, 36 ], [ -116, 36 ], [ -116, 36 ], [ -116, 36 ], [ -116, 36 ], [ -116, 36 ], [ -116, 36 ], [ -116, 36 ], [ -116, 36 ], [ -116, 36 ], [ -116, 36 ], [ -116, 36 ], [ -116, 36 ], [ -116, 36 ], [ -116, 36 ], [ -116, 36 ], [ -116, 36 ], [ -115, 36 ], [ -115, 36 ], [ -115, 36 ], [ -115, 36 ], [ -115, 36 ], [ -115, 36 ], [ -115, 36 ], [ -115, 36 ], [ -115, 36 ], [ -115, 36 ], [ -115, 36 ], [ -115, 36 ], [ -115, 36 ], [ -115, 36 ], [ -115, 36 ], [ -115, 36 ], [ -115, 36 ], [ -115, 36 ], [ -115, 36 ], [ -115, 36 ], [ -115, 36 ], [ -115, 36 ], [ -115, 36 ], [ -115, 36 ], [ -115, 36 ], [ -115, 36 ], [ -115, 36 ], [ -115, 36 ], [ -115, 36 ], [ -115, 36 ], [ -115, 36 ], [ -115, 36 ], [ -115, 36 ], [ -115, 36 ], [ -115, 36 ], [ -115, 36 ], [ -115, 36 ], [ -115, 36 ], [ -115, 36 ], [ -115, 36 ], [ -115, 36 ], [ -115, 36 ], [ -115, 36 ], [ -115, 36 ], [ -115, 36 ], [ -115, 36 ], [ -115, 36 ], [ -115, 36 ], [ -115, 36 ], [ -115, 36 ], [ -115, 36 ], [ -115, 36 ], [ -115, 36 ], [ -115, 36 ], [ -115, 36 ], [ -115, 36 ], [ -115, 36 ], [ -115, 36 ], [ -115, 36 ], [ -115, 36 ], [ -115, 36 ], [ -115, 36 ], [ -115, 36 ], [ -115, 36 ], [ -115, 36 ], [ -115, 36 ], [ -115, 36 ], [ -115, 36 ], [ -115, 36 ], [ -115, 36 ], [ -115, 36 ], [ -115, 36 ], [ -115, 36 ], [ -115, 36 ], [ -115, 36 ], [ -115, 36 ], [ -115, 36 ], [ -115, 36 ], [ -115, 36 ], [ -115, 36 ], [ -115, 36 ], [ -115, 36 ], [ -115, 36 ], [ -115, 36 ], [ -115, 36 ], [ -115, 36 ], [ -115, 36 ], [ -115, 36 ], [ -115, 36 ], [ -115, 36 ], [ -115, 36 ], [ -115, 36 ], [ -115, 36 ], [ -115, 36 ], [ -115, 36 ], [ -115, 36 ], [ -115, 36 ], [ -115, 36 ], [ -115, 36 ], [ -115, 36 ], [ -115, 36 ], [ -115, 36 ], [ -115, 36 ], [ -115, 36 ], [ -115, 36 ], [ -115, 36 ], [ -115, 36 ], [ -115, 36 ], [ -115, 36 ], [ -115, 36 ], [ -115, 36 ], [ -115, 36 ], [ -115, 36 ], [ -115, 36 ], [ -115, 36 ], [ -115, 36 ], [ -115, 36 ], [ -115, 36 ], [ -115, 36 ], [ -115, 36 ], [ -115, 36 ], [ -115, 36 ], [ -115, 36 ], [ -115, 36 ], [ -115, 36 ], [ -115, 36 ], [ -115, 36 ], [ -115, 36 ], [ -115, 36 ], [ -115, 36 ], [ -115, 36 ], [ -115, 36 ], [ -115, 36 ], [ -115, 36 ], [ -115, 35 ], [ -115, 35 ], [ -115, 35 ], [ -115, 35 ], [ -115, 35 ], [ -115, 35 ], [ -115, 35 ], [ -115, 35 ], [ -115, 35 ], [ -115, 35 ], [ -115, 35 ], [ -115, 35 ], [ -115, 35 ], [ -115, 35 ], [ -115, 35 ], [ -115, 35 ], [ -115, 35 ], [ -115, 35 ], [ -115, 35 ], [ -115, 35 ], [ -115, 35 ], [ -115, 35 ], [ -115, 35 ], [ -115, 35 ], [ -115, 35 ], [ -115, 35 ], [ -115, 35 ], [ -115, 35 ], [ -115, 35 ], [ -115, 35 ], [ -115, 35 ], [ -115, 35 ], [ -115, 35 ], [ -115, 35 ], [ -115, 35 ], [ -115, 35 ], [ -115, 35 ], [ -115, 35 ], [ -115, 35 ], [ -115, 35 ], [ -115, 35 ], [ -115, 35 ], [ -115, 35 ], [ -115, 35 ], [ -115, 35 ], [ -115, 35 ], [ -115, 35 ], [ -115, 35 ], [ -115, 35 ], [ -115, 35 ], [ -115, 35 ], [ -115, 35 ], [ -115, 35 ], [ -115, 35 ], [ -115, 35 ], [ -115, 35 ], [ -115, 35 ], [ -115, 35 ], [ -115, 35 ], [ -115, 35 ], [ -115, 35 ], [ -115, 35 ], [ -115, 35 ], [ -115, 35 ], [ -115, 35 ], [ -115, 35 ], [ -115, 35 ], [ -115, 35 ], [ -115, 35 ], [ -115, 35 ], [ -115, 35 ], [ -115, 35 ], [ -115, 35 ], [ -115, 35 ], [ -115, 35 ], [ -115, 35 ], [ -115, 35 ], [ -115, 35 ], [ -115, 35 ], [ -115, 35 ], [ -115, 35 ], [ -115, 35 ], [ -115, 35 ], [ -115, 35 ], [ -115, 35 ], [ -115, 35 ], [ -115, 35 ], [ -115, 35 ], [ -115, 35 ], [ -115, 35 ], [ -115, 35 ], [ -115, 35 ], [ -115, 35 ], [ -115, 35 ], [ -115, 35 ], [ -115, 35 ], [ -115, 35 ], [ -115, 35 ], [ -115, 35 ], [ -115, 35 ], [ -115, 35 ], [ -115, 35 ], [ -115, 35 ], [ -115, 35 ], [ -115, 35 ], [ -115, 35 ], [ -115, 35 ], [ -115, 35 ], [ -115, 35 ], [ -115, 35 ], [ -115, 35 ], [ -115, 35 ], [ -115, 35 ], [ -115, 35 ], [ -115, 35 ], [ -115, 35 ], [ -115, 35 ], [ -115, 35 ], [ -115, 35 ], [ -115, 35 ], [ -115, 35 ], [ -115, 35 ], [ -115, 35 ], [ -115, 35 ], [ -115, 35 ], [ -115, 35 ], [ -115, 35 ], [ -115, 35 ], [ -115, 35 ], [ -115, 35 ], [ -115, 35 ], [ -115, 35 ], [ -115, 35 ], [ -115, 35 ], [ -115, 35 ], [ -115, 35 ], [ -115, 35 ], [ -115, 35 ], [ -115, 35 ], [ -115, 35 ], [ -115, 35 ], [ -115, 35 ], [ -115, 35 ], [ -115, 35 ], [ -115, 35 ], [ -115, 35 ], [ -115, 35 ], [ -115, 35 ], [ -115, 35 ], [ -115, 35 ], [ -115, 35 ], [ -115, 35 ], [ -115, 35 ], [ -115, 35 ], [ -115, 35 ], [ -115, 35 ], [ -115, 35 ], [ -115, 35 ], [ -115, 35 ], [ -115, 35 ], [ -115, 35 ], [ -115, 35 ], [ -115, 35 ], [ -115, 35 ], [ -115, 35 ], [ -115, 35 ], [ -115, 35 ], [ -115, 35 ], [ -115, 35 ], [ -115, 35 ], [ -115, 35 ], [ -115, 35 ], [ -115, 35 ], [ -115, 35 ], [ -115, 35 ], [ -115, 35 ], [ -115, 35 ], [ -115, 35 ], [ -115, 35 ], [ -115, 35 ], [ -115, 35 ], [ -115, 35 ], [ -115, 35 ], [ -115, 35 ], [ -115, 35 ], [ -115, 35 ], [ -115, 35 ], [ -115, 35 ], [ -115, 35 ], [ -115, 35 ], [ -115, 35 ], [ -115, 35 ], [ -115, 35 ], [ -115, 35 ], [ -115, 35 ], [ -115, 35 ], [ -115, 35 ], [ -115, 35 ], [ -115, 35 ], [ -115, 35 ], [ -115, 35 ], [ -115, 35 ], [ -115, 35 ], [ -115, 35 ], [ -115, 35 ], [ -115, 35 ], [ -115, 35 ], [ -115, 35 ], [ -115, 35 ], [ -115, 35 ], [ -115, 35 ], [ -115, 35 ], [ -115, 35 ], [ -115, 35 ], [ -115, 35 ], [ -115, 35 ], [ -115, 35 ], [ -115, 35 ], [ -115, 35 ], [ -115, 35 ], [ -115, 35 ], [ -115, 35 ], [ -115, 35 ], [ -115, 35 ], [ -115, 35 ], [ -115, 35 ], [ -115, 35 ], [ -115, 35 ], [ -115, 35 ], [ -115, 35 ], [ -115, 35 ], [ -115, 35 ], [ -115, 35 ], [ -115, 35 ], [ -115, 35 ], [ -115, 35 ], [ -115, 35 ], [ -115, 35 ], [ -115, 35 ], [ -115, 35 ], [ -115, 35 ], [ -115, 35 ], [ -115, 35 ], [ -115, 35 ], [ -115, 35 ], [ -115, 35 ], [ -115, 35 ], [ -115, 35 ], [ -115, 35 ], [ -115, 35 ], [ -115, 35 ], [ -115, 35 ], [ -115, 35 ], [ -115, 35 ], [ -115, 35 ], [ -115, 35 ], [ -115, 35 ], [ -115, 35 ], [ -115, 35 ], [ -115, 35 ], [ -115, 35 ], [ -115, 35 ], [ -115, 35 ], [ -115, 35 ], [ -115, 35 ], [ -115, 35 ], [ -115, 35 ], [ -115, 35 ], [ -115, 35 ], [ -115, 35 ], [ -115, 35 ], [ -115, 35 ], [ -115, 35 ], [ -115, 35 ], [ -115, 35 ], [ -115, 35 ], [ -115, 35 ], [ -115, 35 ], [ -115, 35 ], [ -115, 35 ], [ -115, 35 ], [ -115, 35 ], [ -115, 35 ], [ -115, 35 ], [ -115, 35 ], [ -115, 35 ], [ -115, 35 ], [ -115, 35 ], [ -115, 35 ], [ -115, 35 ], [ -115, 35 ], [ -115, 35 ], [ -115, 35 ], [ -115, 35 ], [ -115, 35 ], [ -115, 35 ], [ -115, 35 ], [ -115, 35 ], [ -115, 35 ], [ -115, 35 ], [ -115, 35 ], [ -115, 35 ], [ -115, 35 ], [ -115, 35 ], [ -115, 35 ], [ -115, 35 ], [ -115, 35 ], [ -115, 35 ], [ -115, 35 ], [ -115, 35 ], [ -115, 35 ], [ -115, 35 ], [ -115, 35 ], [ -115, 35 ], [ -115, 35 ], [ -115, 35 ], [ -115, 35 ], [ -115, 35 ], [ -115, 35 ], [ -115, 35 ], [ -115, 35 ], [ -115, 35 ], [ -115, 35 ], [ -115, 35 ], [ -115, 35 ], [ -115, 35 ], [ -115, 35 ], [ -115, 35 ], [ -115, 35 ], [ -115, 35 ], [ -115, 35 ], [ -115, 35 ], [ -115, 35 ], [ -115, 35 ], [ -115, 35 ], [ -115, 35 ], [ -115, 35 ], [ -115, 35 ], [ -115, 35 ], [ -115, 35 ], [ -115, 35 ], [ -115, 35 ], [ -115, 35 ], [ -115, 35 ], [ -115, 35 ], [ -115, 35 ], [ -115, 35 ], [ -115, 35 ], [ -115, 35 ], [ -115, 35 ], [ -115, 35 ], [ -115, 35 ], [ -115, 35 ], [ -115, 35 ], [ -115, 35 ], [ -115, 35 ], [ -115, 35 ], [ -115, 35 ], [ -115, 35 ], [ -115, 35 ], [ -115, 35 ], [ -115, 35 ], [ -115, 35 ], [ -115, 35 ], [ -115, 35 ], [ -115, 35 ], [ -115, 35 ], [ -115, 35 ], [ -115, 35 ], [ -115, 35 ], [ -115, 35 ], [ -115, 35 ], [ -115, 35 ], [ -115, 35 ], [ -115, 35 ], [ -115, 35 ], [ -115, 35 ], [ -115, 35 ], [ -115, 35 ], [ -115, 35 ], [ -115, 35 ], [ -115, 35 ], [ -115, 35 ], [ -115, 35 ], [ -115, 35 ], [ -115, 35 ], [ -115, 35 ], [ -115, 35 ], [ -115, 35 ], [ -115, 35 ], [ -115, 35 ], [ -115, 35 ], [ -115, 35 ], [ -115, 35 ], [ -115, 35 ], [ -115, 35 ], [ -115, 35 ], [ -115, 35 ], [ -115, 35 ], [ -115, 35 ], [ -115, 35 ], [ -115, 35 ], [ -115, 35 ], [ -115, 35 ], [ -115, 35 ], [ -115, 35 ], [ -115, 35 ], [ -115, 35 ], [ -115, 35 ], [ -115, 35 ], [ -115, 35 ], [ -115, 35 ], [ -115, 35 ], [ -115, 35 ], [ -115, 35 ], [ -115, 35 ], [ -115, 35 ], [ -115, 35 ], [ -115, 35 ], [ -115, 35 ], [ -115, 35 ], [ -115, 35 ], [ -115, 35 ], [ -115, 35 ], [ -115, 35 ], [ -115, 35 ], [ -115, 35 ], [ -115, 35 ], [ -115, 35 ], [ -115, 35 ], [ -115, 35 ], [ -115, 35 ], [ -115, 35 ], [ -115, 35 ], [ -115, 35 ], [ -115, 35 ], [ -115, 35 ], [ -115, 35 ], [ -115, 35 ], [ -115, 35 ], [ -115, 35 ], [ -115, 35 ], [ -115, 35 ], [ -115, 35 ], [ -115, 35 ], [ -115, 35 ], [ -115, 35 ], [ -115, 35 ], [ -115, 35 ], [ -115, 35 ], [ -115, 35 ], [ -115, 35 ], [ -115, 35 ], [ -115, 35 ], [ -115, 35 ], [ -115, 35 ], [ -115, 35 ], [ -115, 35 ], [ -115, 35 ], [ -115, 35 ], [ -115, 35 ], [ -115, 35 ], [ -115, 35 ], [ -115, 35 ], [ -115, 35 ], [ -115, 35 ], [ -115, 35 ], [ -115, 35 ], [ -115, 35 ], [ -115, 35 ], [ -115, 35 ], [ -115, 35 ], [ -115, 35 ], [ -115, 35 ], [ -115, 35 ], [ -115, 35 ], [ -115, 35 ], [ -115, 35 ], [ -115, 35 ], [ -115, 35 ], [ -115, 35 ], [ -115, 35 ], [ -115, 35 ], [ -115, 35 ], [ -115, 35 ], [ -115, 35 ], [ -115, 35 ], [ -115, 35 ], [ -115, 35 ], [ -115, 35 ], [ -115, 35 ], [ -115, 35 ], [ -115, 35 ], [ -115, 35 ], [ -115, 35 ], [ -115, 35 ], [ -115, 35 ], [ -115, 35 ], [ -115, 35 ], [ -115, 35 ], [ -115, 35 ], [ -115, 35 ], [ -115, 35 ], [ -115, 35 ], [ -115, 35 ], [ -115, 35 ], [ -115, 35 ], [ -115, 35 ], [ -115, 35 ], [ -115, 35 ], [ -115, 35 ], [ -115, 35 ], [ -115, 35 ], [ -115, 35 ], [ -115, 35 ], [ -115, 35 ], [ -115, 35 ], [ -115, 35 ], [ -115, 35 ], [ -115, 35 ], [ -115, 35 ], [ -115, 35 ], [ -115, 35 ], [ -115, 35 ], [ -115, 35 ], [ -115, 35 ], [ -115, 35 ], [ -115, 35 ], [ -115, 35 ], [ -115, 35 ], [ -115, 35 ], [ -115, 35 ], [ -115, 35 ], [ -115, 35 ], [ -115, 35 ], [ -115, 35 ], [ -115, 35 ], [ -115, 35 ], [ -115, 35 ], [ -115, 35 ], [ -115, 35 ], [ -115, 35 ], [ -115, 35 ], [ -115, 35 ], [ -115, 35 ], [ -115, 35 ], [ -115, 35 ], [ -115, 35 ], [ -115, 35 ], [ -115, 35 ], [ -115, 35 ], [ -115, 35 ], [ -115, 35 ], [ -115, 35 ], [ -115, 35 ], [ -115, 35 ], [ -115, 35 ], [ -115, 35 ], [ -115, 35 ], [ -115, 35 ], [ -115, 35 ], [ -115, 35 ], [ -115, 35 ], [ -115, 35 ], [ -115, 35 ], [ -115, 35 ], [ -115, 35 ], [ -115, 35 ], [ -115, 35 ], [ -115, 35 ], [ -115, 35 ], [ -115, 35 ], [ -115, 35 ], [ -115, 35 ], [ -115, 35 ], [ -115, 35 ], [ -115, 35 ], [ -115, 35 ], [ -115, 35 ], [ -115, 35 ], [ -115, 35 ], [ -115, 35 ], [ -115, 35 ], [ -115, 35 ], [ -115, 35 ], [ -115, 35 ], [ -115, 35 ], [ -115, 35 ], [ -115, 35 ], [ -115, 35 ], [ -115, 35 ], [ -115, 35 ], [ -115, 35 ], [ -115, 35 ], [ -115, 35 ], [ -115, 35 ], [ -115, 35 ], [ -115, 35 ], [ -115, 35 ], [ -115, 35 ], [ -115, 35 ], [ -115, 35 ], [ -115, 35 ], [ -115, 35 ], [ -115, 35 ], [ -115, 35 ], [ -115, 35 ], [ -115, 35 ], [ -115, 35 ], [ -115, 35 ], [ -114, 35 ], [ -114, 35 ], [ -114, 35 ], [ -114, 35 ], [ -114, 35 ], [ -114, 35 ], [ -114, 35 ], [ -114, 35 ], [ -114, 35 ], [ -114, 35 ], [ -114, 35 ], [ -114, 35 ], [ -114, 35 ], [ -114, 35 ], [ -114, 35 ], [ -114, 35 ], [ -114, 35 ], [ -114, 35 ], [ -114, 35 ], [ -114, 35 ], [ -114, 35 ], [ -114, 35 ], [ -114, 35 ], [ -114, 35 ], [ -114, 35 ], [ -114, 35 ], [ -114, 35 ], [ -114, 35 ], [ -114, 35 ], [ -114, 35 ], [ -114, 35 ], [ -114, 35 ], [ -114, 35 ], [ -114, 35 ], [ -114, 35 ], [ -114, 35 ], [ -114, 35 ], [ -114, 35 ], [ -114, 35 ], [ -114, 35 ], [ -114, 35 ], [ -114, 35 ], [ -114, 35 ], [ -114, 35 ], [ -114, 35 ], [ -114, 35 ], [ -114, 35 ], [ -114, 35 ], [ -114, 35 ], [ -114, 35 ], [ -114, 35 ], [ -114, 35 ], [ -114, 35 ], [ -114, 35 ], [ -114, 35 ], [ -114, 35 ], [ -114, 35 ], [ -114, 35 ], [ -114, 35 ], [ -114, 35 ], [ -114, 35 ], [ -114, 35 ], [ -114, 35 ], [ -114, 35 ], [ -114, 35 ], [ -114, 35 ], [ -114, 35 ], [ -114, 35 ], [ -114, 35 ], [ -114, 35 ], [ -114, 35 ], [ -114, 35 ], [ -114, 35 ], [ -114, 35 ], [ -114, 35 ], [ -114, 35 ], [ -114, 35 ], [ -114, 35 ], [ -114, 35 ], [ -114, 35 ], [ -114, 35 ], [ -114, 35 ], [ -114, 35 ], [ -114, 35 ], [ -114, 35 ], [ -114, 35 ], [ -114, 35 ], [ -114, 35 ], [ -114, 35 ], [ -114, 35 ], [ -114, 35 ], [ -114, 35 ], [ -114, 35 ], [ -114, 35 ], [ -114, 35 ], [ -114, 35 ], [ -114, 35 ], [ -114, 35 ], [ -114, 35 ], [ -114, 35 ], [ -114, 35 ], [ -114, 35 ], [ -114, 35 ], [ -114, 35 ], [ -114, 35 ], [ -114, 35 ], [ -114, 35 ], [ -114, 35 ], [ -114, 35 ], [ -114, 35 ], [ -114, 35 ], [ -114, 35 ], [ -114, 35 ], [ -114, 35 ], [ -114, 35 ], [ -114, 35 ], [ -114, 35 ], [ -114, 35 ], [ -114, 35 ], [ -114, 35 ], [ -114, 35 ], [ -114, 35 ], [ -114, 35 ], [ -114, 35 ], [ -114, 35 ], [ -114, 35 ], [ -114, 35 ], [ -114, 35 ], [ -114, 35 ], [ -114, 35 ], [ -114, 35 ], [ -114, 35 ], [ -114, 35 ], [ -114, 35 ], [ -114, 35 ], [ -114, 35 ], [ -114, 35 ], [ -114, 35 ], [ -114, 35 ], [ -114, 35 ], [ -114, 35 ], [ -114, 35 ], [ -114, 35 ], [ -114, 35 ], [ -114, 35 ], [ -114, 35 ], [ -114, 35 ], [ -114, 35 ], [ -114, 35 ], [ -114, 35 ], [ -114, 35 ], [ -114, 35 ], [ -114, 35 ], [ -114, 35 ], [ -114, 35 ], [ -114, 35 ], [ -114, 35 ], [ -114, 35 ], [ -114, 35 ], [ -114, 35 ], [ -114, 35 ], [ -114, 35 ], [ -114, 35 ], [ -114, 35 ], [ -114, 35 ], [ -114, 35 ], [ -114, 35 ], [ -114, 35 ], [ -114, 35 ], [ -114, 35 ], [ -114, 35 ], [ -114, 35 ], [ -114, 35 ], [ -114, 35 ], [ -114, 35 ], [ -114, 35 ], [ -114, 35 ], [ -114, 35 ], [ -114, 35 ], [ -114, 35 ], [ -114, 35 ], [ -114, 35 ], [ -114, 35 ], [ -114, 35 ], [ -114, 35 ], [ -114, 35 ], [ -114, 35 ], [ -114, 35 ], [ -114, 35 ], [ -114, 35 ], [ -114, 35 ], [ -114, 35 ], [ -114, 35 ], [ -114, 35 ], [ -114, 35 ], [ -114, 35 ], [ -114, 35 ], [ -114, 35 ], [ -114, 35 ], [ -114, 35 ], [ -114, 35 ], [ -114, 35 ], [ -114, 35 ], [ -114, 35 ], [ -114, 35 ], [ -114, 35 ], [ -114, 35 ], [ -114, 35 ], [ -114, 35 ], [ -114, 35 ], [ -114, 35 ], [ -114, 35 ], [ -114, 35 ], [ -114, 35 ], [ -114, 35 ], [ -114, 35 ], [ -114, 35 ], [ -114, 35 ], [ -114, 35 ], [ -114, 35 ], [ -114, 35 ], [ -114, 35 ], [ -114, 35 ], [ -114, 35 ], [ -114, 34 ], [ -114, 34 ], [ -114, 34 ], [ -114, 34 ], [ -114, 34 ], [ -114, 34 ], [ -114, 34 ], [ -114, 34 ], [ -114, 34 ], [ -114, 34 ], [ -114, 34 ], [ -114, 34 ], [ -114, 34 ], [ -114, 34 ], [ -114, 34 ], [ -114, 34 ], [ -114, 34 ], [ -114, 34 ], [ -114, 34 ], [ -114, 34 ], [ -114, 34 ], [ -114, 34 ], [ -114, 34 ], [ -114, 34 ], [ -114, 34 ], [ -114, 34 ], [ -114, 34 ], [ -114, 34 ], [ -114, 34 ], [ -114, 34 ], [ -114, 34 ], [ -114, 34 ], [ -114, 34 ], [ -114, 34 ], [ -114, 34 ], [ -114, 34 ], [ -114, 34 ], [ -114, 34 ], [ -114, 34 ], [ -114, 34 ], [ -114, 34 ], [ -114, 34 ], [ -114, 34 ], [ -114, 34 ], [ -114, 34 ], [ -114, 34 ], [ -114, 34 ], [ -114, 34 ], [ -114, 34 ], [ -114, 34 ], [ -114, 34 ], [ -114, 34 ], [ -114, 34 ], [ -114, 34 ], [ -114, 34 ], [ -114, 34 ], [ -114, 34 ], [ -114, 34 ], [ -114, 34 ], [ -114, 34 ], [ -114, 34 ], [ -114, 34 ], [ -114, 34 ], [ -114, 34 ], [ -114, 34 ], [ -114, 34 ], [ -114, 34 ], [ -114, 34 ], [ -114, 34 ], [ -114, 34 ], [ -114, 34 ], [ -114, 34 ], [ -114, 34 ], [ -114, 34 ], [ -114, 34 ], [ -114, 34 ], [ -114, 34 ], [ -114, 34 ], [ -114, 34 ], [ -114, 34 ], [ -114, 34 ], [ -114, 34 ], [ -114, 34 ], [ -114, 34 ], [ -114, 34 ], [ -114, 34 ], [ -114, 34 ], [ -114, 34 ], [ -114, 34 ], [ -114, 34 ], [ -114, 34 ], [ -114, 34 ], [ -114, 34 ], [ -114, 34 ], [ -114, 34 ], [ -114, 34 ], [ -114, 34 ], [ -114, 34 ], [ -114, 34 ], [ -114, 34 ], [ -114, 34 ], [ -114, 34 ], [ -114, 34 ], [ -114, 34 ], [ -114, 34 ], [ -114, 34 ], [ -114, 34 ], [ -114, 34 ], [ -114, 34 ], [ -114, 34 ], [ -114, 34 ], [ -114, 34 ], [ -114, 34 ], [ -114, 34 ], [ -114, 34 ], [ -114, 34 ], [ -114, 34 ], [ -114, 34 ], [ -114, 34 ], [ -114, 34 ], [ -114, 34 ], [ -114, 34 ], [ -114, 34 ], [ -114, 34 ], [ -114, 34 ], [ -114, 34 ], [ -114, 34 ], [ -114, 34 ], [ -114, 34 ], [ -114, 34 ], [ -114, 34 ], [ -114, 34 ], [ -114, 34 ], [ -114, 34 ], [ -114, 34 ], [ -114, 34 ], [ -114, 34 ], [ -114, 34 ], [ -114, 34 ], [ -114, 34 ], [ -114, 34 ], [ -114, 34 ], [ -114, 34 ], [ -114, 34 ], [ -114, 34 ], [ -114, 34 ], [ -114, 34 ], [ -114, 34 ], [ -114, 34 ], [ -114, 34 ], [ -114, 34 ], [ -114, 34 ], [ -114, 34 ], [ -114, 34 ], [ -114, 34 ], [ -114, 34 ], [ -114, 34 ], [ -114, 34 ], [ -114, 34 ], [ -114, 34 ], [ -114, 34 ], [ -114, 34 ], [ -114, 34 ], [ -114, 34 ], [ -114, 34 ], [ -114, 34 ], [ -114, 34 ], [ -114, 34 ], [ -114, 34 ], [ -114, 34 ], [ -114, 34 ], [ -114, 34 ], [ -114, 34 ], [ -114, 34 ], [ -114, 34 ], [ -114, 34 ], [ -114, 34 ], [ -114, 34 ], [ -114, 34 ], [ -114, 34 ], [ -114, 34 ], [ -114, 34 ], [ -114, 34 ], [ -114, 34 ], [ -114, 34 ], [ -114, 34 ], [ -114, 34 ], [ -114, 34 ], [ -114, 34 ], [ -114, 34 ], [ -114, 34 ], [ -114, 34 ], [ -114, 34 ], [ -114, 34 ], [ -114, 34 ], [ -114, 34 ], [ -114, 34 ], [ -114, 34 ], [ -114, 34 ], [ -114, 34 ], [ -114, 34 ], [ -114, 34 ], [ -114, 34 ], [ -114, 34 ], [ -114, 34 ], [ -114, 34 ], [ -114, 34 ], [ -114, 34 ], [ -114, 34 ], [ -114, 34 ], [ -114, 34 ], [ -114, 34 ], [ -114, 34 ], [ -114, 34 ], [ -114, 34 ], [ -114, 34 ], [ -114, 34 ], [ -114, 34 ], [ -114, 34 ], [ -114, 34 ], [ -114, 34 ], [ -114, 34 ], [ -114, 34 ], [ -114, 34 ], [ -114, 34 ], [ -114, 34 ], [ -114, 34 ], [ -114, 34 ], [ -114, 34 ], [ -114, 34 ], [ -114, 34 ], [ -114, 34 ], [ -114, 34 ], [ -114, 34 ], [ -114, 34 ], [ -114, 34 ], [ -114, 34 ], [ -114, 34 ], [ -114, 34 ], [ -114, 34 ], [ -114, 34 ], [ -114, 34 ], [ -114, 34 ], [ -114, 34 ], [ -114, 34 ], [ -114, 34 ], [ -114, 34 ], [ -114, 34 ], [ -114, 34 ], [ -114, 34 ], [ -114, 34 ], [ -114, 34 ], [ -114, 34 ], [ -114, 34 ], [ -114, 34 ], [ -114, 34 ], [ -114, 34 ], [ -114, 34 ], [ -114, 34 ], [ -114, 34 ], [ -114, 34 ], [ -114, 34 ], [ -114, 34 ], [ -114, 34 ], [ -114, 34 ], [ -114, 34 ], [ -114, 34 ], [ -114, 34 ], [ -114, 34 ], [ -114, 34 ], [ -114, 34 ], [ -114, 34 ], [ -114, 34 ], [ -114, 34 ], [ -114, 34 ], [ -114, 34 ], [ -114, 34 ], [ -114, 34 ], [ -114, 34 ], [ -114, 34 ], [ -114, 34 ], [ -114, 34 ], [ -114, 34 ], [ -114, 34 ], [ -114, 34 ], [ -114, 34 ], [ -114, 34 ], [ -114, 34 ], [ -114, 34 ], [ -114, 34 ], [ -114, 34 ], [ -114, 34 ], [ -114, 34 ], [ -114, 34 ], [ -114, 34 ], [ -114, 34 ], [ -114, 34 ], [ -114, 34 ], [ -114, 34 ], [ -114, 34 ], [ -114, 34 ], [ -114, 34 ], [ -114, 34 ], [ -114, 34 ], [ -114, 34 ], [ -114, 34 ], [ -114, 34 ], [ -114, 34 ], [ -114, 34 ], [ -114, 34 ], [ -114, 34 ], [ -114, 34 ], [ -114, 34 ], [ -114, 34 ], [ -114, 34 ], [ -114, 34 ], [ -114, 34 ], [ -114, 34 ], [ -114, 34 ], [ -114, 34 ], [ -114, 34 ], [ -114, 34 ], [ -114, 34 ], [ -114, 34 ], [ -114, 34 ], [ -114, 34 ], [ -114, 34 ], [ -114, 34 ], [ -114, 34 ], [ -114, 34 ], [ -114, 34 ], [ -114, 34 ], [ -114, 34 ], [ -114, 34 ], [ -114, 34 ], [ -114, 34 ], [ -114, 34 ], [ -114, 34 ], [ -114, 34 ], [ -114, 34 ], [ -114, 34 ], [ -114, 34 ], [ -114, 34 ], [ -114, 34 ], [ -114, 34 ], [ -114, 34 ], [ -114, 34 ], [ -114, 34 ], [ -114, 34 ], [ -114, 34 ], [ -114, 34 ], [ -114, 34 ], [ -114, 34 ], [ -114, 34 ], [ -114, 34 ], [ -114, 34 ], [ -114, 34 ], [ -114, 34 ], [ -114, 34 ], [ -114, 34 ], [ -114, 34 ], [ -114, 34 ], [ -114, 34 ], [ -114, 34 ], [ -114, 34 ], [ -114, 34 ], [ -114, 34 ], [ -114, 34 ], [ -114, 34 ], [ -114, 34 ], [ -114, 34 ], [ -114, 34 ], [ -114, 34 ], [ -114, 34 ], [ -114, 34 ], [ -114, 34 ], [ -114, 34 ], [ -114, 34 ], [ -114, 34 ], [ -114, 34 ], [ -114, 34 ], [ -114, 34 ], [ -114, 34 ], [ -114, 34 ], [ -114, 34 ], [ -114, 34 ], [ -114, 34 ], [ -114, 34 ], [ -114, 34 ], [ -114, 34 ], [ -114, 34 ], [ -114, 34 ], [ -114, 34 ], [ -114, 34 ], [ -114, 34 ], [ -114, 34 ], [ -114, 34 ], [ -114, 34 ], [ -114, 34 ], [ -114, 34 ], [ -114, 34 ], [ -114, 34 ], [ -114, 34 ], [ -114, 34 ], [ -114, 34 ], [ -114, 34 ], [ -114, 34 ], [ -114, 34 ], [ -114, 34 ], [ -114, 34 ], [ -114, 34 ], [ -114, 34 ], [ -114, 34 ], [ -114, 34 ], [ -114, 34 ], [ -114, 34 ], [ -114, 34 ], [ -114, 34 ], [ -114, 34 ], [ -114, 34 ], [ -114, 34 ], [ -114, 34 ], [ -114, 34 ], [ -114, 34 ], [ -114, 34 ], [ -114, 34 ], [ -114, 34 ], [ -114, 34 ], [ -114, 34 ], [ -114, 34 ], [ -114, 34 ], [ -114, 34 ], [ -114, 34 ], [ -114, 34 ], [ -114, 34 ], [ -114, 34 ], [ -114, 34 ], [ -114, 34 ], [ -114, 34 ], [ -114, 34 ], [ -114, 34 ], [ -114, 34 ], [ -114, 34 ], [ -114, 34 ], [ -114, 34 ], [ -114, 34 ], [ -114, 34 ], [ -114, 34 ], [ -114, 34 ], [ -114, 34 ], [ -114, 34 ], [ -114, 34 ], [ -114, 34 ], [ -114, 34 ], [ -114, 34 ], [ -114, 34 ], [ -114, 34 ], [ -114, 34 ], [ -114, 34 ], [ -114, 34 ], [ -114, 34 ], [ -114, 34 ], [ -114, 34 ], [ -114, 34 ], [ -114, 34 ], [ -114, 34 ], [ -114, 34 ], [ -114, 34 ], [ -114, 34 ], [ -114, 34 ], [ -114, 34 ], [ -114, 34 ], [ -114, 34 ], [ -114, 34 ], [ -114, 34 ], [ -114, 34 ], [ -114, 34 ], [ -114, 34 ], [ -114, 34 ], [ -114, 34 ], [ -114, 34 ], [ -114, 34 ], [ -114, 34 ], [ -114, 34 ], [ -114, 34 ], [ -114, 34 ], [ -114, 34 ], [ -114, 34 ], [ -114, 34 ], [ -114, 34 ], [ -114, 34 ], [ -114, 34 ], [ -114, 34 ], [ -114, 34 ], [ -114, 34 ], [ -114, 34 ], [ -114, 34 ], [ -114, 34 ], [ -114, 34 ], [ -114, 34 ], [ -114, 34 ], [ -114, 34 ], [ -114, 34 ], [ -114, 34 ], [ -114, 34 ], [ -114, 34 ], [ -114, 34 ], [ -114, 34 ], [ -114, 34 ], [ -114, 34 ], [ -114, 34 ], [ -114, 34 ], [ -114, 34 ], [ -114, 34 ], [ -114, 34 ], [ -114, 34 ], [ -114, 34 ], [ -114, 34 ], [ -114, 34 ], [ -114, 34 ], [ -114, 34 ], [ -114, 34 ], [ -114, 34 ], [ -114, 34 ], [ -114, 34 ], [ -114, 34 ], [ -114, 34 ], [ -114, 34 ], [ -114, 34 ], [ -114, 34 ], [ -114, 34 ], [ -114, 34 ], [ -114, 34 ], [ -114, 34 ], [ -114, 34 ], [ -114, 34 ], [ -114, 34 ], [ -114, 34 ], [ -114, 34 ], [ -114, 34 ], [ -114, 34 ], [ -114, 34 ], [ -114, 34 ], [ -114, 34 ], [ -114, 34 ], [ -114, 34 ], [ -114, 34 ], [ -114, 34 ], [ -114, 34 ], [ -114, 34 ], [ -114, 34 ], [ -114, 34 ], [ -114, 34 ], [ -114, 34 ], [ -114, 34 ], [ -114, 34 ], [ -114, 34 ], [ -114, 34 ], [ -114, 34 ], [ -114, 34 ], [ -114, 34 ], [ -114, 34 ], [ -114, 34 ], [ -114, 34 ], [ -114, 34 ], [ -114, 34 ], [ -114, 34 ], [ -114, 34 ], [ -114, 34 ], [ -114, 34 ], [ -114, 34 ], [ -114, 34 ], [ -114, 34 ], [ -114, 34 ], [ -114, 34 ], [ -114, 34 ], [ -114, 34 ], [ -114, 34 ], [ -114, 34 ], [ -114, 34 ], [ -114, 34 ], [ -114, 34 ], [ -114, 34 ], [ -114, 34 ], [ -114, 34 ], [ -114, 34 ], [ -114, 34 ], [ -114, 34 ], [ -114, 34 ], [ -114, 34 ], [ -114, 34 ], [ -114, 34 ], [ -114, 34 ], [ -114, 34 ], [ -114, 34 ], [ -114, 34 ], [ -114, 34 ], [ -114, 34 ], [ -114, 34 ], [ -114, 34 ], [ -114, 34 ], [ -114, 34 ], [ -114, 34 ], [ -114, 34 ], [ -114, 34 ], [ -114, 34 ], [ -114, 34 ], [ -114, 34 ], [ -114, 34 ], [ -114, 34 ], [ -114, 34 ], [ -114, 34 ], [ -114, 34 ], [ -114, 34 ], [ -114, 34 ], [ -114, 34 ], [ -114, 34 ], [ -114, 34 ], [ -114, 34 ], [ -114, 34 ], [ -114, 34 ], [ -114, 34 ], [ -114, 34 ], [ -114, 34 ], [ -114, 34 ], [ -114, 34 ], [ -114, 34 ], [ -114, 34 ], [ -114, 34 ], [ -114, 34 ], [ -114, 34 ], [ -114, 34 ], [ -114, 34 ], [ -114, 34 ], [ -114, 34 ], [ -114, 34 ], [ -114, 34 ], [ -114, 34 ], [ -115, 34 ], [ -115, 34 ], [ -115, 34 ], [ -115, 34 ], [ -115, 34 ], [ -115, 34 ], [ -115, 34 ], [ -115, 34 ], [ -115, 34 ], [ -115, 34 ], [ -115, 34 ], [ -115, 34 ], [ -115, 34 ], [ -115, 34 ], [ -115, 34 ], [ -115, 34 ], [ -115, 34 ], [ -115, 34 ], [ -115, 34 ], [ -115, 34 ], [ -115, 34 ], [ -115, 34 ], [ -115, 34 ], [ -115, 34 ], [ -115, 34 ], [ -115, 34 ], [ -115, 34 ], [ -115, 34 ], [ -115, 34 ], [ -115, 34 ], [ -115, 34 ], [ -115, 34 ], [ -115, 34 ], [ -115, 34 ], [ -115, 34 ], [ -115, 34 ], [ -115, 34 ], [ -115, 34 ], [ -115, 34 ], [ -115, 34 ], [ -115, 34 ], [ -115, 34 ], [ -115, 34 ], [ -115, 34 ], [ -115, 34 ], [ -115, 34 ], [ -115, 34 ], [ -115, 34 ], [ -115, 34 ], [ -115, 34 ], [ -115, 34 ], [ -115, 34 ], [ -115, 34 ], [ -115, 34 ], [ -115, 34 ], [ -115, 34 ], [ -115, 34 ], [ -115, 34 ], [ -115, 34 ], [ -115, 34 ], [ -115, 34 ], [ -115, 34 ], [ -115, 34 ], [ -115, 34 ], [ -115, 34 ], [ -115, 34 ], [ -115, 34 ], [ -115, 34 ], [ -115, 34 ], [ -115, 34 ], [ -115, 34 ], [ -115, 34 ], [ -115, 34 ], [ -115, 34 ], [ -115, 34 ], [ -115, 34 ], [ -115, 34 ], [ -115, 34 ], [ -115, 34 ], [ -115, 34 ], [ -115, 34 ], [ -115, 34 ], [ -115, 34 ], [ -115, 34 ], [ -115, 34 ], [ -115, 34 ], [ -115, 34 ], [ -115, 34 ], [ -115, 34 ], [ -115, 34 ], [ -115, 34 ], [ -115, 34 ], [ -115, 34 ], [ -115, 34 ], [ -115, 34 ], [ -115, 34 ], [ -115, 34 ], [ -115, 34 ], [ -115, 34 ], [ -115, 34 ], [ -115, 34 ], [ -115, 34 ], [ -115, 34 ], [ -115, 34 ], [ -115, 34 ], [ -115, 34 ], [ -115, 34 ], [ -115, 34 ], [ -115, 34 ], [ -115, 34 ], [ -115, 34 ], [ -115, 34 ], [ -115, 34 ], [ -115, 34 ], [ -115, 34 ], [ -115, 34 ], [ -115, 34 ], [ -115, 34 ], [ -115, 34 ], [ -115, 34 ], [ -115, 34 ], [ -115, 34 ], [ -115, 34 ], [ -115, 34 ], [ -115, 34 ], [ -115, 34 ], [ -115, 34 ], [ -115, 34 ], [ -115, 34 ], [ -115, 34 ], [ -115, 34 ], [ -115, 34 ], [ -115, 34 ], [ -115, 34 ], [ -115, 34 ], [ -115, 34 ], [ -115, 34 ], [ -115, 34 ], [ -115, 34 ], [ -115, 34 ], [ -115, 34 ], [ -115, 34 ], [ -115, 34 ], [ -115, 34 ], [ -115, 34 ], [ -115, 34 ], [ -115, 34 ], [ -115, 34 ], [ -115, 34 ], [ -115, 34 ], [ -115, 34 ], [ -115, 34 ], [ -115, 34 ], [ -115, 34 ], [ -115, 34 ], [ -115, 34 ], [ -115, 34 ], [ -115, 34 ], [ -115, 34 ], [ -115, 34 ], [ -115, 34 ], [ -115, 34 ], [ -115, 34 ], [ -115, 34 ], [ -115, 34 ], [ -115, 34 ], [ -115, 34 ], [ -115, 34 ], [ -115, 34 ], [ -115, 34 ], [ -115, 34 ], [ -115, 34 ], [ -115, 34 ], [ -115, 34 ], [ -115, 34 ], [ -115, 34 ], [ -115, 34 ], [ -115, 34 ], [ -115, 34 ], [ -115, 34 ], [ -115, 34 ], [ -115, 34 ], [ -115, 34 ], [ -115, 34 ], [ -115, 34 ], [ -115, 34 ], [ -115, 34 ], [ -115, 34 ], [ -115, 34 ], [ -115, 34 ], [ -115, 34 ], [ -115, 34 ], [ -115, 34 ], [ -115, 34 ], [ -115, 34 ], [ -115, 34 ], [ -115, 34 ], [ -115, 34 ], [ -115, 34 ], [ -115, 34 ], [ -115, 34 ], [ -115, 34 ], [ -115, 34 ], [ -115, 34 ], [ -115, 34 ], [ -115, 34 ], [ -115, 34 ], [ -115, 34 ], [ -115, 34 ], [ -115, 34 ], [ -115, 34 ], [ -115, 34 ], [ -115, 34 ], [ -115, 34 ], [ -115, 34 ], [ -115, 34 ], [ -115, 34 ], [ -115, 34 ], [ -115, 34 ], [ -115, 34 ], [ -115, 34 ], [ -115, 34 ], [ -115, 34 ], [ -115, 34 ], [ -115, 34 ], [ -115, 34 ], [ -115, 34 ], [ -115, 34 ], [ -115, 34 ], [ -115, 34 ], [ -115, 34 ], [ -115, 34 ], [ -115, 34 ], [ -115, 34 ], [ -115, 34 ], [ -115, 34 ], [ -115, 34 ], [ -115, 34 ], [ -115, 34 ], [ -115, 34 ], [ -115, 34 ], [ -115, 34 ], [ -115, 34 ], [ -115, 34 ], [ -115, 34 ], [ -115, 34 ], [ -115, 34 ], [ -115, 34 ], [ -115, 34 ], [ -115, 34 ], [ -115, 34 ], [ -115, 34 ], [ -115, 34 ], [ -115, 34 ], [ -115, 34 ], [ -115, 34 ], [ -115, 34 ], [ -115, 34 ], [ -115, 34 ], [ -115, 34 ], [ -115, 34 ], [ -115, 34 ], [ -115, 34 ], [ -115, 34 ], [ -115, 34 ], [ -115, 34 ], [ -115, 34 ], [ -115, 34 ], [ -115, 34 ], [ -115, 34 ], [ -115, 34 ], [ -115, 34 ], [ -115, 34 ], [ -115, 34 ], [ -115, 34 ], [ -115, 34 ], [ -115, 34 ], [ -115, 34 ], [ -115, 34 ], [ -115, 34 ], [ -115, 34 ], [ -115, 34 ], [ -115, 34 ], [ -115, 34 ], [ -115, 34 ], [ -115, 34 ], [ -114, 34 ], [ -114, 34 ], [ -114, 34 ], [ -114, 34 ], [ -114, 34 ], [ -114, 34 ], [ -114, 34 ], [ -114, 34 ], [ -114, 34 ], [ -114, 34 ], [ -114, 34 ], [ -114, 34 ], [ -114, 34 ], [ -114, 34 ], [ -114, 34 ], [ -114, 34 ], [ -114, 34 ], [ -114, 34 ], [ -115, 34 ], [ -115, 34 ], [ -115, 34 ], [ -115, 34 ], [ -115, 34 ], [ -115, 34 ], [ -115, 34 ], [ -115, 34 ], [ -115, 34 ], [ -115, 34 ], [ -115, 34 ], [ -115, 34 ], [ -115, 34 ], [ -115, 34 ], [ -115, 34 ], [ -115, 34 ], [ -115, 34 ], [ -115, 34 ], [ -115, 34 ], [ -115, 34 ], [ -115, 34 ], [ -115, 34 ], [ -115, 34 ], [ -115, 34 ], [ -115, 34 ], [ -115, 34 ], [ -115, 34 ], [ -115, 34 ], [ -115, 34 ], [ -115, 34 ], [ -115, 34 ], [ -115, 34 ], [ -115, 34 ], [ -115, 34 ], [ -115, 34 ], [ -115, 34 ], [ -115, 34 ], [ -115, 34 ], [ -115, 34 ], [ -115, 34 ], [ -115, 34 ], [ -115, 34 ], [ -115, 34 ], [ -115, 34 ], [ -115, 34 ], [ -115, 34 ], [ -115, 34 ], [ -115, 34 ], [ -115, 34 ], [ -115, 34 ], [ -115, 34 ], [ -115, 34 ], [ -115, 34 ], [ -115, 34 ], [ -115, 34 ], [ -115, 34 ], [ -115, 34 ], [ -115, 34 ], [ -115, 34 ], [ -115, 34 ], [ -115, 34 ], [ -115, 34 ], [ -115, 34 ], [ -115, 34 ], [ -115, 34 ], [ -115, 34 ], [ -115, 34 ], [ -115, 34 ], [ -115, 34 ], [ -115, 34 ], [ -115, 34 ], [ -115, 34 ], [ -115, 34 ], [ -115, 34 ], [ -115, 34 ], [ -115, 34 ], [ -115, 34 ], [ -115, 34 ], [ -115, 34 ], [ -115, 34 ], [ -115, 34 ], [ -115, 34 ], [ -115, 34 ], [ -115, 34 ], [ -115, 34 ], [ -115, 34 ], [ -115, 34 ], [ -115, 34 ], [ -115, 34 ], [ -115, 34 ], [ -115, 34 ], [ -115, 34 ], [ -115, 34 ], [ -115, 34 ], [ -115, 34 ], [ -115, 34 ], [ -115, 34 ], [ -115, 34 ], [ -115, 34 ], [ -115, 34 ], [ -115, 34 ], [ -115, 34 ], [ -115, 34 ], [ -115, 34 ], [ -115, 34 ], [ -115, 34 ], [ -115, 34 ], [ -115, 34 ], [ -115, 34 ], [ -115, 34 ], [ -115, 34 ], [ -115, 34 ], [ -115, 34 ], [ -115, 34 ], [ -115, 34 ], [ -115, 34 ], [ -115, 34 ], [ -115, 34 ], [ -115, 34 ], [ -115, 34 ], [ -115, 34 ], [ -115, 34 ], [ -115, 34 ], [ -115, 34 ], [ -115, 34 ], [ -115, 34 ], [ -115, 34 ], [ -115, 34 ], [ -115, 34 ], [ -115, 34 ], [ -115, 34 ], [ -115, 34 ], [ -115, 34 ], [ -115, 34 ], [ -115, 34 ], [ -115, 34 ], [ -115, 34 ], [ -115, 34 ], [ -115, 34 ], [ -115, 34 ], [ -115, 34 ], [ -115, 34 ], [ -115, 34 ], [ -115, 34 ], [ -115, 34 ], [ -115, 34 ], [ -115, 34 ], [ -115, 34 ], [ -115, 34 ], [ -115, 34 ], [ -115, 34 ], [ -115, 34 ], [ -115, 34 ], [ -115, 34 ], [ -115, 34 ], [ -115, 34 ], [ -115, 34 ], [ -115, 34 ], [ -115, 34 ], [ -115, 34 ], [ -115, 34 ], [ -115, 34 ], [ -115, 34 ], [ -115, 34 ], [ -115, 34 ], [ -115, 34 ], [ -115, 34 ], [ -115, 34 ], [ -115, 34 ], [ -115, 34 ], [ -115, 34 ], [ -115, 34 ], [ -115, 34 ], [ -115, 34 ], [ -115, 34 ], [ -115, 34 ], [ -115, 34 ], [ -115, 34 ], [ -115, 34 ], [ -115, 34 ], [ -115, 34 ], [ -115, 34 ], [ -115, 33 ], [ -115, 33 ], [ -115, 33 ], [ -115, 33 ], [ -115, 33 ], [ -115, 33 ], [ -115, 33 ], [ -115, 33 ], [ -115, 33 ], [ -115, 33 ], [ -115, 33 ], [ -115, 33 ], [ -115, 33 ], [ -115, 33 ], [ -115, 33 ], [ -115, 33 ], [ -115, 33 ], [ -115, 33 ], [ -115, 33 ], [ -115, 33 ], [ -115, 33 ], [ -115, 33 ], [ -115, 33 ], [ -115, 33 ], [ -115, 33 ], [ -115, 33 ], [ -115, 33 ], [ -115, 33 ], [ -115, 33 ], [ -115, 33 ], [ -115, 33 ], [ -115, 33 ], [ -115, 33 ], [ -115, 33 ], [ -115, 33 ], [ -115, 33 ], [ -115, 33 ], [ -115, 33 ], [ -115, 33 ], [ -115, 33 ], [ -115, 33 ], [ -115, 33 ], [ -115, 33 ], [ -115, 33 ], [ -115, 33 ], [ -115, 33 ], [ -115, 33 ], [ -115, 33 ], [ -115, 33 ], [ -115, 33 ], [ -115, 33 ], [ -115, 33 ], [ -115, 33 ], [ -115, 33 ], [ -115, 33 ], [ -115, 33 ], [ -115, 33 ], [ -115, 33 ], [ -115, 33 ], [ -115, 33 ], [ -115, 33 ], [ -115, 33 ], [ -115, 33 ], [ -115, 33 ], [ -115, 33 ], [ -115, 33 ], [ -115, 33 ], [ -115, 33 ], [ -115, 33 ], [ -115, 33 ], [ -115, 33 ], [ -115, 33 ], [ -115, 33 ], [ -115, 33 ], [ -115, 33 ], [ -115, 33 ], [ -115, 33 ], [ -115, 33 ], [ -115, 33 ], [ -115, 33 ], [ -115, 33 ], [ -115, 33 ], [ -115, 33 ], [ -115, 33 ], [ -115, 33 ], [ -115, 33 ], [ -115, 33 ], [ -115, 33 ], [ -115, 33 ], [ -115, 33 ], [ -115, 33 ], [ -115, 33 ], [ -115, 33 ], [ -115, 33 ], [ -115, 33 ], [ -115, 33 ], [ -115, 33 ], [ -115, 33 ], [ -115, 33 ], [ -115, 33 ], [ -115, 33 ], [ -115, 33 ], [ -115, 33 ], [ -115, 33 ], [ -115, 33 ], [ -115, 33 ], [ -115, 33 ], [ -115, 33 ], [ -115, 33 ], [ -115, 33 ], [ -115, 33 ], [ -115, 33 ], [ -115, 33 ], [ -115, 33 ], [ -115, 33 ], [ -115, 33 ], [ -115, 33 ], [ -115, 33 ], [ -115, 33 ], [ -115, 33 ], [ -115, 33 ], [ -115, 33 ], [ -115, 33 ], [ -115, 33 ], [ -115, 33 ], [ -115, 33 ], [ -115, 33 ], [ -115, 33 ], [ -115, 33 ], [ -115, 33 ], [ -115, 33 ], [ -115, 33 ], [ -115, 33 ], [ -115, 33 ], [ -115, 33 ], [ -115, 33 ], [ -115, 33 ], [ -115, 33 ], [ -115, 33 ], [ -115, 33 ], [ -115, 33 ], [ -115, 33 ], [ -115, 33 ], [ -115, 33 ], [ -115, 33 ], [ -115, 33 ], [ -115, 33 ], [ -115, 33 ], [ -115, 33 ], [ -115, 33 ], [ -115, 33 ], [ -115, 33 ], [ -115, 33 ], [ -115, 33 ], [ -115, 33 ], [ -115, 33 ], [ -115, 33 ], [ -115, 33 ], [ -115, 33 ], [ -115, 33 ], [ -115, 33 ], [ -115, 33 ], [ -115, 33 ], [ -115, 33 ], [ -115, 33 ], [ -115, 33 ], [ -115, 33 ], [ -115, 33 ], [ -115, 33 ], [ -115, 33 ], [ -115, 33 ], [ -115, 33 ], [ -115, 33 ], [ -115, 33 ], [ -115, 33 ], [ -115, 33 ], [ -115, 33 ], [ -115, 33 ], [ -115, 33 ], [ -115, 33 ], [ -115, 33 ], [ -115, 33 ], [ -115, 33 ], [ -115, 33 ], [ -115, 33 ], [ -115, 33 ], [ -115, 33 ], [ -115, 33 ], [ -115, 33 ], [ -115, 33 ], [ -115, 33 ], [ -115, 33 ], [ -115, 33 ], [ -115, 33 ], [ -115, 33 ], [ -115, 33 ], [ -115, 33 ], [ -115, 33 ], [ -115, 33 ], [ -115, 33 ], [ -115, 33 ], [ -115, 33 ], [ -115, 33 ], [ -115, 33 ], [ -115, 33 ], [ -115, 33 ], [ -115, 33 ], [ -115, 33 ], [ -115, 33 ], [ -115, 33 ], [ -115, 33 ], [ -115, 33 ], [ -115, 33 ], [ -115, 33 ], [ -115, 33 ], [ -115, 33 ], [ -115, 33 ], [ -115, 33 ], [ -115, 33 ], [ -115, 33 ], [ -115, 33 ], [ -115, 33 ], [ -115, 33 ], [ -115, 33 ], [ -115, 33 ], [ -115, 33 ], [ -115, 33 ], [ -115, 33 ], [ -115, 33 ], [ -115, 33 ], [ -115, 33 ], [ -115, 33 ], [ -115, 33 ], [ -115, 33 ], [ -115, 33 ], [ -115, 33 ], [ -115, 33 ], [ -115, 33 ], [ -115, 33 ], [ -115, 33 ], [ -115, 33 ], [ -115, 33 ], [ -115, 33 ], [ -115, 33 ], [ -115, 33 ], [ -115, 33 ], [ -115, 33 ], [ -115, 33 ], [ -115, 33 ], [ -115, 33 ], [ -115, 33 ], [ -115, 33 ], [ -115, 33 ], [ -115, 33 ], [ -115, 33 ], [ -115, 33 ], [ -115, 33 ], [ -115, 33 ], [ -115, 33 ], [ -115, 33 ], [ -115, 33 ], [ -115, 33 ], [ -115, 33 ], [ -115, 33 ], [ -115, 33 ], [ -115, 33 ], [ -115, 33 ], [ -115, 33 ], [ -115, 33 ], [ -115, 33 ], [ -115, 33 ], [ -115, 33 ], [ -115, 33 ], [ -115, 33 ], [ -115, 33 ], [ -115, 33 ], [ -115, 33 ], [ -115, 33 ], [ -115, 33 ], [ -115, 33 ], [ -115, 33 ], [ -115, 33 ], [ -115, 33 ], [ -115, 33 ], [ -115, 33 ], [ -115, 33 ], [ -115, 33 ], [ -115, 33 ], [ -115, 33 ], [ -115, 33 ], [ -115, 33 ], [ -115, 33 ], [ -115, 33 ], [ -115, 33 ], [ -115, 33 ], [ -115, 33 ], [ -115, 33 ], [ -115, 33 ], [ -115, 33 ], [ -115, 33 ], [ -115, 33 ], [ -115, 33 ], [ -115, 33 ], [ -115, 33 ], [ -115, 33 ], [ -115, 33 ], [ -115, 33 ], [ -115, 33 ], [ -115, 33 ], [ -115, 33 ], [ -115, 33 ], [ -115, 33 ], [ -115, 33 ], [ -115, 33 ], [ -115, 33 ], [ -115, 33 ], [ -115, 33 ], [ -115, 33 ], [ -115, 33 ], [ -115, 33 ], [ -115, 33 ], [ -115, 33 ], [ -115, 33 ], [ -115, 33 ], [ -115, 33 ], [ -115, 33 ], [ -115, 33 ], [ -115, 33 ], [ -115, 33 ], [ -115, 33 ], [ -115, 33 ], [ -115, 33 ], [ -115, 33 ], [ -115, 33 ], [ -115, 33 ], [ -115, 33 ], [ -115, 33 ], [ -115, 33 ], [ -115, 33 ], [ -115, 33 ], [ -115, 33 ], [ -115, 33 ], [ -115, 33 ], [ -115, 33 ], [ -115, 33 ], [ -115, 33 ], [ -115, 33 ], [ -115, 33 ], [ -115, 33 ], [ -115, 33 ], [ -115, 33 ], [ -115, 33 ], [ -115, 33 ], [ -115, 33 ], [ -115, 33 ], [ -115, 33 ], [ -115, 33 ], [ -115, 33 ], [ -115, 33 ], [ -115, 33 ], [ -115, 33 ], [ -115, 33 ], [ -115, 33 ], [ -115, 33 ], [ -115, 33 ], [ -115, 33 ], [ -115, 33 ], [ -115, 33 ], [ -115, 33 ], [ -115, 33 ], [ -115, 33 ], [ -115, 33 ], [ -115, 33 ], [ -115, 33 ], [ -115, 33 ], [ -115, 33 ], [ -115, 33 ], [ -115, 33 ], [ -115, 33 ], [ -115, 33 ], [ -115, 33 ], [ -115, 33 ], [ -115, 33 ], [ -115, 33 ], [ -115, 33 ], [ -115, 33 ], [ -115, 33 ], [ -115, 33 ], [ -115, 33 ], [ -115, 33 ], [ -115, 33 ], [ -115, 33 ], [ -115, 33 ], [ -115, 33 ], [ -115, 33 ], [ -115, 33 ], [ -114, 33 ], [ -114, 33 ], [ -114, 33 ], [ -114, 33 ], [ -114, 33 ], [ -114, 33 ], [ -114, 33 ], [ -114, 33 ], [ -114, 33 ], [ -114, 33 ], [ -114, 33 ], [ -114, 33 ], [ -114, 33 ], [ -114, 33 ], [ -114, 33 ], [ -114, 33 ], [ -114, 33 ], [ -114, 33 ], [ -114, 33 ], [ -114, 33 ], [ -114, 33 ], [ -114, 33 ], [ -114, 33 ], [ -114, 33 ], [ -114, 33 ], [ -114, 33 ], [ -114, 33 ], [ -114, 33 ], [ -114, 33 ], [ -114, 33 ], [ -114, 33 ], [ -114, 33 ], [ -114, 33 ], [ -114, 33 ], [ -114, 33 ], [ -114, 33 ], [ -114, 33 ], [ -114, 33 ], [ -114, 33 ], [ -114, 33 ], [ -114, 33 ], [ -114, 33 ], [ -114, 33 ], [ -114, 33 ], [ -114, 33 ], [ -114, 33 ], [ -114, 33 ], [ -114, 33 ], [ -114, 33 ], [ -114, 33 ], [ -114, 33 ], [ -114, 33 ], [ -114, 33 ], [ -114, 33 ], [ -114, 33 ], [ -114, 33 ], [ -114, 33 ], [ -114, 33 ], [ -114, 33 ], [ -114, 33 ], [ -114, 33 ], [ -114, 33 ], [ -114, 33 ], [ -114, 33 ], [ -114, 33 ], [ -114, 33 ], [ -114, 33 ], [ -114, 33 ], [ -114, 33 ], [ -114, 33 ], [ -114, 33 ], [ -114, 33 ], [ -114, 33 ], [ -114, 33 ], [ -114, 33 ], [ -114, 33 ], [ -114, 33 ], [ -114, 33 ], [ -114, 33 ], [ -114, 33 ], [ -114, 33 ], [ -114, 33 ], [ -114, 33 ], [ -114, 33 ], [ -114, 33 ], [ -114, 33 ], [ -114, 33 ], [ -114, 33 ], [ -114, 33 ], [ -114, 33 ], [ -114, 33 ], [ -114, 33 ], [ -114, 33 ], [ -114, 33 ], [ -114, 33 ], [ -114, 33 ], [ -114, 33 ], [ -114, 33 ], [ -114, 33 ], [ -114, 33 ], [ -114, 33 ], [ -114, 33 ], [ -114, 33 ], [ -114, 33 ], [ -114, 33 ], [ -114, 33 ], [ -114, 33 ], [ -114, 33 ], [ -114, 33 ], [ -114, 33 ], [ -114, 33 ], [ -114, 33 ], [ -114, 33 ], [ -114, 33 ], [ -114, 33 ], [ -114, 33 ], [ -114, 33 ], [ -114, 33 ], [ -114, 33 ], [ -114, 33 ], [ -114, 33 ], [ -114, 33 ], [ -114, 33 ], [ -114, 33 ], [ -114, 33 ], [ -114, 33 ], [ -114, 33 ], [ -114, 33 ], [ -114, 33 ], [ -114, 33 ], [ -114, 33 ], [ -114, 33 ], [ -114, 33 ], [ -114, 33 ], [ -114, 33 ], [ -114, 33 ], [ -114, 33 ], [ -114, 33 ], [ -114, 33 ], [ -114, 33 ], [ -114, 33 ], [ -114, 33 ], [ -114, 33 ], [ -114, 33 ], [ -114, 33 ], [ -114, 33 ], [ -114, 33 ], [ -114, 33 ], [ -114, 33 ], [ -114, 33 ], [ -114, 33 ], [ -115, 33 ], [ -115, 33 ], [ -115, 33 ], [ -115, 33 ], [ -115, 33 ], [ -115, 33 ], [ -115, 33 ], [ -115, 33 ], [ -115, 33 ], [ -115, 33 ], [ -115, 33 ], [ -115, 33 ], [ -115, 33 ], [ -115, 33 ], [ -115, 33 ], [ -115, 33 ], [ -115, 33 ], [ -115, 33 ], [ -115, 33 ], [ -115, 33 ], [ -115, 33 ], [ -115, 33 ], [ -115, 33 ], [ -115, 33 ], [ -115, 33 ], [ -115, 33 ], [ -115, 33 ], [ -115, 33 ], [ -115, 33 ], [ -115, 33 ], [ -115, 33 ], [ -115, 33 ], [ -115, 33 ], [ -115, 33 ], [ -115, 33 ], [ -115, 33 ], [ -115, 33 ], [ -115, 33 ], [ -115, 33 ], [ -115, 33 ], [ -115, 33 ], [ -115, 33 ], [ -115, 33 ], [ -115, 33 ], [ -115, 33 ], [ -115, 33 ], [ -115, 33 ], [ -115, 33 ], [ -115, 33 ], [ -115, 33 ], [ -115, 33 ], [ -115, 33 ], [ -115, 33 ], [ -115, 33 ], [ -115, 33 ], [ -115, 33 ], [ -115, 33 ], [ -115, 33 ], [ -115, 33 ], [ -115, 33 ], [ -115, 33 ], [ -115, 33 ], [ -115, 33 ], [ -115, 33 ], [ -115, 33 ], [ -115, 33 ], [ -115, 33 ], [ -115, 33 ], [ -115, 33 ], [ -115, 33 ], [ -115, 33 ], [ -115, 33 ], [ -115, 33 ], [ -115, 33 ], [ -115, 33 ], [ -115, 33 ], [ -115, 33 ], [ -115, 33 ], [ -115, 33 ], [ -115, 33 ], [ -115, 33 ], [ -115, 33 ], [ -115, 33 ], [ -115, 33 ], [ -115, 33 ], [ -115, 33 ], [ -115, 33 ], [ -115, 33 ], [ -115, 33 ], [ -115, 33 ], [ -115, 33 ], [ -115, 33 ], [ -115, 33 ], [ -115, 33 ], [ -115, 33 ], [ -115, 33 ], [ -115, 33 ], [ -115, 33 ], [ -115, 33 ], [ -115, 33 ], [ -115, 33 ], [ -115, 33 ], [ -115, 33 ], [ -115, 33 ], [ -115, 33 ], [ -115, 33 ], [ -115, 33 ], [ -115, 33 ], [ -115, 33 ], [ -115, 33 ], [ -115, 33 ], [ -115, 33 ], [ -115, 33 ], [ -115, 33 ], [ -115, 33 ], [ -115, 33 ], [ -115, 33 ], [ -115, 33 ], [ -115, 33 ], [ -115, 33 ], [ -115, 33 ], [ -115, 33 ], [ -115, 33 ], [ -115, 33 ], [ -115, 33 ], [ -115, 33 ], [ -115, 33 ], [ -115, 33 ], [ -115, 33 ], [ -115, 33 ], [ -115, 33 ], [ -115, 33 ], [ -115, 33 ], [ -115, 33 ], [ -115, 33 ], [ -115, 33 ], [ -115, 33 ], [ -115, 33 ], [ -115, 33 ], [ -115, 33 ], [ -115, 33 ], [ -115, 33 ], [ -115, 33 ], [ -115, 33 ], [ -115, 33 ], [ -115, 33 ], [ -115, 33 ], [ -115, 33 ], [ -115, 33 ], [ -115, 33 ], [ -115, 33 ], [ -115, 33 ], [ -115, 33 ], [ -115, 33 ], [ -115, 33 ], [ -115, 33 ], [ -115, 33 ], [ -115, 33 ], [ -115, 33 ], [ -115, 33 ], [ -115, 33 ], [ -115, 33 ], [ -115, 33 ], [ -115, 33 ], [ -115, 33 ], [ -115, 33 ], [ -115, 33 ], [ -115, 33 ], [ -115, 33 ], [ -115, 33 ], [ -115, 33 ], [ -115, 33 ], [ -115, 33 ], [ -115, 33 ], [ -115, 33 ], [ -115, 33 ], [ -115, 33 ], [ -115, 33 ], [ -115, 33 ], [ -115, 33 ], [ -115, 33 ], [ -115, 33 ], [ -115, 33 ], [ -115, 33 ], [ -115, 33 ], [ -115, 33 ], [ -115, 33 ], [ -115, 33 ], [ -115, 33 ], [ -115, 33 ], [ -115, 33 ], [ -115, 33 ], [ -115, 33 ], [ -115, 33 ], [ -115, 33 ], [ -115, 33 ], [ -115, 33 ], [ -115, 33 ], [ -115, 33 ], [ -115, 33 ], [ -115, 33 ], [ -115, 33 ], [ -115, 33 ], [ -115, 33 ], [ -115, 33 ], [ -115, 33 ], [ -115, 33 ], [ -115, 33 ], [ -115, 33 ], [ -115, 33 ], [ -115, 33 ], [ -115, 33 ], [ -115, 33 ], [ -115, 33 ], [ -115, 33 ], [ -115, 33 ], [ -115, 33 ], [ -115, 33 ], [ -115, 33 ], [ -115, 33 ], [ -115, 33 ], [ -115, 33 ], [ -115, 33 ], [ -115, 33 ], [ -115, 33 ], [ -115, 33 ], [ -115, 33 ], [ -115, 33 ], [ -115, 33 ], [ -115, 33 ], [ -115, 33 ], [ -115, 33 ], [ -115, 33 ], [ -115, 33 ], [ -115, 33 ], [ -115, 33 ], [ -115, 33 ], [ -115, 33 ], [ -115, 33 ], [ -115, 33 ], [ -115, 33 ], [ -115, 33 ], [ -115, 33 ], [ -115, 33 ], [ -115, 33 ], [ -115, 33 ], [ -115, 33 ], [ -115, 33 ], [ -115, 33 ], [ -115, 33 ], [ -115, 33 ], [ -115, 33 ], [ -115, 33 ], [ -115, 33 ], [ -115, 33 ], [ -115, 33 ], [ -115, 33 ], [ -115, 33 ], [ -115, 33 ], [ -115, 33 ], [ -115, 33 ], [ -115, 33 ], [ -115, 33 ], [ -115, 33 ], [ -115, 33 ], [ -115, 33 ], [ -115, 33 ], [ -115, 33 ], [ -115, 33 ], [ -115, 33 ], [ -115, 33 ], [ -115, 33 ], [ -115, 33 ], [ -115, 33 ], [ -115, 33 ], [ -115, 33 ], [ -115, 33 ], [ -115, 33 ], [ -115, 33 ], [ -115, 33 ], [ -115, 33 ], [ -115, 33 ], [ -115, 33 ], [ -115, 33 ], [ -115, 33 ], [ -115, 33 ], [ -115, 33 ], [ -115, 33 ], [ -115, 33 ], [ -115, 33 ], [ -115, 33 ], [ -115, 33 ], [ -115, 33 ], [ -115, 33 ], [ -115, 33 ], [ -115, 33 ], [ -115, 33 ], [ -115, 33 ], [ -115, 33 ], [ -115, 33 ], [ -115, 33 ], [ -115, 33 ], [ -115, 33 ], [ -115, 33 ], [ -115, 33 ], [ -115, 33 ], [ -115, 33 ], [ -115, 33 ], [ -115, 33 ], [ -115, 33 ], [ -115, 33 ], [ -115, 33 ], [ -115, 33 ], [ -115, 33 ], [ -115, 33 ], [ -115, 33 ], [ -115, 33 ], [ -115, 33 ], [ -115, 33 ], [ -115, 33 ], [ -115, 33 ], [ -115, 33 ], [ -115, 33 ], [ -115, 33 ], [ -115, 33 ], [ -115, 33 ], [ -115, 33 ], [ -115, 33 ], [ -115, 33 ], [ -115, 33 ], [ -115, 33 ], [ -115, 33 ], [ -115, 33 ], [ -115, 33 ], [ -115, 33 ], [ -115, 33 ], [ -115, 33 ], [ -115, 33 ], [ -115, 33 ], [ -115, 33 ], [ -115, 33 ], [ -115, 33 ], [ -115, 33 ], [ -115, 33 ], [ -115, 33 ], [ -115, 33 ], [ -115, 33 ], [ -115, 33 ], [ -115, 33 ], [ -115, 33 ], [ -115, 33 ], [ -115, 33 ], [ -115, 33 ], [ -115, 33 ], [ -115, 33 ], [ -115, 33 ], [ -115, 33 ], [ -115, 33 ], [ -115, 33 ], [ -115, 33 ], [ -115, 33 ], [ -115, 33 ], [ -115, 33 ], [ -115, 33 ], [ -115, 33 ], [ -115, 33 ], [ -115, 33 ], [ -115, 33 ], [ -115, 33 ], [ -115, 33 ], [ -115, 33 ], [ -115, 33 ], [ -115, 33 ], [ -115, 33 ], [ -115, 33 ], [ -115, 33 ], [ -115, 33 ], [ -115, 33 ], [ -115, 33 ], [ -115, 33 ], [ -115, 33 ], [ -115, 33 ], [ -115, 33 ], [ -115, 33 ], [ -115, 33 ], [ -115, 33 ], [ -115, 33 ], [ -115, 33 ], [ -115, 33 ], [ -115, 33 ], [ -115, 33 ], [ -115, 33 ], [ -115, 33 ], [ -115, 33 ], [ -115, 33 ], [ -115, 33 ], [ -115, 33 ], [ -115, 33 ], [ -115, 33 ], [ -115, 33 ], [ -115, 33 ], [ -115, 33 ], [ -115, 33 ], [ -115, 33 ], [ -115, 33 ], [ -115, 33 ], [ -115, 33 ], [ -115, 33 ], [ -115, 33 ], [ -115, 33 ], [ -115, 33 ], [ -115, 33 ], [ -115, 33 ], [ -115, 33 ], [ -115, 33 ], [ -115, 33 ], [ -115, 33 ], [ -115, 33 ], [ -115, 33 ], [ -115, 33 ], [ -115, 33 ], [ -115, 33 ], [ -115, 33 ], [ -115, 33 ], [ -115, 33 ], [ -115, 33 ], [ -115, 33 ], [ -115, 33 ], [ -115, 33 ], [ -115, 33 ], [ -115, 33 ], [ -115, 33 ], [ -115, 33 ], [ -115, 33 ], [ -115, 33 ], [ -115, 33 ], [ -115, 33 ], [ -115, 33 ], [ -115, 33 ], [ -115, 33 ], [ -115, 33 ], [ -115, 33 ], [ -115, 33 ], [ -115, 33 ], [ -115, 33 ], [ -115, 33 ], [ -115, 33 ], [ -115, 33 ], [ -115, 33 ], [ -115, 33 ], [ -115, 33 ], [ -115, 33 ], [ -115, 33 ], [ -115, 33 ], [ -115, 33 ], [ -115, 33 ], [ -115, 33 ], [ -115, 33 ], [ -115, 33 ], [ -115, 33 ], [ -115, 33 ], [ -115, 33 ], [ -115, 33 ], [ -115, 33 ], [ -115, 33 ], [ -115, 33 ], [ -115, 33 ], [ -115, 33 ], [ -115, 33 ], [ -115, 33 ], [ -115, 33 ], [ -116, 33 ], [ -116, 33 ], [ -116, 33 ], [ -116, 33 ], [ -116, 33 ], [ -116, 33 ], [ -116, 33 ], [ -116, 33 ], [ -116, 33 ], [ -116, 33 ], [ -116, 33 ], [ -116, 33 ], [ -116, 33 ], [ -116, 33 ], [ -116, 33 ], [ -116, 33 ], [ -116, 33 ], [ -116, 33 ], [ -116, 33 ], [ -116, 33 ], [ -116, 33 ], [ -116, 33 ], [ -116, 33 ], [ -116, 33 ], [ -116, 33 ], [ -116, 33 ], [ -116, 33 ], [ -116, 33 ], [ -116, 33 ], [ -116, 33 ], [ -116, 33 ], [ -116, 33 ], [ -116, 33 ], [ -116, 33 ], [ -116, 33 ], [ -116, 33 ], [ -116, 33 ], [ -116, 33 ], [ -116, 33 ], [ -116, 33 ], [ -116, 33 ], [ -116, 33 ], [ -116, 33 ], [ -116, 33 ], [ -116, 33 ], [ -116, 33 ], [ -116, 33 ], [ -116, 33 ], [ -116, 33 ], [ -116, 33 ], [ -116, 33 ], [ -116, 33 ], [ -116, 33 ], [ -116, 33 ], [ -116, 33 ], [ -116, 33 ], [ -116, 33 ], [ -116, 33 ], [ -116, 33 ], [ -116, 33 ], [ -116, 33 ], [ -116, 33 ], [ -116, 33 ], [ -116, 33 ], [ -116, 33 ], [ -116, 33 ], [ -116, 33 ], [ -116, 33 ], [ -116, 33 ], [ -116, 33 ], [ -116, 33 ], [ -116, 33 ], [ -116, 33 ], [ -116, 33 ], [ -116, 33 ], [ -116, 33 ], [ -116, 33 ], [ -116, 33 ], [ -116, 33 ], [ -116, 33 ], [ -116, 33 ], [ -116, 33 ], [ -116, 33 ], [ -116, 33 ], [ -116, 33 ], [ -116, 33 ], [ -116, 33 ], [ -116, 33 ], [ -116, 33 ], [ -116, 33 ], [ -116, 33 ], [ -116, 33 ], [ -116, 33 ], [ -116, 33 ], [ -116, 33 ], [ -116, 33 ], [ -116, 33 ], [ -116, 33 ], [ -116, 33 ], [ -116, 33 ], [ -116, 33 ], [ -116, 33 ], [ -116, 33 ], [ -116, 33 ], [ -116, 33 ], [ -116, 33 ], [ -116, 33 ], [ -116, 33 ], [ -116, 33 ], [ -116, 33 ], [ -116, 33 ], [ -116, 33 ], [ -116, 33 ], [ -116, 33 ], [ -116, 33 ], [ -116, 33 ], [ -116, 33 ], [ -116, 33 ], [ -116, 33 ], [ -116, 33 ], [ -116, 33 ], [ -116, 33 ], [ -116, 33 ], [ -116, 33 ], [ -116, 33 ], [ -116, 33 ], [ -116, 33 ], [ -116, 33 ], [ -116, 33 ], [ -116, 33 ], [ -116, 33 ], [ -116, 33 ], [ -116, 33 ], [ -116, 33 ], [ -116, 33 ], [ -116, 33 ], [ -116, 33 ], [ -116, 33 ], [ -116, 33 ], [ -116, 33 ], [ -116, 33 ], [ -116, 33 ], [ -116, 33 ], [ -116, 33 ], [ -116, 33 ], [ -116, 33 ], [ -116, 33 ], [ -116, 33 ], [ -116, 33 ], [ -116, 33 ], [ -116, 33 ], [ -116, 33 ], [ -116, 33 ], [ -116, 33 ], [ -116, 33 ], [ -116, 33 ], [ -116, 33 ], [ -116, 33 ], [ -116, 33 ], [ -116, 33 ], [ -116, 33 ], [ -116, 33 ], [ -116, 33 ], [ -116, 33 ], [ -116, 33 ], [ -116, 33 ], [ -116, 33 ], [ -116, 33 ], [ -116, 33 ], [ -116, 33 ], [ -116, 33 ], [ -116, 33 ], [ -116, 33 ], [ -116, 33 ], [ -116, 33 ], [ -116, 33 ], [ -116, 33 ], [ -116, 33 ], [ -116, 33 ], [ -117, 33 ], [ -117, 33 ], [ -117, 33 ], [ -117, 33 ], [ -117, 33 ], [ -117, 33 ], [ -117, 33 ], [ -117, 33 ], [ -117, 33 ], [ -117, 33 ], [ -117, 33 ], [ -117, 33 ], [ -117, 33 ], [ -117, 33 ], [ -117, 33 ], [ -117, 33 ], [ -117, 33 ], [ -117, 33 ], [ -117, 33 ], [ -117, 33 ], [ -117, 33 ], [ -117, 33 ], [ -117, 33 ], [ -117, 33 ], [ -117, 33 ], [ -117, 33 ], [ -117, 33 ], [ -117, 33 ], [ -117, 33 ], [ -117, 33 ], [ -117, 33 ], [ -117, 33 ], [ -117, 33 ], [ -117, 33 ], [ -117, 33 ], [ -117, 33 ], [ -117, 33 ], [ -117, 33 ], [ -117, 33 ], [ -117, 33 ], [ -117, 33 ], [ -117, 33 ], [ -117, 33 ], [ -117, 33 ], [ -117, 33 ], [ -117, 33 ], [ -117, 33 ], [ -117, 33 ], [ -117, 33 ], [ -117, 33 ], [ -117, 33 ], [ -117, 33 ], [ -117, 33 ], [ -117, 33 ], [ -117, 33 ], [ -117, 33 ], [ -117, 33 ], [ -117, 33 ], [ -117, 33 ], [ -117, 33 ], [ -117, 33 ], [ -117, 33 ], [ -117, 33 ], [ -117, 33 ], [ -117, 33 ], [ -117, 33 ], [ -117, 33 ], [ -117, 33 ], [ -117, 33 ], [ -117, 33 ], [ -117, 33 ], [ -117, 33 ], [ -117, 33 ], [ -117, 33 ], [ -117, 33 ], [ -117, 33 ], [ -117, 33 ], [ -117, 33 ], [ -117, 33 ], [ -117, 33 ], [ -117, 33 ], [ -117, 33 ], [ -117, 33 ], [ -117, 33 ], [ -117, 33 ], [ -117, 33 ], [ -117, 33 ], [ -117, 33 ], [ -117, 33 ], [ -117, 33 ], [ -117, 33 ], [ -117, 33 ], [ -117, 33 ], [ -117, 33 ], [ -117, 33 ], [ -117, 33 ], [ -117, 33 ], [ -117, 33 ], [ -117, 33 ], [ -117, 33 ], [ -117, 33 ], [ -117, 33 ], [ -117, 33 ], [ -117, 33 ], [ -117, 33 ], [ -117, 33 ], [ -117, 33 ], [ -117, 33 ], [ -117, 33 ], [ -117, 33 ], [ -117, 33 ], [ -117, 33 ], [ -117, 33 ], [ -117, 33 ], [ -117, 33 ], [ -117, 33 ], [ -117, 33 ], [ -117, 33 ], [ -117, 33 ], [ -117, 33 ], [ -117, 33 ], [ -117, 33 ], [ -117, 33 ], [ -117, 33 ], [ -117, 33 ], [ -117, 33 ], [ -117, 33 ], [ -117, 33 ], [ -117, 33 ], [ -117, 33 ], [ -117, 33 ], [ -117, 33 ], [ -117, 33 ], [ -117, 33 ], [ -117, 33 ], [ -117, 33 ], [ -117, 33 ], [ -117, 33 ], [ -117, 33 ], [ -117, 33 ], [ -117, 33 ], [ -117, 33 ], [ -117, 33 ], [ -117, 33 ], [ -117, 33 ], [ -117, 33 ], [ -117, 33 ], [ -117, 33 ], [ -117, 33 ], [ -117, 33 ], [ -117, 33 ], [ -117, 33 ], [ -117, 33 ], [ -117, 33 ], [ -117, 33 ], [ -117, 33 ], [ -117, 33 ], [ -117, 33 ], [ -117, 33 ], [ -117, 33 ], [ -117, 33 ], [ -117, 33 ], [ -117, 33 ], [ -117, 33 ], [ -117, 33 ], [ -117, 33 ], [ -117, 33 ], [ -117, 33 ], [ -117, 33 ], [ -117, 33 ], [ -117, 33 ], [ -117, 33 ], [ -117, 33 ], [ -117, 33 ], [ -117, 33 ], [ -117, 33 ], [ -117, 33 ], [ -117, 33 ], [ -117, 33 ], [ -117, 33 ], [ -117, 33 ], [ -117, 33 ], [ -117, 33 ], [ -117, 33 ], [ -117, 33 ], [ -117, 33 ], [ -117, 33 ], [ -117, 33 ], [ -117, 33 ], [ -117, 33 ], [ -117, 33 ], [ -117, 33 ], [ -117, 33 ], [ -117, 33 ], [ -117, 33 ], [ -117, 33 ], [ -117, 33 ], [ -117, 33 ], [ -117, 33 ], [ -117, 33 ], [ -117, 33 ], [ -117, 33 ], [ -117, 33 ], [ -117, 33 ], [ -117, 33 ], [ -117, 33 ], [ -117, 33 ], [ -117, 33 ], [ -117, 33 ], [ -117, 33 ], [ -117, 33 ], [ -117, 33 ], [ -117, 33 ], [ -117, 33 ], [ -117, 33 ], [ -117, 33 ], [ -117, 33 ], [ -117, 33 ], [ -117, 33 ], [ -117, 33 ], [ -117, 33 ], [ -117, 33 ], [ -117, 33 ], [ -117, 33 ], [ -117, 33 ], [ -117, 33 ], [ -117, 33 ], [ -117, 33 ], [ -117, 33 ], [ -117, 33 ], [ -117, 33 ], [ -117, 33 ], [ -117, 33 ], [ -117, 33 ], [ -117, 33 ], [ -117, 33 ], [ -117, 33 ], [ -117, 33 ], [ -117, 33 ], [ -117, 33 ], [ -117, 33 ], [ -117, 33 ], [ -117, 33 ], [ -117, 33 ], [ -117, 33 ], [ -117, 33 ], [ -117, 33 ], [ -117, 33 ], [ -117, 33 ], [ -117, 33 ], [ -117, 33 ], [ -117, 33 ], [ -117, 33 ], [ -117, 33 ], [ -117, 33 ], [ -117, 33 ], [ -117, 33 ], [ -117, 33 ], [ -117, 33 ], [ -117, 33 ], [ -117, 33 ], [ -117, 33 ], [ -117, 33 ], [ -117, 33 ], [ -117, 33 ], [ -117, 33 ], [ -117, 33 ], [ -117, 33 ], [ -117, 33 ], [ -117, 33 ], [ -117, 33 ], [ -117, 33 ], [ -117, 33 ], [ -117, 33 ], [ -117, 33 ], [ -117, 33 ], [ -117, 33 ], [ -117, 33 ], [ -117, 33 ], [ -117, 33 ], [ -117, 33 ], [ -117, 33 ], [ -117, 33 ], [ -117, 33 ], [ -117, 33 ], [ -117, 33 ], [ -117, 33 ], [ -117, 33 ], [ -117, 33 ], [ -117, 33 ], [ -117, 33 ], [ -117, 33 ], [ -117, 33 ], [ -117, 33 ], [ -117, 33 ], [ -117, 33 ], [ -117, 33 ], [ -117, 33 ], [ -117, 33 ], [ -117, 33 ], [ -117, 33 ], [ -117, 33 ], [ -117, 33 ], [ -117, 33 ], [ -117, 33 ], [ -117, 33 ], [ -117, 33 ], [ -117, 33 ], [ -117, 33 ], [ -117, 33 ], [ -117, 33 ], [ -117, 33 ], [ -117, 33 ], [ -117, 33 ], [ -117, 33 ], [ -117, 33 ], [ -117, 33 ], [ -117, 33 ], [ -117, 33 ], [ -117, 33 ], [ -117, 33 ], [ -117, 33 ], [ -117, 33 ], [ -117, 33 ], [ -117, 33 ], [ -117, 33 ], [ -117, 33 ], [ -117, 33 ], [ -117, 33 ], [ -117, 33 ], [ -117, 33 ], [ -117, 33 ], [ -117, 33 ], [ -117, 33 ], [ -117, 33 ], [ -117, 33 ], [ -117, 33 ], [ -117, 33 ], [ -117, 33 ], [ -117, 33 ], [ -117, 33 ], [ -117, 33 ], [ -117, 33 ], [ -117, 33 ], [ -117, 33 ], [ -117, 33 ], [ -117, 33 ], [ -117, 33 ], [ -117, 33 ], [ -117, 33 ], [ -117, 33 ], [ -117, 33 ], [ -117, 33 ], [ -117, 33 ], [ -117, 33 ], [ -117, 33 ], [ -117, 33 ], [ -117, 33 ], [ -117, 33 ], [ -117, 33 ], [ -117, 33 ], [ -117, 33 ], [ -117, 33 ], [ -117, 33 ], [ -117, 33 ], [ -117, 33 ], [ -117, 33 ], [ -117, 33 ], [ -117, 33 ], [ -117, 33 ], [ -117, 33 ], [ -117, 33 ], [ -117, 33 ], [ -117, 33 ], [ -117, 33 ], [ -117, 33 ], [ -117, 33 ], [ -117, 33 ], [ -117, 33 ], [ -117, 33 ], [ -117, 33 ], [ -117, 33 ], [ -117, 33 ], [ -117, 33 ], [ -117, 33 ], [ -117, 33 ], [ -117, 33 ], [ -117, 33 ], [ -117, 33 ], [ -117, 33 ], [ -117, 33 ], [ -117, 33 ], [ -117, 33 ], [ -117, 33 ], [ -117, 33 ], [ -117, 33 ], [ -117, 33 ], [ -117, 33 ], [ -117, 33 ], [ -117, 33 ], [ -117, 33 ], [ -117, 33 ], [ -117, 33 ], [ -117, 33 ], [ -117, 33 ], [ -117, 33 ], [ -117, 33 ], [ -117, 33 ], [ -117, 33 ], [ -117, 33 ], [ -117, 33 ], [ -117, 33 ], [ -117, 33 ], [ -117, 33 ], [ -117, 33 ], [ -117, 33 ], [ -117, 33 ], [ -117, 33 ], [ -117, 33 ], [ -117, 33 ], [ -117, 33 ], [ -117, 33 ], [ -117, 33 ], [ -117, 33 ], [ -117, 33 ], [ -117, 33 ], [ -117, 33 ], [ -117, 33 ], [ -117, 33 ], [ -117, 33 ], [ -117, 33 ], [ -117, 33 ], [ -117, 33 ], [ -117, 33 ], [ -117, 33 ], [ -117, 33 ], [ -117, 33 ], [ -117, 33 ], [ -117, 33 ], [ -117, 33 ], [ -117, 33 ], [ -117, 33 ], [ -117, 33 ], [ -117, 33 ], [ -117, 33 ], [ -117, 33 ], [ -117, 33 ], [ -117, 33 ], [ -117, 33 ], [ -117, 33 ], [ -117, 33 ], [ -117, 33 ], [ -117, 33 ], [ -117, 33 ], [ -117, 33 ], [ -117, 33 ], [ -117, 33 ], [ -117, 33 ], [ -117, 33 ], [ -117, 33 ], [ -117, 33 ], [ -117, 33 ], [ -117, 33 ], [ -117, 33 ], [ -117, 33 ], [ -117, 33 ], [ -117, 33 ], [ -117, 33 ], [ -117, 33 ], [ -117, 33 ], [ -117, 33 ], [ -117, 33 ], [ -117, 33 ], [ -117, 33 ], [ -117, 33 ], [ -117, 33 ], [ -117, 33 ], [ -117, 33 ], [ -117, 33 ], [ -117, 33 ], [ -117, 33 ], [ -117, 33 ], [ -117, 33 ], [ -117, 33 ], [ -117, 33 ], [ -117, 33 ], [ -117, 33 ], [ -117, 33 ], [ -117, 33 ], [ -117, 33 ], [ -117, 33 ], [ -117, 33 ], [ -117, 33 ], [ -117, 33 ], [ -117, 33 ], [ -117, 33 ], [ -117, 33 ], [ -117, 33 ], [ -117, 33 ], [ -117, 33 ], [ -117, 33 ], [ -117, 33 ], [ -117, 33 ], [ -117, 33 ], [ -117, 33 ], [ -117, 33 ], [ -117, 33 ], [ -117, 33 ], [ -117, 33 ], [ -117, 33 ], [ -117, 33 ], [ -117, 33 ], [ -117, 33 ], [ -117, 33 ], [ -117, 33 ], [ -117, 33 ], [ -117, 33 ], [ -117, 33 ], [ -117, 33 ], [ -117, 33 ], [ -117, 33 ], [ -117, 33 ], [ -117, 33 ], [ -117, 33 ], [ -117, 33 ], [ -117, 33 ], [ -117, 33 ], [ -117, 33 ], [ -117, 33 ], [ -117, 33 ], [ -117, 33 ], [ -117, 33 ], [ -117, 33 ], [ -117, 33 ], [ -117, 33 ], [ -117, 33 ], [ -117, 33 ], [ -117, 33 ], [ -117, 33 ], [ -117, 33 ], [ -117, 33 ], [ -117, 33 ], [ -117, 33 ], [ -117, 33 ], [ -117, 33 ], [ -117, 33 ], [ -117, 33 ], [ -117, 33 ], [ -117, 33 ], [ -117, 33 ], [ -117, 33 ], [ -117, 33 ], [ -117, 33 ], [ -117, 33 ], [ -117, 33 ], [ -117, 33 ], [ -117, 33 ], [ -117, 33 ], [ -117, 33 ], [ -117, 33 ], [ -117, 33 ], [ -117, 33 ], [ -117, 33 ], [ -117, 33 ], [ -117, 33 ], [ -117, 33 ], [ -117, 33 ], [ -117, 33 ], [ -117, 33 ], [ -117, 33 ], [ -117, 33 ], [ -117, 33 ], [ -117, 33 ], [ -117, 33 ], [ -117, 33 ], [ -117, 33 ], [ -117, 33 ], [ -117, 33 ], [ -117, 33 ], [ -117, 33 ], [ -117, 33 ], [ -117, 33 ], [ -117, 33 ], [ -117, 33 ], [ -117, 33 ], [ -117, 33 ], [ -117, 33 ], [ -117, 33 ], [ -117, 33 ], [ -117, 33 ], [ -117, 33 ], [ -117, 33 ], [ -117, 33 ], [ -117, 33 ], [ -117, 33 ], [ -117, 33 ], [ -117, 33 ], [ -117, 33 ], [ -117, 33 ], [ -117, 33 ], [ -117, 33 ], [ -117, 33 ], [ -117, 33 ], [ -117, 33 ], [ -117, 33 ], [ -117, 33 ], [ -117, 33 ], [ -117, 33 ], [ -117, 33 ], [ -117, 33 ], [ -117, 33 ], [ -117, 33 ], [ -117, 33 ], [ -117, 33 ], [ -117, 33 ], [ -117, 33 ], [ -117, 33 ], [ -117, 33 ], [ -117, 33 ], [ -117, 33 ], [ -117, 33 ], [ -117, 33 ], [ -117, 33 ], [ -117, 33 ], [ -117, 33 ], [ -117, 33 ], [ -117, 33 ], [ -117, 33 ], [ -117, 33 ], [ -117, 33 ], [ -117, 33 ], [ -117, 33 ], [ -117, 33 ], [ -117, 33 ], [ -117, 33 ], [ -117, 33 ], [ -117, 33 ], [ -117, 33 ], [ -117, 33 ], [ -117, 33 ], [ -117, 33 ], [ -117, 33 ], [ -117, 33 ], [ -117, 33 ], [ -117, 33 ], [ -117, 33 ], [ -117, 33 ], [ -117, 33 ], [ -117, 33 ], [ -117, 33 ], [ -117, 33 ], [ -117, 33 ], [ -117, 33 ], [ -117, 33 ], [ -117, 33 ], [ -117, 33 ], [ -117, 33 ], [ -117, 33 ], [ -117, 33 ], [ -117, 33 ], [ -117, 33 ], [ -117, 33 ], [ -117, 33 ], [ -117, 33 ], [ -117, 33 ], [ -117, 33 ], [ -117, 33 ], [ -117, 33 ], [ -117, 33 ], [ -117, 33 ], [ -117, 33 ], [ -117, 33 ], [ -117, 33 ], [ -117, 33 ], [ -117, 33 ], [ -117, 33 ], [ -117, 33 ], [ -117, 33 ], [ -117, 33 ], [ -117, 33 ], [ -117, 33 ], [ -117, 33 ], [ -117, 33 ], [ -117, 33 ], [ -117, 33 ], [ -117, 33 ], [ -117, 33 ], [ -117, 33 ], [ -117, 33 ], [ -117, 33 ], [ -117, 33 ], [ -117, 33 ], [ -117, 33 ], [ -117, 33 ], [ -117, 33 ], [ -117, 33 ], [ -117, 33 ], [ -117, 33 ], [ -117, 33 ], [ -117, 33 ], [ -117, 33 ], [ -117, 33 ], [ -117, 33 ], [ -117, 33 ], [ -117, 33 ], [ -117, 33 ], [ -117, 33 ], [ -117, 33 ], [ -117, 33 ], [ -117, 33 ], [ -117, 33 ], [ -117, 33 ], [ -117, 33 ], [ -117, 33 ], [ -117, 33 ], [ -117, 33 ], [ -117, 33 ], [ -117, 33 ], [ -117, 33 ], [ -117, 33 ], [ -117, 33 ], [ -117, 33 ], [ -117, 33 ], [ -117, 33 ], [ -117, 33 ], [ -117, 33 ], [ -117, 33 ], [ -117, 33 ], [ -117, 33 ], [ -117, 33 ], [ -117, 33 ], [ -117, 33 ], [ -117, 33 ], [ -117, 33 ], [ -117, 33 ], [ -117, 33 ], [ -117, 33 ], [ -117, 33 ], [ -117, 33 ], [ -117, 33 ], [ -117, 33 ], [ -117, 33 ], [ -117, 33 ], [ -117, 33 ], [ -117, 33 ], [ -117, 33 ], [ -117, 33 ], [ -117, 33 ], [ -117, 33 ], [ -117, 33 ], [ -117, 33 ], [ -117, 33 ], [ -117, 33 ], [ -117, 33 ], [ -117, 33 ], [ -117, 33 ], [ -117, 33 ], [ -117, 33 ], [ -117, 33 ], [ -117, 33 ], [ -117, 33 ], [ -117, 33 ], [ -117, 33 ], [ -117, 33 ], [ -117, 33 ], [ -117, 33 ], [ -117, 33 ], [ -117, 33 ], [ -117, 33 ], [ -117, 33 ], [ -117, 33 ], [ -117, 33 ], [ -117, 33 ], [ -117, 33 ], [ -117, 33 ], [ -117, 33 ], [ -117, 33 ], [ -117, 33 ], [ -117, 33 ], [ -117, 33 ], [ -117, 33 ], [ -117, 33 ], [ -117, 33 ], [ -117, 33 ], [ -117, 33 ], [ -117, 33 ], [ -117, 33 ], [ -117, 33 ], [ -117, 33 ], [ -117, 33 ], [ -117, 33 ], [ -117, 33 ], [ -117, 33 ], [ -117, 33 ], [ -117, 33 ], [ -117, 33 ], [ -117, 33 ], [ -117, 33 ], [ -117, 33 ], [ -117, 33 ], [ -117, 33 ], [ -117, 33 ], [ -117, 33 ], [ -117, 33 ], [ -117, 33 ], [ -117, 33 ], [ -117, 33 ], [ -117, 33 ], [ -117, 33 ], [ -117, 33 ], [ -117, 33 ], [ -117, 33 ], [ -117, 33 ], [ -117, 33 ], [ -117, 33 ], [ -117, 33 ], [ -117, 33 ], [ -117, 33 ], [ -117, 33 ], [ -117, 33 ], [ -117, 33 ], [ -117, 33 ], [ -117, 33 ], [ -117, 33 ], [ -117, 33 ], [ -117, 33 ], [ -117, 33 ], [ -117, 33 ], [ -117, 33 ], [ -117, 33 ], [ -117, 33 ], [ -117, 33 ], [ -117, 33 ], [ -117, 33 ], [ -117, 33 ], [ -117, 33 ], [ -117, 33 ], [ -117, 33 ], [ -117, 33 ], [ -117, 33 ], [ -117, 33 ], [ -117, 33 ], [ -117, 33 ], [ -117, 33 ], [ -117, 33 ], [ -117, 33 ], [ -117, 33 ], [ -117, 33 ], [ -117, 33 ], [ -117, 33 ], [ -117, 33 ], [ -117, 33 ], [ -117, 33 ], [ -117, 33 ], [ -117, 33 ], [ -117, 33 ], [ -117, 33 ], [ -117, 33 ], [ -117, 33 ], [ -117, 33 ], [ -117, 33 ], [ -117, 33 ], [ -117, 33 ], [ -117, 33 ], [ -117, 33 ], [ -117, 33 ], [ -117, 33 ], [ -117, 33 ], [ -117, 33 ], [ -117, 33 ], [ -117, 33 ], [ -117, 33 ], [ -117, 33 ], [ -117, 33 ], [ -117, 33 ], [ -117, 33 ], [ -117, 33 ], [ -117, 33 ], [ -117, 33 ], [ -117, 33 ], [ -117, 33 ], [ -117, 33 ], [ -117, 33 ], [ -117, 33 ], [ -117, 33 ], [ -117, 33 ], [ -117, 33 ], [ -117, 33 ], [ -117, 33 ], [ -117, 33 ], [ -117, 33 ], [ -117, 33 ], [ -117, 33 ], [ -117, 33 ], [ -117, 33 ], [ -117, 33 ], [ -117, 33 ], [ -117, 33 ], [ -117, 33 ], [ -117, 33 ], [ -117, 33 ], [ -117, 33 ], [ -117, 33 ], [ -117, 33 ], [ -117, 33 ], [ -117, 33 ], [ -117, 33 ], [ -117, 33 ], [ -117, 33 ], [ -117, 33 ], [ -117, 33 ], [ -117, 33 ], [ -117, 33 ], [ -117, 33 ], [ -117, 33 ], [ -117, 33 ], [ -117, 33 ], [ -117, 33 ], [ -117, 33 ], [ -117, 33 ], [ -117, 33 ], [ -117, 33 ], [ -117, 33 ], [ -117, 33 ], [ -117, 33 ], [ -117, 33 ], [ -117, 33 ], [ -117, 33 ], [ -117, 33 ], [ -117, 33 ], [ -117, 33 ], [ -117, 33 ], [ -117, 33 ], [ -117, 33 ], [ -117, 33 ], [ -117, 33 ], [ -117, 33 ], [ -117, 33 ], [ -117, 33 ], [ -117, 33 ], [ -117, 33 ], [ -117, 33 ], [ -117, 33 ], [ -117, 33 ], [ -117, 33 ], [ -117, 33 ], [ -117, 33 ], [ -117, 33 ], [ -117, 33 ], [ -117, 33 ], [ -117, 33 ], [ -117, 33 ], [ -117, 33 ], [ -117, 33 ], [ -117, 33 ], [ -117, 33 ], [ -117, 33 ], [ -117, 33 ], [ -117, 33 ], [ -117, 33 ], [ -117, 33 ], [ -117, 33 ], [ -117, 33 ], [ -117, 33 ], [ -117, 33 ], [ -117, 33 ], [ -117, 33 ], [ -117, 33 ], [ -117, 33 ], [ -117, 33 ], [ -117, 33 ], [ -117, 33 ], [ -117, 33 ], [ -117, 33 ], [ -117, 33 ], [ -117, 33 ], [ -117, 33 ], [ -117, 33 ], [ -117, 33 ], [ -117, 33 ], [ -117, 33 ], [ -117, 33 ], [ -117, 33 ], [ -117, 33 ], [ -117, 33 ], [ -117, 33 ], [ -117, 33 ], [ -117, 33 ], [ -117, 33 ], [ -117, 33 ], [ -117, 33 ], [ -117, 33 ], [ -117, 33 ], [ -117, 33 ], [ -117, 33 ], [ -117, 33 ], [ -117, 33 ], [ -117, 33 ], [ -117, 33 ], [ -117, 33 ], [ -117, 33 ], [ -117, 33 ], [ -117, 33 ], [ -117, 33 ], [ -117, 33 ], [ -117, 33 ], [ -117, 33 ], [ -117, 33 ], [ -117, 33 ], [ -117, 33 ], [ -117, 33 ], [ -117, 33 ], [ -117, 33 ], [ -117, 33 ], [ -117, 33 ], [ -117, 33 ], [ -117, 33 ], [ -117, 33 ], [ -117, 33 ], [ -117, 33 ], [ -117, 33 ], [ -117, 33 ], [ -117, 33 ], [ -117, 33 ], [ -117, 33 ], [ -117, 33 ], [ -117, 33 ], [ -117, 33 ], [ -117, 33 ], [ -117, 33 ], [ -117, 33 ], [ -117, 33 ], [ -117, 33 ], [ -117, 33 ], [ -117, 33 ], [ -117, 33 ], [ -117, 33 ], [ -117, 33 ], [ -117, 33 ], [ -117, 33 ], [ -117, 33 ], [ -117, 33 ], [ -117, 33 ], [ -117, 33 ], [ -117, 33 ], [ -117, 33 ], [ -117, 33 ], [ -117, 33 ], [ -117, 33 ], [ -117, 33 ], [ -117, 33 ], [ -117, 33 ], [ -117, 33 ], [ -117, 33 ], [ -117, 33 ], [ -117, 33 ], [ -117, 33 ], [ -117, 33 ], [ -117, 33 ], [ -117, 33 ], [ -117, 33 ], [ -117, 33 ], [ -117, 33 ], [ -117, 33 ], [ -117, 33 ], [ -117, 33 ], [ -117, 33 ], [ -117, 33 ], [ -117, 33 ], [ -117, 33 ], [ -117, 33 ], [ -117, 33 ], [ -117, 33 ], [ -117, 33 ], [ -117, 33 ], [ -117, 33 ], [ -117, 33 ], [ -117, 33 ], [ -117, 33 ], [ -117, 33 ], [ -117, 33 ], [ -117, 33 ], [ -117, 33 ], [ -117, 33 ], [ -117, 33 ], [ -117, 33 ], [ -117, 33 ], [ -117, 33 ], [ -117, 33 ], [ -117, 33 ], [ -117, 33 ], [ -117, 33 ], [ -117, 33 ], [ -117, 33 ], [ -117, 33 ], [ -117, 33 ], [ -117, 33 ], [ -117, 33 ], [ -117, 33 ], [ -117, 33 ], [ -117, 33 ], [ -117, 33 ], [ -117, 33 ], [ -117, 33 ], [ -117, 33 ], [ -117, 33 ], [ -117, 33 ], [ -117, 33 ], [ -117, 33 ], [ -117, 33 ], [ -117, 33 ], [ -117, 33 ], [ -117, 33 ], [ -117, 33 ], [ -117, 33 ], [ -117, 33 ], [ -117, 33 ], [ -117, 33 ], [ -117, 33 ], [ -117, 33 ], [ -117, 33 ], [ -117, 33 ], [ -117, 33 ], [ -117, 33 ], [ -117, 33 ], [ -117, 33 ], [ -117, 33 ], [ -117, 33 ], [ -117, 33 ], [ -117, 33 ], [ -117, 33 ], [ -117, 33 ], [ -117, 33 ], [ -117, 33 ], [ -117, 33 ], [ -117, 33 ], [ -117, 33 ], [ -117, 33 ], [ -117, 33 ], [ -117, 33 ], [ -117, 33 ], [ -117, 33 ], [ -117, 33 ], [ -117, 33 ], [ -117, 33 ], [ -117, 33 ], [ -117, 33 ], [ -117, 33 ], [ -117, 33 ], [ -117, 33 ], [ -117, 33 ], [ -117, 33 ], [ -117, 33 ], [ -117, 33 ], [ -117, 33 ], [ -117, 33 ], [ -117, 33 ], [ -117, 33 ], [ -117, 33 ], [ -117, 33 ], [ -117, 33 ], [ -117, 33 ], [ -117, 33 ], [ -117, 33 ], [ -117, 33 ], [ -117, 33 ], [ -117, 33 ], [ -117, 33 ], [ -117, 33 ], [ -117, 33 ], [ -117, 33 ], [ -117, 33 ], [ -117, 33 ], [ -117, 33 ], [ -117, 33 ], [ -117, 33 ], [ -117, 33 ], [ -117, 33 ], [ -117, 33 ], [ -117, 33 ], [ -117, 33 ], [ -117, 33 ], [ -117, 33 ], [ -117, 33 ], [ -117, 33 ], [ -117, 33 ], [ -117, 33 ], [ -117, 33 ], [ -117, 33 ], [ -117, 33 ], [ -117, 33 ], [ -117, 33 ], [ -117, 33 ], [ -117, 33 ], [ -117, 33 ], [ -117, 33 ], [ -117, 33 ], [ -117, 33 ], [ -117, 33 ], [ -117, 33 ], [ -117, 33 ], [ -117, 33 ], [ -117, 33 ], [ -117, 33 ], [ -117, 33 ], [ -117, 33 ], [ -117, 33 ], [ -117, 33 ], [ -117, 33 ], [ -117, 33 ], [ -117, 33 ], [ -117, 33 ], [ -117, 33 ], [ -117, 33 ], [ -117, 33 ], [ -117, 33 ], [ -117, 33 ], [ -117, 33 ], [ -117, 33 ], [ -117, 33 ], [ -117, 33 ], [ -117, 33 ], [ -117, 33 ], [ -117, 33 ], [ -117, 33 ], [ -117, 33 ], [ -117, 33 ], [ -117, 33 ], [ -117, 33 ], [ -117, 33 ], [ -117, 33 ], [ -117, 33 ], [ -117, 33 ], [ -117, 33 ], [ -117, 33 ], [ -117, 33 ], [ -117, 33 ], [ -117, 33 ], [ -117, 33 ], [ -117, 33 ], [ -117, 33 ], [ -117, 33 ], [ -117, 33 ], [ -117, 33 ], [ -117, 33 ], [ -117, 33 ], [ -117, 33 ], [ -117, 33 ], [ -117, 33 ], [ -117, 33 ], [ -117, 33 ], [ -117, 33 ], [ -117, 33 ], [ -117, 33 ], [ -117, 33 ], [ -117, 33 ], [ -117, 33 ], [ -117, 33 ], [ -117, 33 ], [ -117, 33 ], [ -117, 33 ], [ -117, 33 ], [ -117, 33 ], [ -117, 33 ], [ -117, 33 ], [ -117, 33 ], [ -117, 33 ], [ -117, 33 ], [ -117, 33 ], [ -117, 33 ], [ -117, 33 ], [ -117, 33 ], [ -117, 33 ], [ -117, 33 ], [ -117, 33 ], [ -117, 33 ], [ -117, 33 ], [ -117, 33 ], [ -117, 33 ], [ -117, 33 ], [ -117, 33 ], [ -117, 33 ], [ -117, 33 ], [ -117, 33 ], [ -117, 33 ], [ -117, 33 ], [ -117, 33 ], [ -117, 33 ], [ -117, 33 ], [ -117, 33 ], [ -117, 33 ], [ -117, 33 ], [ -117, 33 ], [ -117, 33 ], [ -117, 33 ], [ -117, 33 ], [ -117, 33 ], [ -117, 33 ], [ -117, 33 ], [ -117, 33 ], [ -117, 33 ], [ -117, 33 ], [ -117, 33 ], [ -117, 33 ], [ -117, 33 ], [ -117, 33 ], [ -117, 33 ], [ -117, 33 ], [ -117, 33 ], [ -117, 33 ], [ -117, 33 ], [ -117, 33 ], [ -117, 33 ], [ -117, 33 ], [ -117, 33 ], [ -117, 33 ], [ -117, 33 ], [ -117, 33 ], [ -117, 33 ], [ -117, 33 ], [ -117, 33 ], [ -117, 33 ], [ -117, 33 ], [ -117, 33 ], [ -117, 33 ], [ -117, 33 ], [ -117, 33 ], [ -117, 33 ], [ -117, 33 ], [ -117, 33 ], [ -117, 33 ], [ -117, 33 ], [ -117, 33 ], [ -117, 33 ], [ -117, 33 ], [ -117, 33 ], [ -117, 33 ], [ -117, 33 ], [ -117, 33 ], [ -117, 33 ], [ -117, 33 ], [ -117, 33 ], [ -117, 33 ], [ -117, 33 ], [ -117, 33 ], [ -117, 33 ], [ -117, 33 ], [ -117, 33 ], [ -117, 33 ], [ -117, 33 ], [ -117, 33 ], [ -117, 33 ], [ -117, 33 ], [ -117, 33 ], [ -117, 33 ], [ -117, 33 ], [ -117, 33 ], [ -117, 33 ], [ -117, 33 ], [ -117, 33 ], [ -117, 33 ], [ -117, 33 ], [ -117, 33 ], [ -117, 33 ], [ -117, 33 ], [ -117, 33 ], [ -117, 33 ], [ -117, 33 ], [ -117, 33 ], [ -117, 33 ], [ -117, 33 ], [ -117, 33 ], [ -117, 33 ], [ -117, 33 ], [ -117, 33 ], [ -117, 33 ], [ -117, 33 ], [ -117, 33 ], [ -117, 33 ], [ -117, 33 ], [ -117, 33 ], [ -117, 33 ], [ -117, 33 ], [ -117, 33 ], [ -117, 33 ], [ -117, 33 ], [ -117, 33 ], [ -117, 33 ], [ -117, 33 ], [ -117, 33 ], [ -117, 33 ], [ -117, 33 ], [ -117, 33 ], [ -117, 33 ], [ -117, 33 ], [ -117, 33 ], [ -117, 33 ], [ -117, 33 ], [ -117, 33 ], [ -117, 33 ], [ -117, 33 ], [ -117, 33 ], [ -117, 33 ], [ -117, 33 ], [ -117, 33 ], [ -117, 33 ], [ -117, 33 ], [ -117, 33 ], [ -117, 33 ], [ -117, 33 ], [ -117, 33 ], [ -117, 33 ], [ -117, 33 ], [ -117, 33 ], [ -117, 33 ], [ -117, 33 ], [ -117, 33 ], [ -117, 33 ], [ -117, 33 ], [ -117, 33 ], [ -117, 33 ], [ -117, 33 ], [ -117, 33 ], [ -117, 33 ], [ -117, 33 ], [ -117, 33 ], [ -117, 33 ], [ -117, 33 ], [ -117, 33 ], [ -117, 33 ], [ -117, 33 ], [ -117, 33 ], [ -117, 33 ], [ -117, 33 ], [ -117, 33 ], [ -117, 33 ], [ -117, 33 ], [ -117, 33 ], [ -117, 33 ], [ -117, 33 ], [ -117, 33 ], [ -117, 33 ], [ -117, 33 ], [ -117, 33 ], [ -117, 33 ], [ -117, 33 ], [ -117, 33 ], [ -117, 33 ], [ -117, 33 ], [ -117, 33 ], [ -117, 33 ], [ -117, 33 ], [ -117, 33 ], [ -117, 33 ], [ -117, 33 ], [ -117, 33 ], [ -117, 33 ], [ -117, 33 ], [ -117, 33 ], [ -117, 33 ], [ -117, 33 ], [ -117, 33 ], [ -117, 33 ], [ -117, 33 ], [ -117, 33 ], [ -117, 33 ], [ -117, 33 ], [ -117, 33 ], [ -117, 33 ], [ -117, 33 ], [ -117, 33 ], [ -117, 33 ], [ -117, 33 ], [ -117, 33 ], [ -117, 33 ], [ -117, 33 ], [ -117, 33 ], [ -117, 33 ], [ -117, 33 ], [ -117, 33 ], [ -117, 33 ], [ -117, 33 ], [ -117, 33 ], [ -117, 33 ], [ -117, 33 ], [ -117, 33 ], [ -117, 33 ], [ -117, 33 ], [ -117, 33 ], [ -117, 33 ], [ -117, 33 ], [ -117, 33 ], [ -117, 33 ], [ -117, 33 ], [ -117, 33 ], [ -117, 33 ], [ -117, 33 ], [ -117, 33 ], [ -117, 33 ], [ -117, 33 ], [ -117, 33 ], [ -117, 33 ], [ -117, 33 ], [ -117, 33 ], [ -117, 33 ], [ -117, 33 ], [ -117, 33 ], [ -117, 33 ], [ -117, 33 ], [ -117, 33 ], [ -117, 33 ], [ -117, 33 ], [ -117, 33 ], [ -117, 33 ], [ -117, 33 ], [ -117, 33 ], [ -117, 33 ], [ -117, 33 ], [ -117, 33 ], [ -117, 33 ], [ -117, 33 ], [ -117, 33 ], [ -117, 33 ], [ -117, 33 ], [ -117, 33 ], [ -117, 33 ], [ -117, 33 ], [ -117, 33 ], [ -117, 33 ], [ -117, 33 ], [ -117, 33 ], [ -117, 33 ], [ -117, 33 ], [ -117, 33 ], [ -117, 33 ], [ -117, 33 ], [ -117, 33 ], [ -117, 33 ], [ -117, 33 ], [ -117, 33 ], [ -117, 33 ], [ -117, 33 ], [ -117, 33 ], [ -117, 33 ], [ -117, 33 ], [ -117, 33 ], [ -117, 33 ], [ -117, 33 ], [ -117, 33 ], [ -117, 33 ], [ -117, 33 ], [ -117, 33 ], [ -117, 33 ], [ -117, 33 ], [ -117, 33 ], [ -117, 33 ], [ -117, 33 ], [ -117, 33 ], [ -117, 33 ], [ -117, 33 ], [ -117, 33 ], [ -117, 33 ], [ -117, 33 ], [ -117, 33 ], [ -117, 33 ], [ -117, 33 ], [ -117, 33 ], [ -117, 33 ], [ -117, 33 ], [ -117, 33 ], [ -117, 33 ], [ -117, 33 ], [ -117, 33 ], [ -117, 33 ], [ -117, 33 ], [ -117, 33 ], [ -117, 33 ], [ -117, 33 ], [ -117, 33 ], [ -117, 33 ], [ -117, 33 ], [ -117, 33 ], [ -117, 33 ], [ -117, 33 ], [ -117, 33 ], [ -117, 33 ], [ -117, 33 ], [ -117, 33 ], [ -117, 33 ], [ -117, 33 ], [ -117, 33 ], [ -117, 33 ], [ -117, 33 ], [ -117, 33 ], [ -117, 33 ], [ -117, 33 ], [ -117, 33 ], [ -117, 33 ], [ -117, 33 ], [ -117, 33 ], [ -117, 33 ], [ -117, 33 ], [ -117, 33 ], [ -117, 33 ], [ -117, 33 ], [ -117, 33 ], [ -117, 33 ], [ -117, 33 ], [ -117, 33 ], [ -117, 33 ], [ -117, 33 ], [ -117, 33 ], [ -117, 33 ], [ -117, 33 ], [ -117, 33 ], [ -117, 33 ], [ -117, 33 ], [ -117, 33 ], [ -117, 33 ], [ -117, 33 ], [ -117, 33 ], [ -117, 33 ], [ -117, 33 ], [ -117, 33 ], [ -117, 33 ], [ -117, 33 ], [ -117, 33 ], [ -117, 33 ], [ -117, 33 ], [ -117, 33 ], [ -117, 33 ], [ -117, 33 ], [ -117, 33 ], [ -117, 33 ], [ -117, 33 ], [ -117, 33 ], [ -117, 33 ], [ -117, 33 ], [ -117, 33 ], [ -117, 33 ], [ -117, 33 ], [ -117, 33 ], [ -117, 33 ], [ -117, 33 ], [ -117, 33 ], [ -117, 33 ], [ -117, 33 ], [ -117, 33 ], [ -117, 33 ], [ -117, 33 ], [ -117, 33 ], [ -117, 33 ], [ -117, 33 ], [ -117, 33 ], [ -117, 33 ], [ -117, 33 ], [ -117, 33 ], [ -117, 33 ], [ -117, 33 ], [ -117, 33 ], [ -117, 33 ], [ -117, 33 ], [ -117, 33 ], [ -117, 33 ], [ -117, 33 ], [ -117, 33 ], [ -117, 33 ], [ -117, 33 ], [ -117, 33 ], [ -117, 33 ], [ -117, 33 ], [ -117, 33 ], [ -117, 33 ], [ -117, 33 ], [ -117, 33 ], [ -117, 33 ], [ -117, 33 ], [ -117, 33 ], [ -117, 33 ], [ -117, 33 ], [ -117, 33 ], [ -117, 33 ], [ -117, 33 ], [ -117, 33 ], [ -117, 33 ], [ -117, 33 ], [ -117, 33 ], [ -117, 33 ], [ -117, 33 ], [ -117, 33 ], [ -117, 33 ], [ -117, 33 ], [ -117, 33 ], [ -117, 33 ], [ -117, 33 ], [ -117, 33 ], [ -117, 33 ], [ -117, 33 ], [ -117, 33 ], [ -117, 33 ], [ -117, 33 ], [ -117, 33 ], [ -117, 33 ], [ -117, 33 ], [ -117, 33 ], [ -117, 33 ], [ -117, 33 ], [ -117, 33 ], [ -117, 33 ], [ -117, 33 ], [ -117, 33 ], [ -117, 33 ], [ -117, 33 ], [ -117, 33 ], [ -117, 33 ], [ -117, 33 ], [ -117, 33 ], [ -117, 33 ], [ -117, 33 ], [ -117, 33 ], [ -117, 33 ], [ -117, 33 ], [ -117, 33 ], [ -117, 33 ], [ -117, 33 ], [ -117, 33 ], [ -117, 33 ], [ -117, 33 ], [ -117, 33 ], [ -117, 33 ], [ -117, 33 ], [ -117, 33 ], [ -117, 33 ], [ -117, 33 ], [ -117, 33 ], [ -117, 33 ], [ -117, 33 ], [ -117, 33 ], [ -117, 33 ], [ -117, 33 ], [ -117, 33 ], [ -117, 33 ], [ -117, 33 ], [ -117, 33 ], [ -117, 33 ], [ -117, 33 ], [ -117, 33 ], [ -117, 33 ], [ -117, 33 ], [ -117, 33 ], [ -117, 33 ], [ -117, 33 ], [ -117, 33 ], [ -117, 33 ], [ -117, 33 ], [ -117, 33 ], [ -117, 33 ], [ -117, 33 ], [ -117, 33 ], [ -117, 33 ], [ -117, 33 ], [ -117, 33 ], [ -117, 33 ], [ -117, 33 ], [ -117, 33 ], [ -117, 33 ], [ -117, 33 ], [ -117, 33 ], [ -117, 33 ], [ -117, 33 ], [ -117, 33 ], [ -117, 33 ], [ -117, 33 ], [ -117, 33 ], [ -117, 33 ], [ -117, 33 ], [ -117, 33 ], [ -117, 33 ], [ -117, 33 ], [ -117, 33 ], [ -117, 33 ], [ -117, 33 ], [ -117, 33 ], [ -117, 33 ], [ -117, 33 ], [ -117, 33 ], [ -117, 33 ], [ -117, 33 ], [ -117, 33 ], [ -117, 33 ], [ -117, 33 ], [ -117, 33 ], [ -117, 33 ], [ -117, 33 ], [ -117, 33 ], [ -117, 33 ], [ -117, 33 ], [ -117, 33 ], [ -117, 33 ], [ -117, 33 ], [ -117, 33 ], [ -117, 33 ], [ -117, 33 ], [ -117, 33 ], [ -117, 33 ], [ -117, 33 ], [ -117, 33 ], [ -117, 33 ], [ -117, 33 ], [ -117, 33 ], [ -117, 33 ], [ -117, 33 ], [ -117, 33 ], [ -117, 33 ], [ -117, 33 ], [ -117, 33 ], [ -117, 33 ], [ -117, 33 ], [ -117, 33 ], [ -117, 33 ], [ -117, 33 ], [ -117, 33 ], [ -117, 33 ], [ -117, 33 ], [ -117, 33 ], [ -117, 33 ], [ -117, 33 ], [ -117, 33 ], [ -117, 33 ], [ -117, 33 ], [ -117, 33 ], [ -117, 33 ], [ -117, 33 ], [ -117, 33 ], [ -117, 33 ], [ -117, 33 ], [ -117, 33 ], [ -117, 33 ], [ -117, 33 ], [ -117, 33 ], [ -117, 33 ], [ -117, 33 ], [ -117, 33 ], [ -117, 33 ], [ -117, 33 ], [ -117, 33 ], [ -117, 33 ], [ -117, 33 ], [ -117, 33 ], [ -117, 33 ], [ -117, 33 ], [ -117, 33 ], [ -117, 33 ], [ -117, 33 ], [ -117, 33 ], [ -117, 33 ], [ -117, 33 ], [ -117, 33 ], [ -117, 33 ], [ -117, 33 ], [ -117, 33 ], [ -117, 33 ], [ -117, 33 ], [ -117, 33 ], [ -117, 33 ], [ -117, 33 ], [ -117, 33 ], [ -117, 33 ], [ -117, 33 ], [ -117, 33 ], [ -117, 33 ], [ -117, 33 ], [ -117, 33 ], [ -117, 33 ], [ -117, 33 ], [ -117, 33 ], [ -117, 33 ], [ -117, 33 ], [ -117, 33 ], [ -117, 33 ], [ -117, 33 ], [ -117, 33 ], [ -117, 33 ], [ -117, 33 ], [ -117, 33 ], [ -117, 33 ], [ -117, 33 ], [ -117, 33 ], [ -117, 33 ], [ -117, 33 ], [ -117, 33 ], [ -117, 33 ], [ -117, 33 ], [ -117, 33 ], [ -117, 33 ], [ -117, 33 ], [ -117, 33 ], [ -117, 33 ], [ -117, 33 ], [ -117, 33 ], [ -117, 33 ], [ -117, 33 ], [ -117, 33 ], [ -117, 33 ], [ -117, 33 ], [ -117, 33 ], [ -117, 33 ], [ -117, 33 ], [ -117, 33 ], [ -117, 33 ], [ -117, 33 ], [ -117, 33 ], [ -117, 33 ], [ -117, 33 ], [ -117, 33 ], [ -117, 33 ], [ -117, 33 ], [ -117, 33 ], [ -117, 33 ], [ -117, 33 ], [ -117, 33 ], [ -117, 33 ], [ -117, 33 ], [ -117, 33 ], [ -117, 33 ], [ -117, 33 ], [ -117, 33 ], [ -117, 33 ], [ -117, 33 ], [ -117, 33 ], [ -117, 33 ], [ -117, 33 ], [ -117, 33 ], [ -117, 33 ], [ -117, 33 ], [ -117, 33 ], [ -117, 33 ], [ -117, 33 ], [ -117, 33 ], [ -117, 33 ], [ -117, 33 ], [ -117, 33 ], [ -117, 33 ], [ -117, 33 ], [ -117, 33 ], [ -117, 33 ], [ -117, 33 ], [ -117, 33 ], [ -117, 33 ], [ -117, 33 ], [ -117, 33 ], [ -117, 33 ], [ -117, 33 ], [ -117, 33 ], [ -117, 33 ], [ -117, 33 ], [ -117, 33 ], [ -117, 33 ], [ -117, 33 ], [ -117, 33 ], [ -117, 33 ], [ -117, 33 ], [ -117, 33 ], [ -117, 33 ], [ -117, 33 ], [ -117, 33 ], [ -117, 33 ], [ -117, 33 ], [ -117, 33 ], [ -117, 33 ], [ -117, 33 ], [ -117, 33 ], [ -117, 33 ], [ -117, 33 ], [ -117, 33 ], [ -117, 33 ], [ -117, 33 ], [ -117, 33 ], [ -117, 33 ], [ -117, 33 ], [ -117, 33 ], [ -117, 33 ], [ -117, 33 ], [ -117, 33 ], [ -117, 33 ], [ -117, 33 ], [ -117, 33 ], [ -117, 33 ], [ -117, 33 ], [ -117, 33 ], [ -117, 33 ], [ -117, 33 ], [ -117, 33 ], [ -117, 33 ], [ -117, 33 ], [ -117, 33 ], [ -117, 33 ], [ -117, 33 ], [ -117, 33 ], [ -117, 33 ], [ -117, 33 ], [ -117, 33 ], [ -117, 33 ], [ -117, 33 ], [ -117, 33 ], [ -117, 33 ], [ -117, 33 ], [ -117, 33 ], [ -117, 33 ], [ -117, 33 ], [ -117, 33 ], [ -117, 33 ], [ -117, 33 ], [ -117, 33 ], [ -117, 33 ], [ -117, 33 ], [ -117, 33 ], [ -117, 33 ], [ -117, 33 ], [ -117, 33 ], [ -117, 33 ], [ -117, 33 ], [ -117, 33 ], [ -117, 33 ], [ -117, 33 ], [ -117, 33 ], [ -117, 33 ], [ -117, 33 ], [ -117, 33 ], [ -117, 33 ], [ -117, 33 ], [ -117, 33 ], [ -117, 33 ], [ -117, 33 ], [ -117, 33 ], [ -117, 33 ], [ -117, 33 ], [ -117, 33 ], [ -117, 33 ], [ -117, 33 ], [ -117, 33 ], [ -117, 33 ], [ -117, 33 ], [ -117, 33 ], [ -117, 33 ], [ -117, 33 ], [ -117, 33 ], [ -117, 33 ], [ -117, 33 ], [ -117, 33 ], [ -117, 33 ], [ -117, 33 ], [ -117, 33 ], [ -117, 33 ], [ -117, 33 ], [ -117, 33 ], [ -117, 33 ], [ -117, 33 ], [ -117, 33 ], [ -117, 33 ], [ -117, 33 ], [ -117, 33 ], [ -117, 33 ], [ -117, 33 ], [ -117, 33 ], [ -117, 33 ], [ -117, 33 ], [ -117, 33 ], [ -117, 33 ], [ -117, 33 ], [ -117, 33 ], [ -117, 33 ], [ -117, 33 ], [ -117, 33 ], [ -117, 33 ], [ -117, 33 ], [ -117, 33 ], [ -117, 33 ], [ -117, 33 ], [ -117, 33 ], [ -117, 33 ], [ -117, 33 ], [ -117, 33 ], [ -117, 33 ], [ -117, 33 ], [ -117, 33 ], [ -117, 33 ], [ -117, 33 ], [ -117, 33 ], [ -117, 33 ], [ -117, 33 ], [ -117, 33 ], [ -117, 33 ], [ -117, 33 ], [ -117, 33 ], [ -117, 33 ], [ -117, 33 ], [ -117, 33 ], [ -117, 33 ], [ -117, 33 ], [ -117, 33 ], [ -117, 33 ], [ -117, 33 ], [ -117, 33 ], [ -117, 33 ], [ -117, 33 ], [ -117, 33 ], [ -117, 33 ], [ -117, 33 ], [ -117, 33 ], [ -117, 33 ], [ -117, 33 ], [ -117, 33 ], [ -117, 33 ], [ -117, 33 ], [ -117, 33 ], [ -117, 33 ], [ -117, 33 ], [ -117, 33 ], [ -117, 33 ], [ -117, 33 ], [ -117, 33 ], [ -117, 33 ], [ -117, 33 ], [ -117, 33 ], [ -117, 33 ], [ -117, 33 ], [ -117, 33 ], [ -117, 33 ], [ -117, 33 ], [ -117, 33 ], [ -117, 33 ], [ -117, 33 ], [ -117, 33 ], [ -117, 33 ], [ -117, 33 ], [ -117, 33 ], [ -117, 33 ], [ -117, 33 ], [ -117, 33 ], [ -117, 33 ], [ -117, 33 ], [ -117, 33 ], [ -117, 33 ], [ -117, 33 ], [ -117, 33 ], [ -117, 33 ], [ -117, 33 ], [ -117, 33 ], [ -117, 33 ], [ -117, 33 ], [ -117, 33 ], [ -117, 33 ], [ -117, 33 ], [ -117, 33 ], [ -117, 33 ], [ -117, 33 ], [ -117, 33 ], [ -117, 33 ], [ -117, 33 ], [ -117, 33 ], [ -117, 33 ], [ -117, 33 ], [ -117, 33 ], [ -117, 33 ], [ -117, 33 ], [ -117, 33 ], [ -117, 33 ], [ -117, 33 ], [ -117, 33 ], [ -117, 33 ], [ -117, 33 ], [ -117, 33 ], [ -117, 33 ], [ -117, 33 ], [ -117, 33 ], [ -117, 33 ], [ -117, 33 ], [ -117, 33 ], [ -117, 33 ], [ -118, 33 ], [ -118, 33 ], [ -118, 33 ], [ -118, 33 ], [ -118, 33 ], [ -118, 33 ], [ -118, 33 ], [ -118, 33 ], [ -118, 33 ], [ -118, 33 ], [ -118, 33 ], [ -118, 33 ], [ -118, 33 ], [ -118, 33 ], [ -118, 33 ], [ -118, 33 ], [ -118, 33 ], [ -118, 33 ], [ -118, 33 ], [ -118, 33 ], [ -118, 33 ], [ -118, 33 ], [ -118, 33 ], [ -118, 33 ], [ -118, 33 ], [ -118, 33 ], [ -118, 33 ], [ -118, 33 ], [ -118, 33 ], [ -118, 33 ], [ -118, 33 ], [ -118, 33 ], [ -118, 33 ], [ -118, 33 ], [ -118, 33 ], [ -118, 33 ], [ -118, 33 ], [ -118, 33 ], [ -118, 33 ], [ -118, 33 ], [ -118, 33 ], [ -118, 33 ], [ -118, 33 ], [ -118, 33 ], [ -118, 33 ], [ -118, 33 ], [ -118, 33 ], [ -118, 33 ], [ -118, 33 ], [ -118, 33 ], [ -118, 33 ], [ -118, 33 ], [ -118, 33 ], [ -118, 33 ], [ -118, 33 ], [ -118, 33 ], [ -118, 33 ], [ -118, 33 ], [ -118, 33 ], [ -118, 33 ], [ -118, 33 ], [ -118, 33 ], [ -118, 33 ], [ -118, 33 ], [ -118, 33 ], [ -118, 33 ], [ -118, 33 ], [ -118, 33 ], [ -118, 33 ], [ -118, 33 ], [ -118, 33 ], [ -118, 33 ], [ -118, 33 ], [ -118, 33 ], [ -118, 33 ], [ -118, 33 ], [ -118, 33 ], [ -118, 33 ], [ -118, 33 ], [ -118, 33 ], [ -118, 33 ], [ -118, 33 ], [ -118, 33 ], [ -118, 33 ], [ -118, 33 ], [ -118, 33 ], [ -118, 34 ], [ -118, 34 ], [ -118, 34 ], [ -118, 34 ], [ -118, 34 ], [ -118, 34 ], [ -118, 34 ], [ -118, 34 ], [ -118, 34 ], [ -118, 34 ], [ -118, 34 ], [ -118, 34 ], [ -118, 34 ], [ -118, 34 ], [ -118, 34 ], [ -118, 34 ], [ -118, 34 ], [ -118, 34 ], [ -118, 34 ], [ -118, 34 ], [ -118, 34 ], [ -118, 34 ], [ -118, 34 ], [ -118, 34 ], [ -118, 34 ], [ -118, 34 ], [ -118, 34 ], [ -118, 34 ], [ -118, 34 ], [ -118, 34 ], [ -118, 34 ], [ -118, 34 ], [ -118, 34 ], [ -118, 34 ], [ -118, 34 ], [ -118, 34 ], [ -118, 34 ], [ -118, 34 ], [ -118, 34 ], [ -118, 34 ], [ -118, 34 ], [ -118, 34 ], [ -118, 34 ], [ -118, 34 ], [ -118, 34 ], [ -118, 34 ], [ -118, 34 ], [ -118, 34 ], [ -118, 34 ], [ -118, 34 ], [ -118, 34 ], [ -118, 34 ], [ -118, 34 ], [ -118, 34 ], [ -118, 34 ], [ -118, 34 ], [ -118, 34 ], [ -118, 34 ], [ -118, 34 ], [ -118, 34 ], [ -118, 34 ], [ -118, 34 ], [ -118, 34 ], [ -118, 34 ], [ -118, 34 ], [ -118, 34 ], [ -118, 34 ], [ -118, 34 ], [ -118, 34 ], [ -118, 34 ], [ -118, 34 ], [ -118, 34 ], [ -118, 34 ], [ -118, 34 ], [ -118, 34 ], [ -118, 34 ], [ -118, 34 ], [ -118, 34 ], [ -118, 34 ], [ -118, 34 ], [ -118, 34 ], [ -118, 34 ], [ -118, 34 ], [ -118, 34 ], [ -118, 34 ], [ -118, 34 ], [ -118, 34 ], [ -118, 34 ], [ -118, 34 ], [ -118, 34 ], [ -118, 34 ], [ -118, 34 ], [ -118, 34 ], [ -118, 34 ], [ -118, 34 ], [ -118, 34 ], [ -118, 34 ], [ -118, 34 ], [ -118, 34 ], [ -118, 34 ], [ -118, 34 ], [ -118, 34 ], [ -118, 34 ], [ -118, 34 ], [ -118, 34 ], [ -118, 34 ], [ -118, 34 ], [ -118, 34 ], [ -118, 34 ], [ -118, 34 ], [ -118, 34 ], [ -118, 34 ], [ -118, 34 ], [ -118, 34 ], [ -118, 34 ], [ -118, 34 ], [ -118, 34 ], [ -118, 34 ], [ -118, 34 ], [ -118, 34 ], [ -118, 34 ], [ -118, 34 ], [ -118, 34 ], [ -118, 34 ], [ -118, 34 ], [ -118, 34 ], [ -118, 34 ], [ -118, 34 ], [ -118, 34 ], [ -118, 34 ], [ -118, 34 ], [ -118, 34 ], [ -118, 34 ], [ -118, 34 ], [ -118, 34 ], [ -118, 34 ], [ -118, 34 ], [ -118, 34 ], [ -118, 34 ], [ -118, 34 ], [ -118, 34 ], [ -118, 34 ], [ -118, 34 ], [ -118, 34 ], [ -118, 34 ], [ -118, 34 ], [ -118, 34 ], [ -118, 34 ], [ -118, 34 ], [ -118, 34 ], [ -118, 34 ], [ -118, 34 ], [ -118, 34 ], [ -118, 34 ], [ -118, 34 ], [ -118, 34 ], [ -118, 34 ], [ -118, 34 ], [ -118, 34 ], [ -118, 34 ], [ -118, 34 ], [ -118, 34 ], [ -118, 34 ], [ -118, 34 ], [ -118, 34 ], [ -118, 34 ], [ -118, 34 ], [ -118, 34 ], [ -118, 34 ], [ -118, 34 ], [ -118, 34 ], [ -118, 34 ], [ -118, 34 ], [ -118, 34 ], [ -118, 34 ], [ -118, 34 ], [ -118, 34 ], [ -118, 34 ], [ -118, 34 ], [ -118, 34 ], [ -118, 34 ], [ -118, 34 ], [ -118, 34 ], [ -118, 34 ], [ -118, 34 ], [ -118, 34 ], [ -118, 34 ], [ -118, 34 ], [ -118, 34 ], [ -118, 34 ], [ -118, 34 ], [ -118, 34 ], [ -118, 34 ], [ -118, 34 ], [ -118, 34 ], [ -118, 34 ], [ -118, 34 ], [ -118, 34 ], [ -118, 34 ], [ -118, 34 ], [ -118, 34 ], [ -118, 34 ], [ -118, 34 ], [ -118, 34 ], [ -118, 34 ], [ -118, 34 ], [ -118, 34 ], [ -118, 34 ], [ -118, 34 ], [ -118, 34 ], [ -118, 34 ], [ -118, 34 ], [ -118, 34 ], [ -118, 34 ], [ -118, 34 ], [ -118, 34 ], [ -118, 34 ], [ -118, 34 ], [ -118, 34 ], [ -118, 34 ], [ -118, 34 ], [ -118, 34 ], [ -118, 34 ], [ -118, 34 ], [ -118, 34 ], [ -118, 34 ], [ -118, 34 ], [ -118, 34 ], [ -118, 34 ], [ -118, 34 ], [ -118, 34 ], [ -118, 34 ], [ -118, 34 ], [ -118, 34 ], [ -118, 34 ], [ -118, 34 ], [ -118, 34 ], [ -118, 34 ], [ -118, 34 ], [ -118, 34 ], [ -118, 34 ], [ -118, 34 ], [ -118, 34 ], [ -118, 34 ], [ -118, 34 ], [ -118, 34 ], [ -118, 34 ], [ -118, 34 ], [ -118, 34 ], [ -118, 34 ], [ -118, 34 ], [ -118, 34 ], [ -118, 34 ], [ -118, 34 ], [ -118, 34 ], [ -118, 34 ], [ -118, 34 ], [ -118, 34 ], [ -118, 34 ], [ -118, 34 ], [ -118, 34 ], [ -118, 34 ], [ -118, 34 ], [ -118, 34 ], [ -118, 34 ], [ -118, 34 ], [ -118, 34 ], [ -118, 34 ], [ -118, 34 ], [ -118, 34 ], [ -118, 34 ], [ -118, 34 ], [ -118, 34 ], [ -118, 34 ], [ -118, 34 ], [ -118, 34 ], [ -118, 34 ], [ -118, 34 ], [ -118, 34 ], [ -118, 34 ], [ -118, 34 ], [ -118, 34 ], [ -118, 34 ], [ -118, 34 ], [ -118, 34 ], [ -118, 34 ], [ -118, 34 ], [ -118, 34 ], [ -118, 34 ], [ -118, 34 ], [ -118, 34 ], [ -118, 34 ], [ -118, 34 ], [ -118, 34 ], [ -118, 34 ], [ -118, 34 ], [ -118, 34 ], [ -118, 34 ], [ -118, 34 ], [ -118, 34 ], [ -118, 34 ], [ -118, 34 ], [ -118, 34 ], [ -118, 34 ], [ -118, 34 ], [ -118, 34 ], [ -118, 34 ], [ -118, 34 ], [ -118, 34 ], [ -118, 34 ], [ -118, 34 ], [ -118, 34 ], [ -118, 34 ], [ -118, 34 ], [ -118, 34 ], [ -118, 34 ], [ -118, 34 ], [ -118, 34 ], [ -118, 34 ], [ -118, 34 ], [ -118, 34 ], [ -118, 34 ], [ -118, 34 ], [ -118, 34 ], [ -118, 34 ], [ -118, 34 ], [ -118, 34 ], [ -118, 34 ], [ -118, 34 ], [ -118, 34 ], [ -118, 34 ], [ -118, 34 ], [ -118, 34 ], [ -118, 34 ], [ -118, 34 ], [ -118, 34 ], [ -118, 34 ], [ -118, 34 ], [ -118, 34 ], [ -118, 34 ], [ -118, 34 ], [ -118, 34 ], [ -118, 34 ], [ -118, 34 ], [ -118, 34 ], [ -118, 34 ], [ -118, 34 ], [ -118, 34 ], [ -118, 34 ], [ -118, 34 ], [ -118, 34 ], [ -118, 34 ], [ -118, 34 ], [ -118, 34 ], [ -118, 34 ], [ -118, 34 ], [ -118, 34 ], [ -118, 34 ], [ -118, 34 ], [ -118, 34 ], [ -119, 34 ], [ -119, 34 ], [ -119, 34 ], [ -119, 34 ], [ -119, 34 ], [ -119, 34 ], [ -119, 34 ], [ -119, 34 ], [ -119, 34 ], [ -119, 34 ], [ -119, 34 ], [ -119, 34 ], [ -119, 34 ], [ -119, 34 ], [ -119, 34 ], [ -119, 34 ], [ -119, 34 ], [ -119, 34 ], [ -119, 34 ], [ -119, 34 ], [ -119, 34 ], [ -119, 34 ], [ -119, 34 ], [ -119, 34 ], [ -119, 34 ], [ -119, 34 ], [ -119, 34 ], [ -119, 34 ], [ -119, 34 ], [ -119, 34 ], [ -119, 34 ], [ -119, 34 ], [ -119, 34 ], [ -119, 34 ], [ -119, 34 ], [ -119, 34 ], [ -119, 34 ], [ -119, 34 ], [ -119, 34 ], [ -119, 34 ], [ -119, 34 ], [ -119, 34 ], [ -119, 34 ], [ -119, 34 ], [ -119, 34 ], [ -119, 34 ], [ -119, 34 ], [ -119, 34 ], [ -119, 34 ], [ -119, 34 ], [ -119, 34 ], [ -119, 34 ], [ -119, 34 ], [ -119, 34 ], [ -119, 34 ], [ -119, 34 ], [ -119, 34 ], [ -119, 34 ], [ -119, 34 ], [ -119, 34 ], [ -119, 34 ], [ -119, 34 ], [ -119, 34 ], [ -119, 34 ], [ -119, 34 ], [ -119, 34 ], [ -119, 34 ], [ -119, 34 ], [ -119, 34 ], [ -119, 34 ], [ -119, 34 ], [ -119, 34 ], [ -119, 34 ], [ -119, 34 ], [ -119, 34 ], [ -119, 34 ], [ -119, 34 ], [ -119, 34 ], [ -119, 34 ], [ -119, 34 ], [ -119, 34 ], [ -119, 34 ], [ -119, 34 ], [ -119, 34 ], [ -119, 34 ], [ -119, 34 ], [ -119, 34 ], [ -119, 34 ], [ -119, 34 ], [ -119, 34 ], [ -119, 34 ], [ -119, 34 ], [ -119, 34 ], [ -119, 34 ], [ -119, 34 ], [ -119, 34 ], [ -119, 34 ], [ -119, 34 ], [ -119, 34 ], [ -119, 34 ], [ -119, 34 ], [ -119, 34 ], [ -119, 34 ], [ -119, 34 ], [ -119, 34 ], [ -119, 34 ], [ -119, 34 ], [ -119, 34 ], [ -119, 34 ], [ -119, 34 ], [ -119, 34 ], [ -119, 34 ], [ -119, 34 ], [ -119, 34 ], [ -119, 34 ], [ -119, 34 ], [ -119, 34 ], [ -119, 34 ], [ -119, 34 ], [ -119, 34 ], [ -119, 34 ], [ -119, 34 ], [ -119, 34 ], [ -119, 34 ], [ -119, 34 ], [ -119, 34 ], [ -119, 34 ], [ -119, 34 ], [ -119, 34 ], [ -119, 34 ], [ -119, 34 ], [ -119, 34 ], [ -119, 34 ], [ -119, 34 ], [ -119, 34 ], [ -119, 34 ], [ -119, 34 ], [ -119, 34 ], [ -119, 34 ], [ -119, 34 ], [ -119, 34 ], [ -119, 34 ], [ -119, 34 ], [ -119, 34 ], [ -119, 34 ], [ -119, 34 ], [ -119, 34 ], [ -119, 34 ], [ -119, 34 ], [ -119, 34 ], [ -119, 34 ], [ -119, 34 ], [ -119, 34 ], [ -119, 34 ], [ -119, 34 ], [ -119, 34 ], [ -119, 34 ], [ -119, 34 ], [ -119, 34 ], [ -119, 34 ], [ -119, 34 ], [ -119, 34 ], [ -119, 34 ], [ -119, 34 ], [ -119, 34 ], [ -119, 34 ], [ -119, 34 ], [ -119, 34 ], [ -119, 34 ], [ -119, 34 ], [ -119, 34 ], [ -119, 34 ], [ -119, 34 ], [ -119, 34 ], [ -119, 34 ], [ -119, 34 ], [ -119, 34 ], [ -119, 34 ], [ -119, 34 ], [ -119, 34 ], [ -119, 34 ], [ -119, 34 ], [ -119, 34 ], [ -119, 34 ], [ -119, 34 ], [ -119, 34 ], [ -119, 34 ], [ -119, 34 ], [ -119, 34 ], [ -119, 34 ], [ -119, 34 ], [ -119, 34 ], [ -119, 34 ], [ -119, 34 ], [ -119, 34 ], [ -119, 34 ], [ -119, 34 ], [ -119, 34 ], [ -119, 34 ], [ -119, 34 ], [ -119, 34 ], [ -119, 34 ], [ -119, 34 ], [ -119, 34 ], [ -119, 34 ], [ -119, 34 ], [ -119, 34 ], [ -119, 34 ], [ -119, 34 ], [ -119, 34 ], [ -119, 34 ], [ -119, 34 ], [ -119, 34 ], [ -119, 34 ], [ -119, 34 ], [ -119, 34 ], [ -119, 34 ], [ -119, 34 ], [ -119, 34 ], [ -119, 34 ], [ -119, 34 ], [ -119, 34 ], [ -119, 34 ], [ -119, 34 ], [ -119, 34 ], [ -119, 34 ], [ -119, 34 ], [ -119, 34 ], [ -119, 34 ], [ -119, 34 ], [ -119, 34 ], [ -119, 34 ], [ -119, 34 ], [ -119, 34 ], [ -119, 34 ], [ -119, 34 ], [ -119, 34 ], [ -119, 34 ], [ -119, 34 ], [ -119, 34 ], [ -119, 34 ], [ -119, 34 ], [ -119, 34 ], [ -119, 34 ], [ -119, 34 ], [ -119, 34 ], [ -119, 34 ], [ -119, 34 ], [ -119, 34 ], [ -119, 34 ], [ -119, 34 ], [ -119, 34 ], [ -119, 34 ], [ -119, 34 ], [ -119, 34 ], [ -119, 34 ], [ -119, 34 ], [ -119, 34 ], [ -119, 34 ], [ -119, 34 ], [ -119, 34 ], [ -119, 34 ], [ -119, 34 ], [ -119, 34 ], [ -119, 34 ], [ -119, 34 ], [ -119, 34 ], [ -119, 34 ], [ -119, 34 ], [ -119, 34 ], [ -119, 34 ], [ -119, 34 ], [ -119, 34 ], [ -119, 34 ], [ -119, 34 ], [ -119, 34 ], [ -119, 34 ], [ -119, 34 ], [ -119, 34 ], [ -119, 34 ], [ -119, 34 ], [ -119, 34 ], [ -119, 34 ], [ -119, 34 ], [ -119, 34 ], [ -119, 34 ], [ -119, 34 ], [ -119, 34 ], [ -119, 34 ], [ -119, 34 ], [ -119, 34 ], [ -119, 34 ], [ -119, 34 ], [ -119, 34 ], [ -119, 34 ], [ -119, 34 ], [ -119, 34 ], [ -119, 34 ], [ -119, 34 ], [ -119, 34 ], [ -119, 34 ], [ -119, 34 ], [ -119, 34 ], [ -119, 34 ], [ -119, 34 ], [ -119, 34 ], [ -119, 34 ], [ -119, 34 ], [ -119, 34 ], [ -119, 34 ], [ -119, 34 ], [ -119, 34 ], [ -119, 34 ], [ -119, 34 ], [ -119, 34 ], [ -119, 34 ], [ -119, 34 ], [ -119, 34 ], [ -119, 34 ], [ -119, 34 ], [ -119, 34 ], [ -119, 34 ], [ -119, 34 ], [ -119, 34 ], [ -119, 34 ], [ -119, 34 ], [ -119, 34 ], [ -119, 34 ], [ -119, 34 ], [ -119, 34 ], [ -119, 34 ], [ -119, 34 ], [ -119, 34 ], [ -119, 34 ], [ -119, 34 ], [ -119, 34 ], [ -119, 34 ], [ -119, 34 ], [ -119, 34 ], [ -119, 34 ], [ -119, 34 ], [ -119, 34 ], [ -119, 34 ], [ -119, 34 ], [ -119, 34 ], [ -120, 34 ], [ -120, 34 ], [ -120, 34 ], [ -120, 34 ], [ -120, 34 ], [ -120, 34 ], [ -120, 34 ], [ -120, 34 ], [ -120, 34 ], [ -120, 34 ], [ -120, 34 ], [ -120, 34 ], [ -120, 34 ], [ -120, 34 ], [ -120, 34 ], [ -120, 34 ], [ -120, 34 ], [ -120, 34 ], [ -120, 34 ], [ -120, 34 ], [ -120, 34 ], [ -120, 34 ], [ -120, 34 ], [ -120, 34 ], [ -120, 34 ], [ -120, 34 ], [ -120, 34 ], [ -120, 34 ], [ -120, 34 ], [ -120, 34 ], [ -120, 34 ], [ -120, 34 ], [ -120, 34 ], [ -120, 34 ], [ -120, 34 ], [ -120, 34 ], [ -120, 34 ], [ -120, 34 ], [ -120, 34 ], [ -120, 34 ], [ -120, 34 ], [ -120, 34 ], [ -120, 34 ], [ -120, 34 ], [ -120, 34 ], [ -120, 34 ], [ -120, 34 ], [ -120, 34 ], [ -120, 34 ], [ -120, 34 ], [ -120, 34 ], [ -120, 34 ], [ -120, 34 ], [ -120, 34 ], [ -120, 34 ], [ -120, 34 ], [ -120, 34 ], [ -120, 34 ], [ -120, 34 ], [ -120, 34 ], [ -120, 34 ], [ -120, 34 ], [ -120, 34 ], [ -120, 34 ], [ -120, 34 ], [ -120, 34 ], [ -120, 34 ], [ -120, 34 ], [ -120, 34 ], [ -120, 34 ], [ -120, 34 ], [ -120, 34 ], [ -120, 34 ], [ -120, 34 ], [ -120, 34 ], [ -120, 34 ], [ -120, 34 ], [ -120, 34 ], [ -120, 34 ], [ -120, 34 ], [ -120, 34 ], [ -120, 34 ], [ -120, 34 ], [ -120, 34 ], [ -120, 34 ], [ -120, 34 ], [ -120, 34 ], [ -120, 34 ], [ -120, 34 ], [ -120, 34 ], [ -120, 34 ], [ -120, 34 ], [ -120, 34 ], [ -120, 34 ], [ -120, 34 ], [ -120, 34 ], [ -120, 34 ], [ -120, 34 ], [ -120, 34 ], [ -120, 34 ], [ -120, 34 ], [ -120, 34 ], [ -120, 34 ], [ -120, 34 ], [ -120, 34 ], [ -120, 34 ], [ -120, 34 ], [ -120, 34 ], [ -120, 34 ], [ -120, 34 ], [ -120, 34 ], [ -120, 34 ], [ -120, 34 ], [ -120, 34 ], [ -120, 34 ], [ -120, 34 ], [ -120, 34 ], [ -120, 34 ], [ -120, 34 ], [ -120, 34 ], [ -120, 34 ], [ -120, 34 ], [ -120, 34 ], [ -120, 34 ], [ -120, 34 ], [ -120, 34 ], [ -120, 34 ], [ -120, 34 ], [ -120, 34 ], [ -120, 34 ], [ -120, 34 ], [ -120, 34 ], [ -120, 34 ], [ -120, 34 ], [ -120, 34 ], [ -120, 34 ], [ -120, 34 ], [ -120, 34 ], [ -120, 34 ], [ -120, 34 ], [ -120, 34 ], [ -120, 34 ], [ -120, 34 ], [ -120, 34 ], [ -120, 34 ], [ -120, 34 ], [ -120, 34 ], [ -120, 34 ], [ -120, 34 ], [ -120, 34 ], [ -120, 34 ], [ -120, 34 ], [ -120, 34 ], [ -120, 34 ], [ -120, 34 ], [ -120, 34 ], [ -120, 34 ], [ -120, 34 ], [ -120, 34 ], [ -120, 34 ], [ -120, 34 ], [ -120, 34 ], [ -120, 34 ], [ -120, 34 ], [ -120, 34 ], [ -120, 34 ], [ -120, 34 ], [ -120, 34 ], [ -120, 34 ], [ -120, 34 ], [ -120, 34 ], [ -120, 34 ], [ -120, 34 ], [ -120, 34 ], [ -120, 34 ], [ -120, 34 ], [ -120, 34 ], [ -120, 34 ], [ -120, 34 ], [ -120, 34 ], [ -120, 34 ], [ -120, 34 ], [ -120, 34 ], [ -120, 34 ], [ -120, 34 ], [ -120, 34 ], [ -120, 34 ], [ -120, 34 ], [ -120, 34 ], [ -120, 34 ], [ -120, 34 ], [ -120, 34 ], [ -120, 34 ], [ -120, 34 ], [ -120, 34 ], [ -120, 34 ], [ -120, 34 ], [ -120, 34 ], [ -120, 34 ], [ -120, 34 ], [ -120, 34 ], [ -120, 34 ], [ -120, 34 ], [ -120, 34 ], [ -120, 34 ], [ -120, 34 ], [ -120, 34 ], [ -120, 34 ], [ -120, 34 ], [ -120, 34 ], [ -120, 34 ], [ -120, 34 ], [ -120, 34 ], [ -120, 34 ], [ -120, 34 ], [ -120, 34 ], [ -120, 34 ], [ -120, 34 ], [ -120, 34 ], [ -120, 34 ], [ -120, 34 ], [ -120, 34 ], [ -120, 34 ], [ -120, 34 ], [ -120, 34 ], [ -120, 34 ], [ -120, 34 ], [ -120, 34 ], [ -120, 34 ], [ -120, 34 ], [ -120, 34 ], [ -120, 34 ], [ -120, 34 ], [ -120, 34 ], [ -120, 34 ], [ -120, 34 ], [ -120, 34 ], [ -120, 34 ], [ -120, 34 ], [ -120, 34 ], [ -120, 34 ], [ -120, 34 ], [ -120, 34 ], [ -120, 34 ], [ -120, 34 ], [ -120, 34 ], [ -120, 34 ], [ -120, 34 ], [ -120, 34 ], [ -120, 34 ], [ -120, 34 ], [ -120, 34 ], [ -120, 34 ], [ -120, 34 ], [ -120, 34 ], [ -120, 34 ], [ -120, 34 ], [ -120, 34 ], [ -120, 34 ], [ -120, 34 ], [ -120, 34 ], [ -120, 34 ], [ -120, 34 ], [ -120, 34 ], [ -120, 34 ], [ -120, 34 ], [ -120, 34 ], [ -120, 34 ], [ -120, 34 ], [ -120, 34 ], [ -120, 34 ], [ -120, 34 ], [ -120, 34 ], [ -120, 34 ], [ -120, 34 ], [ -120, 34 ], [ -120, 34 ], [ -120, 34 ], [ -120, 34 ], [ -120, 34 ], [ -120, 34 ], [ -120, 34 ], [ -120, 34 ], [ -120, 34 ], [ -120, 34 ], [ -120, 34 ], [ -120, 34 ], [ -120, 34 ], [ -120, 34 ], [ -120, 34 ], [ -120, 34 ], [ -120, 34 ], [ -120, 34 ], [ -120, 34 ], [ -120, 34 ], [ -120, 34 ], [ -120, 34 ], [ -120, 34 ], [ -120, 34 ], [ -120, 34 ], [ -120, 34 ], [ -120, 34 ], [ -120, 34 ], [ -120, 34 ], [ -120, 34 ], [ -120, 34 ], [ -120, 34 ], [ -120, 34 ], [ -120, 34 ], [ -120, 34 ], [ -120, 34 ], [ -120, 34 ], [ -120, 34 ], [ -120, 34 ], [ -120, 34 ], [ -120, 34 ], [ -120, 34 ], [ -120, 34 ], [ -120, 34 ], [ -120, 34 ], [ -120, 34 ], [ -120, 34 ], [ -120, 34 ], [ -120, 34 ], [ -120, 34 ], [ -120, 34 ], [ -120, 34 ], [ -120, 34 ], [ -120, 34 ], [ -120, 34 ], [ -120, 34 ], [ -120, 34 ], [ -120, 34 ], [ -120, 34 ], [ -120, 34 ], [ -120, 34 ], [ -120, 34 ], [ -120, 34 ], [ -120, 34 ], [ -120, 34 ], [ -120, 34 ], [ -120, 34 ], [ -120, 34 ], [ -120, 34 ], [ -120, 34 ], [ -120, 34 ], [ -120, 34 ], [ -120, 34 ], [ -120, 34 ], [ -120, 34 ], [ -120, 34 ], [ -120, 34 ], [ -120, 34 ], [ -120, 34 ], [ -120, 34 ], [ -120, 34 ], [ -120, 34 ], [ -120, 34 ], [ -120, 34 ], [ -120, 34 ], [ -120, 34 ], [ -120, 34 ], [ -120, 34 ], [ -120, 34 ], [ -120, 34 ], [ -120, 34 ], [ -120, 34 ], [ -120, 34 ], [ -120, 34 ], [ -120, 34 ], [ -120, 34 ], [ -120, 34 ], [ -120, 34 ], [ -120, 34 ], [ -120, 34 ], [ -120, 34 ], [ -120, 34 ], [ -120, 34 ], [ -120, 34 ], [ -120, 34 ], [ -120, 34 ], [ -120, 34 ], [ -120, 34 ], [ -120, 34 ], [ -120, 34 ], [ -120, 34 ], [ -120, 34 ], [ -120, 34 ], [ -120, 34 ], [ -120, 34 ], [ -120, 34 ], [ -120, 34 ], [ -120, 34 ], [ -120, 34 ], [ -120, 34 ], [ -120, 34 ], [ -120, 34 ], [ -120, 34 ], [ -120, 34 ], [ -120, 34 ], [ -120, 34 ], [ -120, 34 ], [ -120, 34 ], [ -120, 34 ], [ -120, 34 ], [ -120, 34 ], [ -120, 34 ], [ -120, 34 ], [ -120, 34 ], [ -120, 34 ], [ -120, 34 ], [ -120, 34 ], [ -120, 34 ], [ -120, 34 ], [ -120, 34 ], [ -120, 34 ], [ -120, 34 ], [ -120, 34 ], [ -120, 34 ], [ -120, 34 ], [ -120, 34 ], [ -120, 34 ], [ -120, 34 ], [ -120, 34 ], [ -120, 34 ], [ -120, 34 ], [ -120, 34 ], [ -120, 34 ], [ -120, 34 ], [ -120, 34 ], [ -120, 34 ], [ -120, 34 ], [ -120, 34 ], [ -120, 34 ], [ -120, 34 ], [ -120, 34 ], [ -120, 34 ], [ -120, 34 ], [ -120, 34 ], [ -120, 34 ], [ -120, 34 ], [ -120, 34 ], [ -120, 34 ], [ -120, 34 ], [ -120, 34 ], [ -120, 34 ], [ -120, 34 ], [ -120, 34 ], [ -120, 34 ], [ -120, 34 ], [ -120, 34 ], [ -120, 34 ], [ -120, 34 ], [ -120, 34 ], [ -120, 34 ], [ -120, 34 ], [ -120, 34 ], [ -120, 34 ], [ -120, 34 ], [ -120, 34 ], [ -120, 34 ], [ -120, 34 ], [ -120, 34 ], [ -120, 34 ], [ -120, 34 ], [ -120, 34 ], [ -120, 34 ], [ -120, 34 ], [ -120, 34 ], [ -120, 34 ], [ -120, 34 ], [ -120, 34 ], [ -120, 34 ], [ -120, 34 ], [ -120, 34 ], [ -120, 34 ], [ -120, 34 ], [ -120, 34 ], [ -120, 34 ], [ -120, 34 ], [ -120, 34 ], [ -120, 34 ], [ -120, 34 ], [ -120, 34 ], [ -120, 34 ], [ -120, 34 ], [ -120, 34 ], [ -120, 34 ], [ -120, 34 ], [ -120, 34 ], [ -120, 34 ], [ -120, 34 ], [ -120, 34 ], [ -120, 34 ], [ -120, 34 ], [ -120, 34 ], [ -120, 34 ], [ -120, 34 ], [ -120, 34 ], [ -120, 34 ], [ -120, 34 ], [ -120, 34 ], [ -120, 34 ], [ -120, 34 ], [ -120, 34 ], [ -120, 34 ], [ -120, 34 ], [ -120, 34 ], [ -120, 34 ], [ -120, 34 ], [ -120, 34 ], [ -120, 34 ], [ -120, 34 ], [ -120, 34 ], [ -120, 34 ], [ -120, 34 ], [ -120, 34 ], [ -120, 34 ], [ -120, 34 ], [ -120, 34 ], [ -120, 34 ], [ -120, 34 ], [ -120, 34 ], [ -120, 34 ], [ -120, 34 ], [ -120, 34 ], [ -120, 34 ], [ -120, 34 ], [ -120, 34 ], [ -120, 34 ], [ -120, 34 ], [ -120, 34 ], [ -120, 34 ], [ -120, 34 ], [ -120, 34 ], [ -120, 34 ], [ -120, 34 ], [ -120, 34 ], [ -120, 34 ], [ -120, 34 ], [ -120, 34 ], [ -120, 34 ], [ -120, 34 ], [ -120, 34 ], [ -120, 34 ], [ -120, 34 ], [ -120, 34 ], [ -120, 34 ], [ -120, 34 ], [ -120, 34 ], [ -120, 34 ], [ -120, 34 ], [ -120, 34 ], [ -120, 34 ], [ -120, 34 ], [ -120, 34 ], [ -120, 34 ], [ -120, 34 ], [ -120, 34 ], [ -120, 34 ], [ -120, 34 ], [ -120, 34 ], [ -120, 34 ], [ -120, 34 ], [ -120, 34 ], [ -120, 34 ], [ -120, 34 ], [ -120, 34 ], [ -120, 34 ], [ -120, 34 ], [ -120, 34 ], [ -120, 34 ], [ -120, 34 ], [ -120, 34 ], [ -120, 34 ], [ -120, 34 ], [ -120, 34 ], [ -120, 34 ], [ -120, 34 ], [ -120, 34 ], [ -120, 34 ], [ -120, 34 ], [ -120, 34 ], [ -120, 34 ], [ -120, 34 ], [ -120, 34 ], [ -120, 34 ], [ -120, 34 ], [ -120, 34 ], [ -120, 34 ], [ -120, 34 ], [ -120, 34 ], [ -120, 34 ], [ -120, 34 ], [ -120, 34 ], [ -120, 34 ], [ -120, 34 ], [ -120, 34 ], [ -120, 34 ], [ -120, 34 ], [ -120, 34 ], [ -120, 34 ], [ -120, 34 ], [ -120, 34 ], [ -120, 34 ], [ -120, 34 ], [ -120, 34 ], [ -120, 34 ], [ -120, 34 ], [ -120, 34 ], [ -120, 34 ], [ -120, 34 ], [ -120, 34 ], [ -120, 34 ], [ -120, 34 ], [ -120, 34 ], [ -120, 34 ], [ -120, 34 ], [ -120, 34 ], [ -120, 34 ], [ -120, 34 ], [ -120, 34 ], [ -120, 34 ], [ -120, 34 ], [ -120, 34 ], [ -120, 34 ], [ -120, 34 ], [ -120, 34 ], [ -120, 34 ], [ -120, 34 ], [ -120, 34 ], [ -120, 34 ], [ -120, 34 ], [ -120, 34 ], [ -120, 34 ], [ -120, 34 ], [ -120, 34 ], [ -120, 34 ], [ -120, 34 ], [ -120, 34 ], [ -120, 34 ], [ -120, 34 ], [ -120, 34 ], [ -120, 34 ], [ -120, 34 ], [ -120, 34 ], [ -120, 34 ], [ -120, 34 ], [ -120, 34 ], [ -120, 34 ], [ -120, 34 ], [ -120, 34 ], [ -120, 34 ], [ -120, 34 ], [ -120, 34 ], [ -120, 34 ], [ -120, 34 ], [ -120, 34 ], [ -120, 34 ], [ -120, 34 ], [ -120, 34 ], [ -120, 34 ], [ -120, 34 ], [ -120, 34 ], [ -120, 34 ], [ -120, 34 ], [ -120, 34 ], [ -120, 34 ], [ -120, 34 ], [ -120, 34 ], [ -120, 34 ], [ -120, 34 ], [ -120, 34 ], [ -120, 34 ], [ -120, 34 ], [ -120, 34 ], [ -120, 34 ], [ -120, 34 ], [ -120, 34 ], [ -120, 34 ], [ -120, 34 ], [ -120, 34 ], [ -120, 34 ], [ -120, 34 ], [ -120, 34 ], [ -120, 34 ], [ -120, 34 ], [ -120, 34 ], [ -120, 34 ], [ -120, 34 ], [ -120, 34 ], [ -120, 34 ], [ -120, 34 ], [ -120, 34 ], [ -120, 34 ], [ -120, 34 ], [ -120, 34 ], [ -120, 34 ], [ -120, 34 ], [ -120, 34 ], [ -120, 34 ], [ -120, 34 ], [ -120, 34 ], [ -120, 34 ], [ -120, 34 ], [ -120, 34 ], [ -120, 34 ], [ -120, 34 ], [ -120, 34 ], [ -120, 34 ], [ -120, 34 ], [ -120, 34 ], [ -120, 34 ], [ -120, 34 ], [ -120, 34 ], [ -120, 34 ], [ -120, 34 ], [ -120, 34 ], [ -120, 34 ], [ -120, 34 ], [ -120, 34 ], [ -120, 34 ], [ -120, 34 ], [ -120, 34 ], [ -120, 34 ], [ -120, 34 ], [ -120, 34 ], [ -120, 34 ], [ -120, 34 ], [ -120, 34 ], [ -120, 34 ], [ -120, 34 ], [ -120, 34 ], [ -120, 34 ], [ -120, 34 ], [ -120, 34 ], [ -120, 34 ], [ -120, 34 ], [ -120, 34 ], [ -120, 34 ], [ -120, 34 ], [ -120, 34 ], [ -120, 34 ], [ -120, 34 ], [ -120, 34 ], [ -120, 34 ], [ -120, 34 ], [ -120, 34 ], [ -120, 34 ], [ -120, 34 ], [ -120, 34 ], [ -120, 34 ], [ -120, 34 ], [ -120, 34 ], [ -120, 34 ], [ -120, 34 ], [ -120, 34 ], [ -120, 34 ], [ -120, 34 ], [ -120, 34 ], [ -120, 34 ], [ -120, 34 ], [ -120, 34 ], [ -120, 34 ], [ -120, 34 ], [ -120, 34 ], [ -120, 34 ], [ -120, 34 ], [ -120, 34 ], [ -120, 34 ], [ -120, 34 ], [ -120, 34 ], [ -120, 34 ], [ -120, 34 ], [ -120, 34 ], [ -120, 34 ], [ -120, 34 ], [ -120, 34 ], [ -120, 34 ], [ -120, 34 ], [ -120, 34 ], [ -120, 34 ], [ -120, 34 ], [ -120, 34 ], [ -120, 34 ], [ -120, 34 ], [ -120, 34 ], [ -120, 34 ], [ -120, 34 ], [ -120, 34 ], [ -120, 34 ], [ -120, 34 ], [ -120, 34 ], [ -120, 34 ], [ -120, 34 ], [ -120, 34 ], [ -120, 34 ], [ -120, 34 ], [ -120, 34 ], [ -120, 34 ], [ -120, 34 ], [ -120, 34 ], [ -120, 34 ], [ -120, 34 ], [ -120, 34 ], [ -120, 34 ], [ -120, 34 ], [ -120, 34 ], [ -120, 34 ], [ -120, 34 ], [ -120, 34 ], [ -120, 34 ], [ -120, 34 ], [ -120, 34 ], [ -120, 34 ], [ -120, 34 ], [ -120, 34 ], [ -120, 34 ], [ -120, 34 ], [ -120, 34 ], [ -120, 34 ], [ -120, 34 ], [ -120, 34 ], [ -120, 34 ], [ -120, 34 ], [ -120, 34 ], [ -120, 34 ], [ -120, 34 ], [ -120, 34 ], [ -120, 34 ], [ -120, 34 ], [ -120, 34 ], [ -120, 34 ], [ -120, 34 ], [ -120, 34 ], [ -120, 34 ], [ -120, 34 ], [ -120, 34 ], [ -120, 34 ], [ -120, 34 ], [ -120, 34 ], [ -120, 34 ], [ -120, 34 ], [ -120, 34 ], [ -120, 34 ], [ -120, 34 ], [ -120, 34 ], [ -120, 34 ], [ -120, 34 ], [ -120, 34 ], [ -120, 34 ], [ -120, 34 ], [ -120, 34 ], [ -120, 34 ], [ -120, 34 ], [ -120, 34 ], [ -120, 34 ], [ -120, 34 ], [ -120, 34 ], [ -120, 34 ], [ -120, 34 ], [ -120, 34 ], [ -120, 34 ], [ -120, 34 ], [ -120, 34 ], [ -120, 34 ], [ -120, 34 ], [ -120, 34 ], [ -120, 34 ], [ -120, 34 ], [ -120, 34 ], [ -120, 34 ], [ -120, 34 ], [ -120, 34 ], [ -120, 34 ], [ -120, 34 ], [ -120, 34 ], [ -120, 34 ], [ -120, 34 ], [ -120, 35 ], [ -120, 35 ], [ -120, 35 ], [ -120, 35 ], [ -120, 35 ], [ -120, 35 ], [ -120, 35 ], [ -120, 35 ], [ -120, 35 ], [ -120, 35 ], [ -121, 35 ], [ -121, 35 ], [ -121, 35 ], [ -121, 35 ], [ -121, 35 ], [ -121, 35 ], [ -121, 35 ], [ -121, 35 ], [ -121, 35 ], [ -121, 35 ], [ -121, 35 ], [ -121, 35 ], [ -121, 35 ], [ -121, 35 ], [ -121, 35 ], [ -121, 35 ], [ -121, 35 ], [ -121, 35 ], [ -121, 35 ], [ -121, 35 ], [ -121, 35 ], [ -121, 35 ], [ -121, 35 ], [ -121, 35 ], [ -121, 35 ], [ -121, 35 ], [ -121, 35 ], [ -121, 35 ], [ -121, 35 ], [ -121, 35 ], [ -121, 35 ], [ -121, 35 ], [ -121, 35 ], [ -121, 35 ], [ -121, 35 ], [ -121, 35 ], [ -121, 35 ], [ -121, 35 ], [ -121, 35 ], [ -121, 35 ], [ -121, 35 ], [ -121, 35 ], [ -121, 35 ], [ -121, 35 ], [ -121, 35 ], [ -121, 35 ], [ -121, 35 ], [ -121, 35 ], [ -121, 35 ], [ -121, 35 ], [ -121, 35 ], [ -121, 35 ], [ -121, 35 ], [ -121, 35 ], [ -121, 35 ], [ -121, 35 ], [ -121, 35 ], [ -121, 35 ], [ -121, 35 ], [ -121, 35 ], [ -121, 35 ], [ -121, 35 ], [ -121, 35 ], [ -121, 35 ], [ -121, 35 ], [ -121, 35 ], [ -121, 35 ], [ -121, 35 ], [ -121, 35 ], [ -121, 35 ], [ -121, 35 ], [ -121, 35 ], [ -121, 35 ], [ -121, 35 ], [ -121, 35 ], [ -121, 35 ], [ -121, 35 ], [ -121, 35 ], [ -121, 35 ], [ -121, 35 ], [ -121, 35 ], [ -121, 35 ], [ -121, 35 ], [ -121, 35 ], [ -121, 35 ], [ -121, 35 ], [ -121, 35 ], [ -121, 35 ], [ -121, 35 ], [ -121, 35 ], [ -121, 35 ], [ -121, 35 ], [ -121, 35 ], [ -121, 35 ], [ -121, 35 ], [ -121, 35 ], [ -121, 35 ], [ -121, 35 ], [ -121, 35 ], [ -121, 35 ], [ -121, 35 ], [ -121, 35 ], [ -121, 35 ], [ -121, 35 ], [ -121, 35 ], [ -121, 35 ], [ -121, 35 ], [ -121, 35 ], [ -121, 35 ], [ -121, 35 ], [ -121, 35 ], [ -121, 35 ], [ -121, 35 ], [ -121, 35 ], [ -121, 35 ], [ -121, 35 ], [ -121, 35 ], [ -121, 35 ], [ -121, 35 ], [ -121, 35 ], [ -121, 35 ], [ -121, 35 ], [ -121, 35 ], [ -121, 35 ], [ -121, 35 ], [ -121, 35 ], [ -121, 35 ], [ -121, 35 ], [ -121, 35 ], [ -121, 35 ], [ -121, 35 ], [ -121, 35 ], [ -121, 35 ], [ -121, 35 ], [ -121, 35 ], [ -121, 35 ], [ -121, 35 ], [ -121, 35 ], [ -121, 35 ], [ -121, 35 ], [ -121, 35 ], [ -121, 35 ], [ -121, 35 ], [ -121, 35 ], [ -121, 35 ], [ -121, 35 ], [ -121, 35 ], [ -121, 35 ], [ -121, 35 ], [ -121, 35 ], [ -121, 35 ], [ -121, 35 ], [ -121, 35 ], [ -121, 35 ], [ -121, 35 ], [ -121, 35 ], [ -121, 35 ], [ -121, 35 ], [ -121, 35 ], [ -121, 35 ], [ -121, 35 ], [ -121, 35 ], [ -121, 35 ], [ -121, 35 ], [ -121, 35 ], [ -121, 35 ], [ -121, 35 ], [ -121, 35 ], [ -121, 35 ], [ -121, 35 ], [ -121, 35 ], [ -121, 35 ], [ -121, 35 ], [ -121, 35 ], [ -121, 35 ], [ -121, 35 ], [ -121, 35 ], [ -121, 35 ], [ -121, 35 ], [ -121, 35 ], [ -121, 35 ], [ -121, 35 ], [ -121, 35 ], [ -121, 35 ], [ -121, 35 ], [ -121, 35 ], [ -121, 35 ], [ -121, 35 ], [ -121, 35 ], [ -121, 35 ], [ -121, 35 ], [ -121, 35 ], [ -121, 35 ], [ -121, 35 ], [ -121, 35 ], [ -121, 35 ], [ -121, 35 ], [ -121, 35 ], [ -121, 35 ], [ -121, 35 ], [ -121, 35 ], [ -121, 35 ], [ -121, 35 ], [ -121, 35 ], [ -121, 35 ], [ -121, 35 ], [ -121, 35 ], [ -121, 35 ], [ -121, 35 ], [ -121, 35 ], [ -121, 35 ], [ -121, 35 ], [ -121, 35 ], [ -121, 35 ], [ -121, 35 ], [ -121, 35 ], [ -121, 35 ], [ -121, 35 ], [ -121, 35 ], [ -121, 35 ], [ -121, 35 ], [ -121, 35 ], [ -121, 35 ], [ -121, 35 ], [ -121, 35 ], [ -121, 35 ], [ -121, 35 ], [ -121, 35 ], [ -121, 35 ], [ -121, 35 ], [ -121, 35 ], [ -121, 35 ], [ -121, 35 ], [ -121, 35 ], [ -121, 35 ], [ -121, 35 ], [ -121, 35 ], [ -121, 35 ], [ -121, 35 ], [ -121, 35 ], [ -121, 35 ], [ -121, 35 ], [ -121, 35 ], [ -121, 35 ], [ -121, 35 ], [ -121, 35 ], [ -121, 35 ], [ -121, 35 ], [ -121, 35 ], [ -121, 35 ], [ -121, 35 ], [ -121, 35 ], [ -121, 35 ], [ -121, 35 ], [ -121, 35 ], [ -121, 35 ], [ -121, 35 ], [ -121, 35 ], [ -121, 35 ], [ -121, 35 ], [ -121, 35 ], [ -121, 35 ], [ -121, 35 ], [ -121, 35 ], [ -121, 35 ], [ -121, 35 ], [ -121, 35 ], [ -121, 35 ], [ -121, 35 ], [ -121, 35 ], [ -121, 35 ], [ -121, 35 ], [ -121, 35 ], [ -121, 35 ], [ -121, 35 ], [ -121, 35 ], [ -121, 35 ], [ -121, 35 ], [ -121, 35 ], [ -121, 35 ], [ -121, 35 ], [ -121, 35 ], [ -121, 35 ], [ -121, 35 ], [ -121, 35 ], [ -121, 35 ], [ -121, 35 ], [ -121, 35 ], [ -121, 35 ], [ -121, 35 ], [ -121, 35 ], [ -121, 35 ], [ -121, 35 ], [ -121, 35 ], [ -121, 35 ], [ -121, 35 ], [ -121, 35 ], [ -121, 35 ], [ -121, 35 ], [ -121, 35 ], [ -121, 35 ], [ -121, 35 ], [ -121, 35 ], [ -121, 35 ], [ -121, 35 ], [ -121, 35 ], [ -121, 35 ], [ -121, 35 ], [ -121, 35 ], [ -121, 35 ], [ -121, 35 ], [ -121, 35 ], [ -121, 35 ], [ -121, 35 ], [ -121, 35 ], [ -121, 35 ], [ -121, 35 ], [ -121, 35 ], [ -121, 35 ], [ -121, 35 ], [ -121, 35 ], [ -121, 35 ], [ -121, 35 ], [ -121, 35 ], [ -121, 35 ], [ -121, 35 ], [ -121, 35 ], [ -121, 35 ], [ -121, 35 ], [ -121, 35 ], [ -121, 35 ], [ -121, 35 ], [ -121, 35 ], [ -121, 35 ], [ -121, 35 ], [ -121, 35 ], [ -121, 35 ], [ -121, 35 ], [ -121, 35 ], [ -121, 35 ], [ -121, 35 ], [ -121, 35 ], [ -121, 35 ], [ -121, 35 ], [ -121, 35 ], [ -121, 35 ], [ -121, 35 ], [ -121, 35 ], [ -121, 35 ], [ -121, 35 ], [ -121, 35 ], [ -121, 35 ], [ -121, 35 ], [ -121, 35 ], [ -121, 35 ], [ -121, 35 ], [ -121, 35 ], [ -121, 35 ], [ -121, 35 ], [ -121, 35 ], [ -121, 35 ], [ -121, 35 ], [ -121, 35 ], [ -121, 35 ], [ -121, 35 ], [ -121, 35 ], [ -121, 35 ], [ -121, 35 ], [ -121, 35 ], [ -121, 35 ], [ -121, 35 ], [ -121, 35 ], [ -121, 35 ], [ -121, 35 ], [ -121, 35 ], [ -121, 35 ], [ -121, 35 ], [ -121, 35 ], [ -121, 35 ], [ -121, 35 ], [ -121, 35 ], [ -121, 35 ], [ -121, 35 ], [ -121, 35 ], [ -121, 35 ], [ -121, 35 ], [ -121, 35 ], [ -121, 35 ], [ -121, 35 ], [ -121, 35 ], [ -121, 35 ], [ -121, 35 ], [ -121, 35 ], [ -121, 35 ], [ -121, 35 ], [ -121, 35 ], [ -121, 35 ], [ -121, 35 ], [ -121, 35 ], [ -121, 35 ], [ -121, 35 ], [ -121, 35 ], [ -121, 35 ], [ -121, 35 ], [ -121, 35 ], [ -121, 35 ], [ -121, 35 ], [ -121, 35 ], [ -121, 35 ], [ -121, 35 ], [ -121, 35 ], [ -121, 35 ], [ -121, 35 ], [ -121, 35 ], [ -121, 35 ], [ -121, 35 ], [ -121, 35 ], [ -121, 35 ], [ -121, 35 ], [ -121, 35 ], [ -121, 35 ], [ -121, 35 ], [ -121, 35 ], [ -121, 35 ], [ -121, 35 ], [ -121, 35 ], [ -121, 35 ], [ -121, 35 ], [ -121, 35 ], [ -121, 35 ], [ -121, 35 ], [ -121, 35 ], [ -121, 35 ], [ -121, 35 ], [ -121, 35 ], [ -121, 35 ], [ -121, 35 ], [ -121, 35 ], [ -121, 35 ], [ -121, 35 ], [ -121, 35 ], [ -121, 35 ], [ -121, 35 ], [ -121, 35 ], [ -121, 35 ], [ -121, 35 ], [ -121, 35 ], [ -121, 35 ], [ -121, 35 ], [ -121, 35 ], [ -121, 35 ], [ -121, 35 ], [ -121, 35 ], [ -121, 35 ], [ -121, 35 ], [ -121, 35 ], [ -121, 35 ], [ -121, 35 ], [ -121, 35 ], [ -121, 35 ], [ -121, 35 ], [ -121, 35 ], [ -121, 35 ], [ -121, 35 ], [ -121, 35 ], [ -121, 35 ], [ -121, 35 ], [ -121, 35 ], [ -121, 35 ], [ -121, 35 ], [ -121, 35 ], [ -121, 35 ], [ -121, 35 ], [ -121, 35 ], [ -121, 35 ], [ -121, 35 ], [ -121, 35 ], [ -121, 35 ], [ -121, 35 ], [ -121, 35 ], [ -121, 35 ], [ -121, 35 ], [ -121, 35 ], [ -121, 35 ], [ -121, 35 ], [ -121, 35 ], [ -121, 35 ], [ -121, 35 ], [ -121, 35 ], [ -121, 35 ], [ -121, 35 ], [ -121, 35 ], [ -121, 35 ], [ -121, 35 ], [ -121, 35 ], [ -121, 35 ], [ -121, 35 ], [ -121, 35 ], [ -121, 35 ], [ -121, 35 ], [ -121, 35 ], [ -121, 35 ], [ -121, 35 ], [ -121, 35 ], [ -121, 35 ], [ -121, 35 ], [ -121, 35 ], [ -121, 35 ], [ -121, 35 ], [ -121, 35 ], [ -121, 35 ], [ -121, 35 ], [ -121, 35 ], [ -121, 35 ], [ -121, 35 ], [ -121, 35 ], [ -121, 35 ], [ -121, 35 ], [ -121, 35 ], [ -121, 35 ], [ -121, 35 ], [ -121, 35 ], [ -121, 35 ], [ -121, 35 ], [ -121, 35 ], [ -121, 35 ], [ -121, 35 ], [ -121, 35 ], [ -121, 35 ], [ -121, 35 ], [ -121, 35 ], [ -121, 35 ], [ -121, 35 ], [ -121, 35 ], [ -121, 35 ], [ -121, 35 ], [ -121, 35 ], [ -121, 35 ], [ -121, 35 ], [ -121, 35 ], [ -121, 35 ], [ -121, 35 ], [ -121, 35 ], [ -121, 35 ], [ -121, 35 ], [ -121, 35 ], [ -121, 35 ], [ -121, 35 ], [ -121, 35 ], [ -121, 35 ], [ -121, 35 ], [ -121, 35 ], [ -121, 35 ], [ -121, 35 ], [ -121, 35 ], [ -121, 35 ], [ -121, 35 ], [ -121, 35 ], [ -121, 35 ], [ -121, 35 ], [ -121, 35 ], [ -121, 35 ], [ -121, 35 ], [ -121, 35 ], [ -121, 35 ], [ -121, 35 ], [ -121, 35 ], [ -121, 35 ], [ -121, 35 ], [ -121, 35 ], [ -121, 35 ], [ -121, 35 ], [ -121, 35 ], [ -121, 35 ], [ -121, 35 ], [ -121, 35 ], [ -121, 35 ], [ -121, 35 ], [ -121, 35 ], [ -121, 35 ], [ -121, 35 ], [ -121, 35 ], [ -121, 35 ], [ -121, 35 ], [ -121, 35 ], [ -121, 35 ], [ -121, 35 ], [ -121, 35 ], [ -121, 35 ], [ -121, 35 ], [ -121, 35 ], [ -121, 35 ], [ -121, 35 ], [ -121, 35 ], [ -121, 35 ], [ -121, 35 ], [ -121, 35 ], [ -121, 35 ], [ -121, 35 ], [ -121, 35 ], [ -121, 35 ], [ -121, 35 ], [ -121, 35 ], [ -121, 35 ], [ -121, 35 ], [ -121, 35 ], [ -121, 35 ], [ -121, 35 ], [ -121, 35 ], [ -121, 35 ], [ -121, 35 ], [ -121, 35 ], [ -121, 35 ], [ -121, 35 ], [ -121, 35 ], [ -121, 35 ], [ -121, 35 ], [ -121, 35 ], [ -121, 35 ], [ -121, 35 ], [ -121, 35 ], [ -121, 35 ], [ -121, 35 ], [ -121, 35 ], [ -121, 35 ], [ -121, 35 ], [ -121, 35 ], [ -121, 35 ], [ -121, 35 ], [ -121, 35 ], [ -121, 35 ], [ -121, 35 ], [ -121, 35 ], [ -121, 35 ], [ -121, 35 ], [ -121, 35 ], [ -121, 35 ], [ -121, 35 ], [ -121, 35 ], [ -121, 35 ], [ -121, 35 ], [ -121, 35 ], [ -121, 35 ], [ -121, 35 ], [ -121, 35 ], [ -121, 35 ], [ -121, 35 ], [ -121, 35 ], [ -121, 35 ], [ -121, 35 ], [ -121, 35 ], [ -121, 35 ], [ -121, 35 ], [ -121, 35 ], [ -121, 35 ], [ -121, 35 ], [ -121, 35 ], [ -121, 35 ], [ -121, 35 ], [ -121, 35 ], [ -121, 35 ], [ -121, 35 ], [ -121, 35 ], [ -121, 35 ], [ -121, 35 ], [ -121, 35 ], [ -121, 35 ], [ -121, 35 ], [ -121, 35 ], [ -121, 35 ], [ -121, 35 ], [ -121, 35 ], [ -121, 35 ], [ -121, 35 ], [ -121, 35 ], [ -121, 35 ], [ -121, 35 ], [ -121, 35 ], [ -121, 35 ], [ -121, 35 ], [ -121, 35 ], [ -121, 35 ], [ -121, 35 ], [ -121, 35 ], [ -121, 35 ], [ -121, 35 ], [ -121, 35 ], [ -121, 35 ], [ -121, 35 ], [ -121, 35 ], [ -121, 35 ], [ -121, 35 ], [ -121, 35 ], [ -121, 35 ], [ -121, 35 ], [ -121, 35 ], [ -121, 35 ], [ -121, 35 ], [ -121, 35 ], [ -121, 35 ], [ -121, 35 ], [ -121, 35 ], [ -121, 35 ], [ -121, 35 ], [ -121, 35 ], [ -121, 35 ], [ -121, 35 ], [ -121, 35 ], [ -121, 35 ], [ -121, 35 ], [ -121, 35 ], [ -121, 35 ], [ -121, 35 ], [ -121, 35 ], [ -121, 35 ], [ -121, 35 ], [ -121, 35 ], [ -121, 35 ], [ -121, 35 ], [ -121, 35 ], [ -121, 35 ], [ -121, 35 ], [ -121, 35 ], [ -121, 35 ], [ -121, 35 ], [ -121, 35 ], [ -121, 35 ], [ -121, 35 ], [ -121, 35 ], [ -121, 35 ], [ -121, 35 ], [ -121, 35 ], [ -121, 35 ], [ -121, 35 ], [ -121, 35 ], [ -121, 35 ], [ -121, 35 ], [ -121, 35 ], [ -121, 35 ], [ -121, 35 ], [ -121, 35 ], [ -121, 35 ], [ -121, 35 ], [ -121, 35 ], [ -121, 35 ], [ -121, 35 ], [ -121, 35 ], [ -121, 35 ], [ -121, 35 ], [ -121, 35 ], [ -121, 35 ], [ -121, 35 ], [ -121, 35 ], [ -121, 35 ], [ -121, 35 ], [ -121, 35 ], [ -121, 35 ], [ -121, 35 ], [ -121, 35 ], [ -121, 35 ], [ -121, 35 ], [ -121, 35 ], [ -121, 35 ], [ -121, 35 ], [ -121, 35 ], [ -121, 35 ], [ -121, 35 ], [ -121, 35 ], [ -121, 35 ], [ -121, 35 ], [ -121, 35 ], [ -121, 35 ], [ -121, 35 ], [ -121, 35 ], [ -121, 35 ], [ -121, 35 ], [ -121, 35 ], [ -121, 35 ], [ -121, 35 ], [ -121, 35 ], [ -121, 35 ], [ -121, 35 ], [ -121, 35 ], [ -121, 35 ], [ -121, 35 ], [ -121, 35 ], [ -121, 35 ], [ -121, 35 ], [ -121, 35 ], [ -121, 35 ], [ -121, 35 ], [ -121, 35 ], [ -121, 35 ], [ -121, 35 ], [ -121, 35 ], [ -121, 35 ], [ -121, 35 ], [ -121, 35 ], [ -121, 35 ], [ -121, 35 ], [ -121, 35 ], [ -121, 35 ], [ -121, 35 ], [ -121, 35 ], [ -121, 35 ], [ -121, 35 ], [ -121, 35 ], [ -121, 35 ], [ -121, 35 ], [ -121, 35 ], [ -121, 35 ], [ -121, 35 ], [ -121, 35 ], [ -121, 35 ], [ -121, 35 ], [ -121, 35 ], [ -121, 35 ], [ -121, 35 ], [ -121, 35 ], [ -121, 35 ], [ -121, 35 ], [ -121, 35 ], [ -121, 35 ], [ -121, 35 ], [ -121, 35 ], [ -121, 35 ], [ -121, 35 ], [ -121, 35 ], [ -121, 35 ], [ -121, 35 ], [ -121, 35 ], [ -121, 35 ], [ -121, 35 ], [ -121, 35 ], [ -121, 35 ], [ -121, 35 ], [ -121, 35 ], [ -121, 35 ], [ -121, 35 ], [ -121, 35 ], [ -121, 35 ], [ -121, 35 ], [ -121, 35 ], [ -121, 35 ], [ -121, 35 ], [ -121, 35 ], [ -121, 35 ], [ -121, 35 ], [ -121, 35 ], [ -121, 35 ], [ -121, 35 ], [ -121, 35 ], [ -121, 35 ], [ -121, 35 ], [ -121, 35 ], [ -121, 35 ], [ -121, 35 ], [ -121, 35 ], [ -121, 35 ], [ -121, 35 ], [ -121, 35 ], [ -121, 35 ], [ -121, 35 ], [ -121, 35 ], [ -121, 35 ], [ -121, 35 ], [ -121, 35 ], [ -121, 35 ], [ -121, 35 ], [ -121, 35 ], [ -121, 35 ], [ -121, 35 ], [ -121, 35 ], [ -121, 35 ], [ -121, 35 ], [ -121, 35 ], [ -121, 35 ], [ -121, 35 ], [ -121, 35 ], [ -121, 35 ], [ -121, 35 ], [ -121, 35 ], [ -121, 35 ], [ -121, 35 ], [ -121, 35 ], [ -121, 35 ], [ -121, 35 ], [ -121, 35 ], [ -121, 35 ], [ -121, 35 ], [ -121, 35 ], [ -121, 35 ], [ -121, 35 ], [ -121, 35 ], [ -121, 35 ], [ -121, 35 ], [ -121, 35 ], [ -121, 35 ], [ -121, 35 ], [ -121, 35 ], [ -121, 35 ], [ -121, 35 ], [ -121, 35 ], [ -121, 35 ], [ -121, 35 ], [ -121, 35 ], [ -121, 35 ], [ -121, 35 ], [ -121, 35 ], [ -121, 35 ], [ -121, 35 ], [ -121, 35 ], [ -121, 35 ], [ -121, 35 ], [ -121, 35 ], [ -121, 35 ], [ -121, 35 ], [ -121, 35 ], [ -121, 35 ], [ -121, 35 ], [ -121, 35 ], [ -121, 35 ], [ -121, 35 ], [ -121, 35 ], [ -121, 35 ], [ -121, 35 ], [ -121, 35 ], [ -121, 35 ], [ -121, 35 ], [ -121, 35 ], [ -121, 35 ], [ -121, 35 ], [ -121, 35 ], [ -121, 35 ], [ -121, 35 ], [ -121, 35 ], [ -121, 35 ], [ -121, 35 ], [ -121, 35 ], [ -121, 35 ], [ -121, 35 ], [ -121, 35 ], [ -121, 35 ], [ -121, 35 ], [ -121, 35 ], [ -121, 35 ], [ -121, 35 ], [ -121, 35 ], [ -121, 35 ], [ -121, 35 ], [ -121, 35 ], [ -121, 35 ], [ -121, 35 ], [ -121, 35 ], [ -121, 35 ], [ -121, 35 ], [ -121, 35 ], [ -121, 35 ], [ -121, 35 ], [ -121, 35 ], [ -121, 35 ], [ -121, 35 ], [ -121, 35 ], [ -121, 35 ], [ -121, 35 ], [ -121, 35 ], [ -121, 35 ], [ -121, 35 ], [ -121, 35 ], [ -121, 35 ], [ -121, 35 ], [ -121, 35 ], [ -121, 35 ], [ -121, 35 ], [ -121, 35 ], [ -121, 35 ], [ -121, 35 ], [ -121, 35 ], [ -121, 35 ], [ -121, 35 ], [ -121, 35 ], [ -121, 35 ], [ -121, 35 ], [ -121, 35 ], [ -121, 35 ], [ -121, 35 ], [ -121, 35 ], [ -121, 35 ], [ -121, 35 ], [ -121, 35 ], [ -121, 35 ], [ -121, 35 ], [ -121, 35 ], [ -121, 35 ], [ -121, 35 ], [ -121, 35 ], [ -121, 35 ], [ -121, 35 ], [ -121, 35 ], [ -121, 35 ], [ -121, 35 ], [ -121, 35 ], [ -121, 35 ], [ -121, 35 ], [ -121, 35 ], [ -121, 35 ], [ -121, 35 ], [ -121, 35 ], [ -121, 35 ], [ -121, 35 ], [ -121, 35 ], [ -121, 35 ], [ -121, 35 ], [ -121, 35 ], [ -121, 35 ], [ -121, 35 ], [ -121, 35 ], [ -121, 35 ], [ -121, 35 ], [ -121, 35 ], [ -121, 35 ], [ -121, 35 ], [ -121, 35 ], [ -121, 35 ], [ -121, 35 ], [ -121, 35 ], [ -121, 35 ], [ -121, 35 ], [ -121, 35 ], [ -121, 35 ], [ -121, 35 ], [ -121, 35 ], [ -121, 35 ], [ -121, 35 ], [ -121, 35 ], [ -121, 35 ], [ -121, 35 ], [ -121, 35 ], [ -121, 35 ], [ -121, 35 ], [ -121, 35 ], [ -121, 35 ], [ -121, 35 ], [ -121, 35 ], [ -121, 35 ], [ -121, 35 ], [ -121, 35 ], [ -121, 35 ], [ -121, 35 ], [ -121, 35 ], [ -121, 35 ], [ -121, 35 ], [ -121, 35 ], [ -121, 35 ], [ -121, 35 ], [ -121, 35 ], [ -121, 35 ], [ -121, 35 ], [ -121, 35 ], [ -121, 35 ], [ -121, 35 ], [ -121, 35 ], [ -121, 35 ], [ -121, 35 ], [ -121, 35 ], [ -121, 35 ], [ -121, 35 ], [ -121, 35 ], [ -121, 35 ], [ -121, 35 ], [ -121, 35 ], [ -121, 35 ], [ -121, 35 ], [ -121, 35 ], [ -121, 35 ], [ -121, 35 ], [ -121, 35 ], [ -121, 35 ], [ -121, 35 ], [ -121, 35 ], [ -121, 35 ], [ -121, 35 ], [ -121, 35 ], [ -121, 35 ], [ -121, 35 ], [ -121, 35 ], [ -121, 35 ], [ -121, 35 ], [ -121, 35 ], [ -121, 35 ], [ -121, 35 ], [ -121, 35 ], [ -121, 35 ], [ -121, 35 ], [ -121, 35 ], [ -121, 35 ], [ -121, 35 ], [ -121, 35 ], [ -121, 35 ], [ -121, 35 ], [ -121, 35 ], [ -121, 35 ], [ -121, 35 ], [ -121, 35 ], [ -121, 35 ], [ -121, 35 ], [ -121, 35 ], [ -121, 35 ], [ -121, 35 ], [ -121, 35 ], [ -121, 35 ], [ -121, 35 ], [ -121, 35 ], [ -121, 35 ], [ -121, 35 ], [ -121, 35 ], [ -121, 35 ], [ -121, 35 ], [ -121, 35 ], [ -121, 35 ], [ -121, 35 ], [ -121, 35 ], [ -121, 35 ], [ -121, 35 ], [ -121, 35 ], [ -121, 35 ], [ -121, 35 ], [ -121, 35 ], [ -121, 35 ], [ -121, 35 ], [ -121, 35 ], [ -121, 35 ], [ -121, 35 ], [ -121, 35 ], [ -121, 35 ], [ -121, 35 ], [ -121, 35 ], [ -121, 35 ], [ -121, 35 ], [ -121, 35 ], [ -121, 35 ], [ -121, 35 ], [ -121, 35 ], [ -121, 35 ], [ -121, 35 ], [ -121, 35 ], [ -121, 35 ], [ -121, 35 ], [ -121, 35 ], [ -121, 35 ], [ -121, 35 ], [ -121, 35 ], [ -121, 35 ], [ -121, 35 ], [ -121, 35 ], [ -121, 35 ], [ -121, 35 ], [ -121, 35 ], [ -121, 35 ], [ -121, 35 ], [ -121, 35 ], [ -121, 35 ], [ -121, 35 ], [ -121, 35 ], [ -121, 35 ], [ -121, 35 ], [ -121, 35 ], [ -121, 35 ], [ -121, 35 ], [ -121, 35 ], [ -121, 35 ], [ -121, 35 ], [ -121, 35 ], [ -121, 35 ], [ -121, 35 ], [ -121, 35 ], [ -121, 35 ], [ -121, 35 ], [ -121, 35 ], [ -121, 35 ], [ -121, 35 ], [ -121, 35 ], [ -121, 35 ], [ -121, 35 ], [ -121, 35 ], [ -121, 35 ], [ -121, 35 ], [ -121, 35 ], [ -121, 35 ], [ -121, 35 ], [ -121, 35 ], [ -121, 35 ], [ -121, 35 ], [ -121, 35 ], [ -121, 35 ], [ -121, 35 ], [ -121, 35 ], [ -121, 35 ], [ -121, 35 ], [ -121, 35 ], [ -121, 35 ], [ -121, 35 ], [ -121, 35 ], [ -121, 35 ], [ -121, 35 ], [ -121, 35 ], [ -121, 35 ], [ -121, 35 ], [ -121, 35 ], [ -121, 35 ], [ -121, 35 ], [ -121, 35 ], [ -121, 35 ], [ -121, 35 ], [ -121, 35 ], [ -121, 35 ], [ -121, 35 ], [ -121, 35 ], [ -121, 35 ], [ -121, 35 ], [ -121, 35 ], [ -121, 35 ], [ -121, 35 ], [ -121, 35 ], [ -121, 35 ], [ -121, 35 ], [ -121, 35 ], [ -121, 35 ], [ -121, 35 ], [ -121, 35 ], [ -121, 35 ], [ -121, 35 ], [ -121, 35 ], [ -121, 35 ], [ -121, 35 ], [ -121, 35 ], [ -121, 35 ], [ -121, 35 ], [ -121, 35 ], [ -121, 35 ], [ -121, 35 ], [ -121, 35 ], [ -121, 35 ], [ -121, 35 ], [ -121, 35 ], [ -121, 35 ], [ -121, 35 ], [ -121, 35 ], [ -121, 35 ], [ -121, 35 ], [ -121, 35 ], [ -121, 35 ], [ -121, 35 ], [ -121, 35 ], [ -121, 35 ], [ -121, 35 ], [ -121, 35 ], [ -121, 35 ], [ -121, 35 ], [ -121, 35 ], [ -121, 35 ], [ -121, 35 ], [ -121, 35 ], [ -121, 35 ], [ -121, 35 ], [ -121, 35 ], [ -121, 35 ], [ -121, 35 ], [ -121, 35 ], [ -121, 35 ], [ -121, 35 ], [ -121, 35 ], [ -121, 35 ], [ -121, 35 ], [ -121, 35 ], [ -121, 35 ], [ -121, 35 ], [ -121, 35 ], [ -121, 35 ], [ -121, 35 ], [ -121, 35 ], [ -121, 35 ], [ -121, 35 ], [ -121, 35 ], [ -121, 35 ], [ -121, 35 ], [ -121, 35 ], [ -121, 35 ], [ -121, 35 ], [ -121, 35 ], [ -121, 35 ], [ -121, 35 ], [ -121, 35 ], [ -121, 35 ], [ -121, 35 ], [ -121, 35 ], [ -121, 35 ], [ -121, 35 ], [ -121, 35 ], [ -121, 35 ], [ -121, 35 ], [ -121, 35 ], [ -121, 35 ], [ -121, 35 ], [ -121, 35 ], [ -121, 35 ], [ -121, 35 ], [ -121, 35 ], [ -121, 35 ], [ -121, 35 ], [ -121, 35 ], [ -121, 35 ], [ -121, 35 ], [ -121, 35 ], [ -121, 35 ], [ -121, 35 ], [ -121, 35 ], [ -121, 35 ], [ -121, 35 ], [ -121, 35 ], [ -121, 35 ], [ -121, 35 ], [ -121, 35 ], [ -121, 35 ], [ -121, 35 ], [ -121, 35 ], [ -121, 35 ], [ -121, 35 ], [ -121, 35 ], [ -121, 35 ], [ -121, 35 ], [ -121, 35 ], [ -121, 35 ], [ -121, 35 ], [ -121, 35 ], [ -121, 35 ], [ -121, 35 ], [ -121, 35 ], [ -121, 35 ], [ -121, 35 ], [ -121, 35 ], [ -121, 35 ], [ -121, 35 ], [ -121, 35 ], [ -121, 35 ], [ -121, 35 ], [ -121, 35 ], [ -121, 35 ], [ -121, 35 ], [ -121, 35 ], [ -121, 35 ], [ -121, 35 ], [ -121, 35 ], [ -121, 35 ], [ -121, 35 ], [ -121, 35 ], [ -121, 35 ], [ -121, 35 ], [ -121, 35 ], [ -121, 35 ], [ -121, 35 ], [ -121, 35 ], [ -121, 35 ], [ -121, 35 ], [ -121, 35 ], [ -121, 35 ], [ -121, 35 ], [ -121, 35 ], [ -121, 35 ], [ -121, 35 ], [ -121, 35 ], [ -121, 35 ], [ -121, 35 ], [ -121, 35 ], [ -121, 35 ], [ -121, 35 ], [ -121, 35 ], [ -121, 35 ], [ -121, 35 ], [ -121, 35 ], [ -121, 35 ], [ -121, 35 ], [ -121, 35 ], [ -121, 35 ], [ -121, 35 ], [ -121, 35 ], [ -121, 35 ], [ -121, 35 ], [ -121, 35 ], [ -121, 35 ], [ -121, 35 ], [ -121, 35 ], [ -121, 35 ], [ -121, 35 ], [ -121, 35 ], [ -121, 35 ], [ -121, 35 ], [ -121, 35 ], [ -121, 35 ], [ -121, 35 ], [ -121, 35 ], [ -121, 35 ], [ -121, 35 ], [ -121, 35 ], [ -121, 35 ], [ -121, 35 ], [ -121, 35 ], [ -121, 35 ], [ -121, 35 ], [ -121, 35 ], [ -121, 35 ], [ -121, 35 ], [ -121, 35 ], [ -121, 35 ], [ -121, 35 ], [ -121, 35 ], [ -121, 35 ], [ -121, 35 ], [ -121, 35 ], [ -121, 35 ], [ -121, 35 ], [ -121, 35 ], [ -121, 35 ], [ -121, 35 ], [ -121, 35 ], [ -121, 35 ], [ -121, 35 ], [ -121, 35 ], [ -121, 35 ], [ -121, 35 ], [ -121, 35 ], [ -121, 35 ], [ -121, 35 ], [ -121, 35 ], [ -121, 35 ], [ -121, 35 ], [ -121, 35 ], [ -121, 35 ], [ -121, 35 ], [ -121, 35 ], [ -121, 35 ], [ -121, 35 ], [ -121, 35 ], [ -121, 35 ], [ -121, 35 ], [ -121, 35 ], [ -121, 35 ], [ -121, 35 ], [ -121, 35 ], [ -121, 35 ], [ -121, 35 ], [ -121, 35 ], [ -121, 35 ], [ -121, 35 ], [ -121, 35 ], [ -121, 35 ], [ -121, 35 ], [ -121, 35 ], [ -121, 35 ], [ -121, 35 ], [ -121, 35 ], [ -121, 35 ], [ -121, 35 ], [ -121, 35 ], [ -121, 35 ], [ -121, 35 ], [ -121, 35 ], [ -121, 35 ], [ -121, 35 ], [ -121, 35 ], [ -121, 35 ], [ -121, 35 ], [ -121, 35 ], [ -121, 35 ], [ -121, 35 ], [ -121, 35 ], [ -121, 35 ], [ -121, 35 ], [ -121, 35 ], [ -121, 35 ], [ -121, 35 ], [ -121, 35 ], [ -121, 35 ], [ -121, 35 ], [ -121, 35 ], [ -121, 35 ], [ -121, 35 ], [ -121, 35 ], [ -121, 35 ], [ -121, 35 ], [ -121, 35 ], [ -121, 35 ], [ -121, 35 ], [ -121, 35 ], [ -121, 35 ], [ -121, 35 ], [ -121, 36 ], [ -121, 36 ], [ -121, 35 ], [ -121, 36 ], [ -121, 36 ], [ -121, 36 ], [ -121, 36 ], [ -121, 36 ], [ -121, 36 ], [ -121, 36 ], [ -121, 36 ], [ -121, 36 ], [ -121, 36 ], [ -121, 36 ], [ -121, 36 ], [ -121, 36 ], [ -121, 36 ], [ -121, 36 ], [ -121, 36 ], [ -121, 36 ], [ -121, 36 ], [ -121, 36 ], [ -121, 36 ], [ -121, 36 ], [ -121, 36 ], [ -121, 36 ], [ -121, 36 ], [ -121, 36 ], [ -121, 36 ], [ -121, 36 ], [ -121, 36 ], [ -121, 36 ], [ -121, 36 ], [ -121, 36 ], [ -121, 36 ], [ -121, 36 ], [ -121, 36 ], [ -121, 36 ], [ -121, 36 ], [ -121, 36 ], [ -121, 36 ], [ -121, 36 ], [ -121, 36 ], [ -121, 36 ], [ -121, 36 ], [ -121, 36 ], [ -121, 36 ], [ -121, 36 ], [ -121, 36 ], [ -121, 36 ], [ -121, 36 ], [ -121, 36 ], [ -121, 36 ], [ -121, 36 ], [ -121, 36 ], [ -121, 36 ], [ -121, 36 ], [ -121, 36 ], [ -121, 36 ], [ -121, 36 ], [ -121, 36 ], [ -121, 36 ], [ -121, 36 ], [ -121, 36 ], [ -121, 36 ], [ -121, 36 ], [ -121, 36 ], [ -121, 36 ], [ -121, 36 ], [ -121, 36 ], [ -121, 36 ], [ -121, 36 ], [ -121, 36 ], [ -121, 36 ], [ -121, 36 ], [ -121, 36 ], [ -121, 36 ], [ -121, 36 ], [ -121, 36 ], [ -121, 36 ], [ -121, 36 ], [ -121, 36 ], [ -121, 36 ], [ -121, 36 ], [ -121, 36 ], [ -121, 36 ], [ -121, 36 ], [ -121, 36 ], [ -121, 36 ], [ -121, 36 ], [ -121, 36 ], [ -121, 36 ], [ -121, 36 ], [ -121, 36 ], [ -121, 36 ], [ -121, 36 ], [ -121, 36 ], [ -121, 36 ], [ -121, 36 ], [ -121, 36 ], [ -121, 36 ], [ -121, 36 ], [ -121, 36 ], [ -121, 36 ], [ -121, 36 ], [ -121, 36 ], [ -121, 36 ], [ -121, 36 ], [ -121, 36 ], [ -121, 36 ], [ -121, 36 ], [ -121, 36 ], [ -121, 36 ], [ -121, 36 ], [ -121, 36 ], [ -121, 36 ], [ -121, 36 ], [ -121, 36 ], [ -121, 36 ], [ -121, 36 ], [ -121, 36 ], [ -121, 36 ], [ -121, 36 ], [ -121, 36 ], [ -121, 36 ], [ -121, 36 ], [ -121, 36 ], [ -121, 36 ], [ -121, 36 ], [ -121, 36 ], [ -121, 36 ], [ -121, 36 ], [ -121, 36 ], [ -121, 36 ], [ -121, 36 ], [ -121, 36 ], [ -121, 36 ], [ -121, 36 ], [ -121, 36 ], [ -121, 36 ], [ -121, 36 ], [ -121, 36 ], [ -121, 36 ], [ -121, 36 ], [ -121, 36 ], [ -121, 36 ], [ -121, 36 ], [ -121, 36 ], [ -121, 36 ], [ -121, 36 ], [ -121, 36 ], [ -121, 36 ], [ -121, 36 ], [ -121, 36 ], [ -121, 36 ], [ -121, 36 ], [ -121, 36 ], [ -121, 36 ], [ -121, 36 ], [ -121, 36 ], [ -121, 36 ], [ -121, 36 ], [ -121, 36 ], [ -121, 36 ], [ -121, 36 ], [ -121, 36 ], [ -121, 36 ], [ -121, 36 ], [ -121, 36 ], [ -121, 36 ], [ -121, 36 ], [ -121, 36 ], [ -121, 36 ], [ -121, 36 ], [ -121, 36 ], [ -121, 36 ], [ -121, 36 ], [ -121, 36 ], [ -121, 36 ], [ -121, 36 ], [ -121, 36 ], [ -121, 36 ], [ -121, 36 ], [ -121, 36 ], [ -121, 36 ], [ -121, 36 ], [ -121, 36 ], [ -121, 36 ], [ -121, 36 ], [ -121, 36 ], [ -121, 36 ], [ -121, 36 ], [ -121, 36 ], [ -121, 36 ], [ -121, 36 ], [ -121, 36 ], [ -121, 36 ], [ -121, 36 ], [ -121, 36 ], [ -121, 36 ], [ -121, 36 ], [ -121, 36 ], [ -121, 36 ], [ -121, 36 ], [ -121, 36 ], [ -121, 36 ], [ -121, 36 ], [ -121, 36 ], [ -121, 36 ], [ -121, 36 ], [ -121, 36 ], [ -121, 36 ], [ -121, 36 ], [ -121, 36 ], [ -121, 36 ], [ -121, 36 ], [ -121, 36 ], [ -121, 36 ], [ -121, 36 ], [ -121, 36 ], [ -121, 36 ], [ -121, 36 ], [ -121, 36 ], [ -121, 36 ], [ -121, 36 ], [ -121, 36 ], [ -121, 36 ], [ -121, 36 ], [ -121, 36 ], [ -121, 36 ], [ -121, 36 ], [ -121, 36 ], [ -121, 36 ], [ -121, 36 ], [ -121, 36 ], [ -121, 36 ], [ -121, 36 ], [ -121, 36 ], [ -121, 36 ], [ -121, 36 ], [ -121, 36 ], [ -121, 36 ], [ -121, 36 ], [ -121, 36 ], [ -121, 36 ], [ -121, 36 ], [ -121, 36 ], [ -121, 36 ], [ -121, 36 ], [ -121, 36 ], [ -121, 36 ], [ -121, 36 ], [ -121, 36 ], [ -121, 36 ], [ -121, 36 ], [ -121, 36 ], [ -121, 36 ], [ -121, 36 ], [ -121, 36 ], [ -121, 36 ], [ -121, 36 ], [ -121, 36 ], [ -121, 36 ], [ -121, 36 ], [ -121, 36 ], [ -121, 36 ], [ -121, 36 ], [ -121, 36 ], [ -121, 36 ], [ -121, 36 ], [ -121, 36 ], [ -121, 36 ], [ -121, 36 ], [ -121, 36 ], [ -121, 36 ], [ -121, 36 ], [ -121, 36 ], [ -121, 36 ], [ -121, 36 ], [ -121, 36 ], [ -121, 36 ], [ -121, 36 ], [ -121, 36 ], [ -121, 36 ], [ -121, 36 ], [ -121, 36 ], [ -121, 36 ], [ -121, 36 ], [ -121, 36 ], [ -121, 36 ], [ -121, 36 ], [ -121, 36 ], [ -121, 36 ], [ -121, 36 ], [ -121, 36 ], [ -121, 36 ], [ -121, 36 ], [ -121, 36 ], [ -121, 36 ], [ -121, 36 ], [ -121, 36 ], [ -121, 36 ], [ -121, 36 ], [ -121, 36 ], [ -121, 36 ], [ -121, 36 ], [ -121, 36 ], [ -121, 36 ], [ -121, 36 ], [ -121, 36 ], [ -121, 36 ], [ -121, 36 ], [ -121, 36 ], [ -121, 36 ], [ -121, 36 ], [ -121, 36 ], [ -121, 36 ], [ -121, 36 ], [ -121, 36 ], [ -121, 36 ], [ -121, 36 ], [ -121, 36 ], [ -121, 36 ], [ -121, 36 ], [ -121, 36 ], [ -121, 36 ], [ -121, 36 ], [ -121, 36 ], [ -121, 36 ], [ -121, 36 ], [ -121, 36 ], [ -121, 36 ], [ -121, 36 ], [ -121, 36 ], [ -121, 36 ], [ -121, 36 ], [ -121, 36 ], [ -121, 36 ], [ -121, 36 ], [ -121, 36 ], [ -121, 36 ], [ -121, 36 ], [ -121, 36 ], [ -121, 36 ], [ -121, 36 ], [ -121, 36 ], [ -121, 36 ], [ -121, 36 ], [ -121, 36 ], [ -121, 36 ], [ -121, 36 ], [ -121, 36 ], [ -121, 36 ], [ -121, 36 ], [ -121, 36 ], [ -121, 36 ], [ -121, 36 ], [ -121, 36 ], [ -121, 36 ], [ -121, 36 ], [ -121, 36 ], [ -121, 36 ], [ -121, 36 ], [ -121, 36 ], [ -121, 36 ], [ -121, 36 ], [ -121, 36 ], [ -121, 36 ], [ -121, 36 ], [ -121, 36 ], [ -121, 36 ], [ -121, 36 ], [ -121, 36 ], [ -121, 36 ], [ -121, 36 ], [ -121, 36 ], [ -121, 36 ], [ -121, 36 ], [ -121, 36 ], [ -121, 36 ], [ -121, 36 ], [ -121, 36 ], [ -121, 36 ], [ -121, 36 ], [ -121, 36 ], [ -121, 36 ], [ -121, 36 ], [ -121, 36 ], [ -121, 36 ], [ -121, 36 ], [ -121, 36 ], [ -121, 36 ], [ -121, 36 ], [ -121, 36 ], [ -121, 36 ], [ -121, 36 ], [ -121, 36 ], [ -121, 36 ], [ -121, 36 ], [ -121, 36 ], [ -121, 36 ], [ -121, 36 ], [ -121, 36 ], [ -121, 36 ], [ -121, 36 ], [ -121, 36 ], [ -121, 36 ], [ -121, 36 ], [ -121, 36 ], [ -121, 36 ], [ -121, 36 ], [ -121, 36 ], [ -121, 36 ], [ -121, 36 ], [ -121, 36 ], [ -121, 36 ], [ -121, 36 ], [ -121, 36 ], [ -121, 36 ], [ -121, 36 ], [ -121, 36 ], [ -121, 36 ], [ -121, 36 ], [ -121, 36 ], [ -121, 36 ], [ -121, 36 ], [ -121, 36 ], [ -121, 36 ], [ -121, 36 ], [ -121, 36 ], [ -121, 36 ], [ -121, 36 ], [ -121, 36 ], [ -121, 36 ], [ -121, 36 ], [ -121, 36 ], [ -121, 36 ], [ -121, 36 ], [ -121, 36 ], [ -121, 36 ], [ -121, 36 ], [ -121, 36 ], [ -121, 36 ], [ -121, 36 ], [ -121, 36 ], [ -121, 36 ], [ -121, 36 ], [ -121, 36 ], [ -121, 36 ], [ -121, 36 ], [ -121, 36 ], [ -121, 36 ], [ -121, 36 ], [ -121, 36 ], [ -121, 36 ], [ -121, 36 ], [ -121, 36 ], [ -121, 36 ], [ -121, 36 ], [ -122, 36 ], [ -122, 36 ], [ -122, 36 ], [ -122, 36 ], [ -122, 36 ], [ -122, 36 ], [ -122, 36 ], [ -122, 36 ], [ -122, 36 ], [ -122, 36 ], [ -122, 36 ], [ -122, 36 ], [ -122, 36 ], [ -122, 36 ], [ -122, 36 ], [ -122, 36 ], [ -122, 36 ], [ -122, 36 ], [ -122, 36 ], [ -122, 36 ], [ -122, 36 ], [ -122, 36 ], [ -122, 36 ], [ -122, 36 ], [ -122, 36 ], [ -122, 36 ], [ -122, 36 ], [ -122, 36 ], [ -122, 36 ], [ -122, 36 ], [ -122, 36 ], [ -122, 36 ], [ -122, 36 ], [ -122, 36 ], [ -122, 36 ], [ -122, 36 ], [ -122, 36 ], [ -122, 36 ], [ -122, 36 ], [ -122, 36 ], [ -122, 36 ], [ -122, 36 ], [ -122, 36 ], [ -122, 36 ], [ -122, 36 ], [ -122, 36 ], [ -122, 36 ], [ -122, 36 ], [ -122, 36 ], [ -122, 36 ], [ -122, 36 ], [ -122, 36 ], [ -122, 36 ], [ -122, 36 ], [ -122, 36 ], [ -122, 36 ], [ -122, 36 ], [ -122, 36 ], [ -122, 36 ], [ -122, 36 ], [ -122, 36 ], [ -122, 36 ], [ -122, 36 ], [ -122, 36 ], [ -122, 36 ], [ -122, 36 ], [ -122, 36 ], [ -122, 36 ], [ -122, 36 ], [ -122, 36 ], [ -122, 36 ], [ -122, 36 ], [ -122, 36 ], [ -122, 36 ], [ -122, 36 ], [ -122, 36 ], [ -122, 36 ], [ -122, 36 ], [ -122, 36 ], [ -122, 36 ], [ -122, 36 ], [ -122, 36 ], [ -122, 36 ], [ -122, 36 ], [ -122, 36 ], [ -122, 36 ], [ -122, 36 ], [ -122, 36 ], [ -122, 36 ], [ -122, 36 ], [ -122, 36 ], [ -122, 36 ], [ -122, 36 ], [ -122, 36 ], [ -122, 36 ], [ -122, 36 ], [ -122, 36 ], [ -122, 36 ], [ -122, 36 ], [ -122, 36 ], [ -122, 36 ], [ -122, 36 ], [ -122, 36 ], [ -122, 36 ], [ -122, 36 ], [ -122, 36 ], [ -122, 36 ], [ -122, 36 ], [ -122, 36 ], [ -122, 36 ], [ -122, 36 ], [ -122, 36 ], [ -122, 36 ], [ -122, 36 ], [ -122, 36 ], [ -122, 36 ], [ -122, 36 ], [ -122, 36 ], [ -122, 36 ], [ -122, 36 ], [ -122, 36 ], [ -122, 36 ], [ -122, 36 ], [ -122, 36 ], [ -122, 36 ], [ -122, 36 ], [ -122, 36 ], [ -122, 36 ], [ -122, 36 ], [ -122, 36 ], [ -122, 36 ], [ -122, 36 ], [ -122, 36 ], [ -122, 36 ], [ -122, 36 ], [ -122, 36 ], [ -122, 36 ], [ -122, 36 ], [ -122, 36 ], [ -122, 36 ], [ -122, 36 ], [ -122, 36 ], [ -122, 36 ], [ -122, 36 ], [ -122, 36 ], [ -122, 36 ], [ -122, 36 ], [ -122, 36 ], [ -122, 36 ], [ -122, 36 ], [ -122, 36 ], [ -122, 36 ], [ -122, 36 ], [ -122, 36 ], [ -122, 36 ], [ -122, 36 ], [ -122, 36 ], [ -122, 36 ], [ -122, 36 ], [ -122, 36 ], [ -122, 36 ], [ -122, 36 ], [ -122, 36 ], [ -122, 36 ], [ -122, 36 ], [ -122, 36 ], [ -122, 36 ], [ -122, 36 ], [ -122, 36 ], [ -122, 36 ], [ -122, 36 ], [ -122, 36 ], [ -122, 36 ], [ -122, 36 ], [ -122, 36 ], [ -122, 36 ], [ -122, 36 ], [ -122, 36 ], [ -122, 36 ], [ -122, 36 ], [ -122, 36 ], [ -122, 36 ], [ -122, 36 ], [ -122, 36 ], [ -122, 36 ], [ -122, 36 ], [ -122, 36 ], [ -122, 36 ], [ -122, 36 ], [ -122, 36 ], [ -122, 36 ], [ -122, 36 ], [ -122, 36 ], [ -122, 36 ], [ -122, 36 ], [ -122, 36 ], [ -122, 36 ], [ -122, 36 ], [ -122, 36 ], [ -122, 36 ], [ -122, 36 ], [ -122, 36 ], [ -122, 36 ], [ -122, 36 ], [ -122, 36 ], [ -122, 36 ], [ -122, 36 ], [ -122, 36 ], [ -122, 36 ], [ -122, 36 ], [ -122, 36 ], [ -122, 36 ], [ -122, 36 ], [ -122, 36 ], [ -122, 36 ], [ -122, 36 ], [ -122, 36 ], [ -122, 36 ], [ -122, 36 ], [ -122, 36 ], [ -122, 36 ], [ -122, 36 ], [ -122, 36 ], [ -122, 36 ], [ -122, 36 ], [ -122, 36 ], [ -122, 36 ], [ -122, 36 ], [ -122, 36 ], [ -122, 36 ], [ -122, 36 ], [ -122, 36 ], [ -122, 36 ], [ -122, 36 ], [ -122, 36 ], [ -122, 36 ], [ -122, 36 ], [ -122, 36 ], [ -122, 36 ], [ -122, 36 ], [ -122, 36 ], [ -122, 36 ], [ -122, 36 ], [ -122, 36 ], [ -122, 36 ], [ -122, 36 ], [ -122, 36 ], [ -122, 36 ], [ -122, 36 ], [ -122, 36 ], [ -122, 36 ], [ -122, 36 ], [ -122, 36 ], [ -122, 36 ], [ -122, 36 ], [ -122, 36 ], [ -122, 36 ], [ -122, 36 ], [ -122, 36 ], [ -122, 36 ], [ -122, 36 ], [ -122, 36 ], [ -122, 36 ], [ -122, 36 ], [ -122, 36 ], [ -122, 36 ], [ -122, 36 ], [ -122, 36 ], [ -122, 36 ], [ -122, 36 ], [ -122, 36 ], [ -122, 36 ], [ -122, 36 ], [ -122, 36 ], [ -122, 36 ], [ -122, 36 ], [ -122, 36 ], [ -122, 36 ], [ -122, 36 ], [ -122, 36 ], [ -122, 36 ], [ -122, 36 ], [ -122, 36 ], [ -122, 36 ], [ -122, 36 ], [ -122, 36 ], [ -122, 36 ], [ -122, 36 ], [ -122, 36 ], [ -122, 36 ], [ -122, 36 ], [ -122, 36 ], [ -122, 36 ], [ -122, 36 ], [ -122, 36 ], [ -122, 36 ], [ -122, 36 ], [ -122, 36 ], [ -122, 36 ], [ -122, 36 ], [ -122, 36 ], [ -122, 36 ], [ -122, 36 ], [ -122, 36 ], [ -122, 36 ], [ -122, 36 ], [ -122, 36 ], [ -122, 36 ], [ -122, 36 ], [ -122, 36 ], [ -122, 36 ], [ -122, 36 ], [ -122, 36 ], [ -122, 36 ], [ -122, 36 ], [ -122, 36 ], [ -122, 36 ], [ -122, 36 ], [ -122, 36 ], [ -122, 36 ], [ -122, 36 ], [ -122, 36 ], [ -122, 36 ], [ -122, 36 ], [ -122, 36 ], [ -122, 36 ], [ -122, 36 ], [ -122, 36 ], [ -122, 36 ], [ -122, 36 ], [ -122, 36 ], [ -122, 36 ], [ -122, 36 ], [ -122, 36 ], [ -122, 36 ], [ -122, 36 ], [ -122, 36 ], [ -122, 36 ], [ -122, 36 ], [ -122, 36 ], [ -122, 36 ], [ -122, 36 ], [ -122, 36 ], [ -122, 36 ], [ -122, 36 ], [ -122, 36 ], [ -122, 36 ], [ -122, 36 ], [ -122, 36 ], [ -122, 36 ], [ -122, 36 ], [ -122, 36 ], [ -122, 36 ], [ -122, 36 ], [ -122, 36 ], [ -122, 36 ], [ -122, 36 ], [ -122, 36 ], [ -122, 36 ], [ -122, 36 ], [ -122, 36 ], [ -122, 36 ], [ -122, 36 ], [ -122, 36 ], [ -122, 36 ], [ -122, 36 ], [ -122, 36 ], [ -122, 36 ], [ -122, 36 ], [ -122, 36 ], [ -122, 36 ], [ -122, 36 ], [ -122, 36 ], [ -122, 36 ], [ -122, 36 ], [ -122, 36 ], [ -122, 36 ], [ -122, 36 ], [ -122, 36 ], [ -122, 36 ], [ -122, 36 ], [ -122, 36 ], [ -122, 36 ], [ -122, 36 ], [ -122, 36 ], [ -122, 36 ], [ -122, 36 ], [ -122, 36 ], [ -122, 36 ], [ -122, 36 ], [ -122, 36 ], [ -122, 36 ], [ -122, 36 ], [ -122, 36 ], [ -122, 36 ], [ -122, 36 ], [ -122, 36 ], [ -122, 36 ], [ -122, 36 ], [ -122, 36 ], [ -122, 36 ], [ -122, 36 ], [ -122, 36 ], [ -122, 36 ], [ -122, 36 ], [ -122, 36 ], [ -122, 36 ], [ -122, 36 ], [ -122, 36 ], [ -122, 36 ], [ -122, 36 ], [ -122, 36 ], [ -122, 36 ], [ -122, 36 ], [ -122, 36 ], [ -122, 36 ], [ -122, 36 ], [ -122, 36 ], [ -122, 36 ], [ -122, 36 ], [ -122, 36 ], [ -122, 36 ], [ -122, 36 ], [ -122, 36 ], [ -122, 36 ], [ -122, 36 ], [ -122, 36 ], [ -122, 36 ], [ -122, 36 ], [ -122, 36 ], [ -122, 36 ], [ -122, 36 ], [ -122, 36 ], [ -122, 36 ], [ -122, 36 ], [ -122, 36 ], [ -122, 36 ], [ -122, 36 ], [ -122, 36 ], [ -122, 36 ], [ -122, 36 ], [ -122, 36 ], [ -122, 36 ], [ -122, 36 ], [ -122, 36 ], [ -122, 36 ], [ -122, 36 ], [ -122, 36 ], [ -122, 36 ], [ -122, 36 ], [ -122, 36 ], [ -122, 36 ], [ -122, 36 ], [ -122, 36 ], [ -122, 36 ], [ -122, 36 ], [ -122, 36 ], [ -122, 36 ], [ -122, 36 ], [ -122, 36 ], [ -122, 36 ], [ -122, 36 ], [ -122, 36 ], [ -122, 36 ], [ -122, 36 ], [ -122, 36 ], [ -122, 36 ], [ -122, 36 ], [ -122, 36 ], [ -122, 36 ], [ -122, 36 ], [ -122, 36 ], [ -122, 36 ], [ -122, 36 ], [ -122, 36 ], [ -122, 36 ], [ -122, 36 ], [ -122, 36 ], [ -122, 36 ], [ -122, 36 ], [ -122, 36 ], [ -122, 36 ], [ -122, 36 ], [ -122, 36 ], [ -122, 36 ], [ -122, 36 ], [ -122, 36 ], [ -122, 36 ], [ -122, 36 ], [ -122, 36 ], [ -122, 36 ], [ -122, 36 ], [ -122, 36 ], [ -122, 36 ], [ -122, 36 ], [ -122, 36 ], [ -122, 36 ], [ -122, 36 ], [ -122, 36 ], [ -122, 36 ], [ -122, 36 ], [ -122, 36 ], [ -122, 36 ], [ -122, 36 ], [ -122, 36 ], [ -122, 36 ], [ -122, 36 ], [ -122, 36 ], [ -122, 36 ], [ -122, 36 ], [ -122, 36 ], [ -122, 36 ], [ -122, 36 ], [ -122, 36 ], [ -122, 36 ], [ -122, 36 ], [ -122, 36 ], [ -122, 36 ], [ -122, 36 ], [ -122, 36 ], [ -122, 36 ], [ -122, 36 ], [ -122, 36 ], [ -122, 36 ], [ -122, 36 ], [ -122, 36 ], [ -122, 36 ], [ -122, 36 ], [ -122, 36 ], [ -122, 36 ], [ -122, 36 ], [ -122, 36 ], [ -122, 36 ], [ -122, 36 ], [ -122, 36 ], [ -122, 36 ], [ -122, 36 ], [ -122, 36 ], [ -122, 36 ], [ -122, 36 ], [ -122, 36 ], [ -122, 36 ], [ -122, 36 ], [ -122, 36 ], [ -122, 36 ], [ -122, 36 ], [ -122, 36 ], [ -122, 36 ], [ -122, 36 ], [ -122, 36 ], [ -122, 36 ], [ -122, 36 ], [ -122, 36 ], [ -122, 36 ], [ -122, 36 ], [ -122, 36 ], [ -122, 36 ], [ -122, 36 ], [ -122, 36 ], [ -122, 36 ], [ -122, 36 ], [ -122, 36 ], [ -122, 36 ], [ -122, 36 ], [ -122, 36 ], [ -122, 36 ], [ -122, 36 ], [ -122, 36 ], [ -122, 36 ], [ -122, 36 ], [ -122, 36 ], [ -122, 36 ], [ -122, 36 ], [ -122, 36 ], [ -122, 36 ], [ -122, 36 ], [ -122, 36 ], [ -122, 36 ], [ -122, 36 ], [ -122, 36 ], [ -122, 36 ], [ -122, 36 ], [ -122, 36 ], [ -122, 36 ], [ -122, 36 ], [ -122, 36 ], [ -122, 36 ], [ -122, 36 ], [ -122, 36 ], [ -122, 36 ], [ -122, 36 ], [ -122, 36 ], [ -122, 36 ], [ -122, 36 ], [ -122, 36 ], [ -122, 36 ], [ -122, 36 ], [ -122, 36 ], [ -122, 36 ], [ -122, 36 ], [ -122, 36 ], [ -122, 36 ], [ -122, 36 ], [ -122, 36 ], [ -122, 36 ], [ -122, 36 ], [ -122, 36 ], [ -122, 36 ], [ -122, 36 ], [ -122, 36 ], [ -122, 36 ], [ -122, 36 ], [ -122, 36 ], [ -122, 36 ], [ -122, 36 ], [ -122, 36 ], [ -122, 36 ], [ -122, 36 ], [ -122, 36 ], [ -122, 36 ], [ -122, 36 ], [ -122, 36 ], [ -122, 36 ], [ -122, 36 ], [ -122, 36 ], [ -122, 36 ], [ -122, 36 ], [ -122, 36 ], [ -122, 36 ], [ -122, 36 ], [ -122, 36 ], [ -122, 36 ], [ -122, 36 ], [ -122, 36 ], [ -122, 36 ], [ -122, 36 ], [ -122, 36 ], [ -122, 36 ], [ -122, 36 ], [ -122, 36 ], [ -122, 36 ], [ -122, 36 ], [ -122, 36 ], [ -122, 36 ], [ -122, 36 ], [ -122, 36 ], [ -122, 36 ], [ -122, 36 ], [ -122, 36 ], [ -122, 36 ], [ -122, 36 ], [ -122, 36 ], [ -122, 36 ], [ -122, 36 ], [ -122, 36 ], [ -122, 36 ], [ -122, 36 ], [ -122, 36 ], [ -122, 36 ], [ -122, 36 ], [ -122, 36 ], [ -122, 36 ], [ -122, 36 ], [ -122, 36 ], [ -122, 36 ], [ -122, 36 ], [ -122, 36 ], [ -122, 36 ], [ -122, 36 ], [ -122, 36 ], [ -122, 36 ], [ -122, 36 ], [ -122, 36 ], [ -122, 36 ], [ -122, 36 ], [ -122, 36 ], [ -122, 36 ], [ -122, 36 ], [ -122, 36 ], [ -122, 36 ], [ -122, 36 ], [ -122, 36 ], [ -122, 36 ], [ -122, 36 ], [ -122, 36 ], [ -122, 36 ], [ -122, 36 ], [ -122, 36 ], [ -122, 36 ], [ -122, 36 ], [ -122, 36 ], [ -122, 36 ], [ -122, 36 ], [ -122, 36 ], [ -122, 36 ], [ -122, 36 ], [ -122, 36 ], [ -122, 36 ], [ -122, 36 ], [ -122, 36 ], [ -122, 36 ], [ -122, 36 ], [ -122, 36 ], [ -122, 36 ], [ -122, 36 ], [ -122, 36 ], [ -122, 36 ], [ -122, 36 ], [ -122, 36 ], [ -122, 36 ], [ -122, 36 ], [ -122, 36 ], [ -122, 36 ], [ -122, 36 ], [ -122, 36 ], [ -122, 36 ], [ -122, 36 ], [ -122, 36 ], [ -122, 36 ], [ -122, 36 ], [ -122, 36 ], [ -122, 36 ], [ -122, 36 ], [ -122, 36 ], [ -122, 36 ], [ -122, 36 ], [ -122, 36 ], [ -122, 36 ], [ -122, 36 ], [ -122, 36 ], [ -122, 36 ], [ -122, 36 ], [ -122, 36 ], [ -122, 36 ], [ -122, 36 ], [ -122, 36 ], [ -122, 36 ], [ -122, 36 ], [ -122, 36 ], [ -122, 36 ], [ -122, 36 ], [ -122, 36 ], [ -122, 36 ], [ -122, 36 ], [ -122, 36 ], [ -122, 36 ], [ -122, 36 ], [ -122, 36 ], [ -122, 36 ], [ -122, 36 ], [ -122, 36 ], [ -122, 36 ], [ -122, 36 ], [ -122, 36 ], [ -122, 36 ], [ -122, 36 ], [ -122, 36 ], [ -122, 36 ], [ -122, 36 ], [ -122, 36 ], [ -122, 36 ], [ -122, 36 ], [ -122, 36 ], [ -122, 36 ], [ -122, 36 ], [ -122, 36 ], [ -122, 36 ], [ -122, 36 ], [ -122, 36 ], [ -122, 36 ], [ -122, 36 ], [ -122, 36 ], [ -122, 36 ], [ -122, 36 ], [ -122, 36 ], [ -122, 36 ], [ -122, 36 ], [ -122, 36 ], [ -122, 36 ], [ -122, 36 ], [ -122, 36 ], [ -122, 36 ], [ -122, 36 ], [ -122, 36 ], [ -122, 36 ], [ -122, 36 ], [ -122, 36 ], [ -122, 36 ], [ -122, 36 ], [ -122, 36 ], [ -122, 36 ], [ -122, 36 ], [ -122, 36 ], [ -122, 36 ], [ -122, 36 ], [ -122, 36 ], [ -122, 36 ], [ -122, 36 ], [ -122, 36 ], [ -122, 36 ], [ -122, 36 ], [ -122, 36 ], [ -122, 36 ], [ -122, 36 ], [ -122, 36 ], [ -122, 36 ], [ -122, 36 ], [ -122, 36 ], [ -122, 36 ], [ -122, 36 ], [ -122, 36 ], [ -122, 36 ], [ -122, 36 ], [ -122, 36 ], [ -122, 36 ], [ -122, 36 ], [ -122, 36 ], [ -122, 36 ], [ -122, 36 ], [ -122, 36 ], [ -122, 36 ], [ -122, 36 ], [ -122, 36 ], [ -122, 36 ], [ -122, 36 ], [ -122, 36 ], [ -122, 36 ], [ -122, 36 ], [ -122, 36 ], [ -122, 36 ], [ -122, 36 ], [ -122, 36 ], [ -122, 36 ], [ -122, 36 ], [ -122, 36 ], [ -122, 36 ], [ -122, 36 ], [ -122, 36 ], [ -122, 36 ], [ -122, 36 ], [ -122, 36 ], [ -122, 36 ], [ -122, 36 ], [ -122, 36 ], [ -122, 36 ], [ -122, 36 ], [ -122, 36 ], [ -122, 36 ], [ -122, 36 ], [ -122, 36 ], [ -122, 36 ], [ -122, 36 ], [ -122, 36 ], [ -122, 36 ], [ -122, 36 ], [ -122, 36 ], [ -122, 36 ], [ -122, 36 ], [ -122, 36 ], [ -122, 36 ], [ -122, 36 ], [ -122, 36 ], [ -122, 36 ], [ -122, 36 ], [ -122, 36 ], [ -122, 36 ], [ -122, 36 ], [ -122, 36 ], [ -122, 36 ], [ -122, 36 ], [ -122, 36 ], [ -122, 36 ], [ -122, 36 ], [ -122, 36 ], [ -122, 36 ], [ -122, 36 ], [ -122, 36 ], [ -122, 36 ], [ -122, 36 ], [ -122, 36 ], [ -122, 36 ], [ -122, 36 ], [ -122, 36 ], [ -122, 36 ], [ -122, 36 ], [ -122, 36 ], [ -122, 36 ], [ -122, 36 ], [ -122, 36 ], [ -122, 36 ], [ -122, 36 ], [ -122, 36 ], [ -122, 36 ], [ -122, 36 ], [ -122, 36 ], [ -122, 36 ], [ -122, 36 ], [ -122, 36 ], [ -122, 36 ], [ -122, 36 ], [ -122, 36 ], [ -122, 36 ], [ -122, 36 ], [ -122, 36 ], [ -122, 36 ], [ -122, 36 ], [ -122, 36 ], [ -122, 36 ], [ -122, 36 ], [ -122, 36 ], [ -122, 36 ], [ -122, 36 ], [ -122, 36 ], [ -122, 36 ], [ -122, 36 ], [ -122, 36 ], [ -122, 36 ], [ -122, 36 ], [ -122, 36 ], [ -122, 36 ], [ -122, 37 ], [ -122, 37 ], [ -122, 37 ], [ -122, 37 ], [ -122, 37 ], [ -122, 37 ], [ -122, 37 ], [ -122, 37 ], [ -122, 37 ], [ -122, 37 ], [ -122, 37 ], [ -122, 37 ], [ -122, 37 ], [ -122, 37 ], [ -122, 37 ], [ -122, 37 ], [ -122, 37 ], [ -122, 37 ], [ -122, 37 ], [ -122, 37 ], [ -122, 37 ], [ -122, 37 ], [ -122, 37 ], [ -122, 37 ], [ -122, 37 ], [ -122, 37 ], [ -122, 37 ], [ -122, 37 ], [ -122, 37 ], [ -122, 37 ], [ -122, 37 ], [ -122, 37 ], [ -122, 37 ], [ -122, 37 ], [ -122, 37 ], [ -122, 37 ], [ -122, 37 ], [ -122, 37 ], [ -122, 37 ], [ -122, 37 ], [ -122, 37 ], [ -122, 37 ], [ -122, 37 ], [ -122, 37 ], [ -122, 37 ], [ -122, 37 ], [ -122, 37 ], [ -122, 37 ], [ -122, 37 ], [ -122, 37 ], [ -122, 37 ], [ -122, 37 ], [ -122, 37 ], [ -122, 37 ], [ -122, 37 ], [ -122, 37 ], [ -122, 37 ], [ -122, 37 ], [ -122, 37 ], [ -122, 37 ], [ -122, 37 ], [ -122, 37 ], [ -122, 37 ], [ -122, 37 ], [ -122, 37 ], [ -122, 37 ], [ -122, 37 ], [ -122, 37 ], [ -122, 37 ], [ -122, 37 ], [ -122, 37 ], [ -122, 37 ], [ -122, 37 ], [ -122, 37 ], [ -122, 37 ], [ -122, 37 ], [ -122, 37 ], [ -122, 37 ], [ -122, 37 ], [ -122, 37 ], [ -122, 37 ], [ -122, 37 ], [ -122, 37 ], [ -122, 37 ], [ -122, 37 ], [ -122, 37 ], [ -122, 37 ], [ -122, 37 ], [ -122, 37 ], [ -122, 37 ], [ -122, 37 ], [ -122, 37 ], [ -122, 37 ], [ -122, 37 ], [ -122, 37 ], [ -122, 37 ], [ -122, 37 ], [ -122, 37 ], [ -122, 37 ], [ -122, 37 ], [ -122, 37 ], [ -122, 37 ], [ -122, 37 ], [ -122, 37 ], [ -122, 37 ], [ -122, 37 ], [ -122, 37 ], [ -122, 37 ], [ -122, 37 ], [ -122, 37 ], [ -122, 37 ], [ -122, 37 ], [ -122, 37 ], [ -122, 37 ], [ -122, 37 ], [ -122, 37 ], [ -122, 37 ], [ -122, 37 ], [ -122, 37 ], [ -122, 37 ], [ -122, 37 ], [ -122, 37 ], [ -122, 37 ], [ -122, 37 ], [ -122, 37 ], [ -122, 37 ], [ -122, 37 ], [ -122, 37 ], [ -122, 37 ], [ -122, 37 ], [ -122, 37 ], [ -122, 37 ], [ -122, 37 ], [ -122, 37 ], [ -122, 37 ], [ -122, 37 ], [ -122, 37 ], [ -122, 37 ], [ -122, 37 ], [ -122, 37 ], [ -122, 37 ], [ -122, 37 ], [ -122, 37 ], [ -122, 37 ], [ -122, 37 ], [ -122, 37 ], [ -122, 37 ], [ -122, 37 ], [ -122, 37 ], [ -122, 37 ], [ -122, 37 ], [ -122, 37 ], [ -122, 37 ], [ -122, 37 ], [ -122, 37 ], [ -122, 37 ], [ -122, 37 ], [ -122, 37 ], [ -122, 37 ], [ -122, 37 ], [ -122, 37 ], [ -122, 37 ], [ -122, 37 ], [ -122, 37 ], [ -122, 37 ], [ -122, 37 ], [ -122, 37 ], [ -122, 37 ], [ -122, 37 ], [ -122, 37 ], [ -122, 37 ], [ -122, 37 ], [ -122, 37 ], [ -122, 37 ], [ -122, 37 ], [ -122, 37 ], [ -122, 37 ], [ -122, 37 ], [ -122, 37 ], [ -122, 37 ], [ -122, 37 ], [ -122, 37 ], [ -122, 37 ], [ -122, 37 ], [ -122, 37 ], [ -122, 37 ], [ -122, 37 ], [ -122, 37 ], [ -122, 37 ], [ -122, 37 ], [ -122, 37 ], [ -122, 37 ], [ -122, 37 ], [ -122, 37 ], [ -122, 37 ], [ -122, 37 ], [ -122, 37 ], [ -122, 37 ], [ -122, 37 ], [ -122, 37 ], [ -122, 37 ], [ -122, 37 ], [ -122, 37 ], [ -122, 37 ], [ -122, 37 ], [ -122, 37 ], [ -122, 37 ], [ -122, 37 ], [ -122, 37 ], [ -122, 37 ], [ -122, 37 ], [ -122, 37 ], [ -122, 37 ], [ -122, 37 ], [ -122, 37 ], [ -122, 37 ], [ -122, 37 ], [ -122, 37 ], [ -122, 37 ], [ -122, 37 ], [ -122, 37 ], [ -122, 37 ], [ -122, 37 ], [ -122, 37 ], [ -122, 37 ], [ -122, 37 ], [ -122, 37 ], [ -122, 37 ], [ -122, 37 ], [ -122, 37 ], [ -122, 37 ], [ -122, 37 ], [ -122, 37 ], [ -122, 37 ], [ -122, 37 ], [ -122, 37 ], [ -122, 37 ], [ -122, 37 ], [ -122, 37 ], [ -122, 37 ], [ -122, 37 ], [ -122, 37 ], [ -122, 37 ], [ -122, 37 ], [ -122, 37 ], [ -122, 37 ], [ -122, 37 ], [ -122, 37 ], [ -122, 37 ], [ -122, 37 ], [ -122, 37 ], [ -122, 37 ], [ -122, 37 ], [ -122, 37 ], [ -122, 37 ], [ -122, 37 ], [ -122, 37 ], [ -122, 37 ], [ -122, 37 ], [ -122, 37 ], [ -122, 37 ], [ -122, 37 ], [ -122, 37 ], [ -122, 37 ], [ -122, 37 ], [ -122, 37 ], [ -122, 37 ], [ -122, 37 ], [ -122, 37 ], [ -122, 37 ], [ -122, 37 ], [ -122, 37 ], [ -122, 37 ], [ -122, 37 ], [ -122, 37 ], [ -122, 37 ], [ -122, 37 ], [ -122, 37 ], [ -122, 37 ], [ -122, 37 ], [ -122, 37 ], [ -122, 37 ], [ -122, 37 ], [ -122, 37 ], [ -122, 37 ], [ -122, 37 ], [ -122, 37 ], [ -122, 37 ], [ -122, 37 ], [ -122, 37 ], [ -122, 37 ], [ -122, 37 ], [ -122, 37 ], [ -122, 37 ], [ -122, 37 ], [ -122, 37 ], [ -122, 37 ], [ -122, 37 ], [ -122, 37 ], [ -122, 37 ], [ -122, 37 ], [ -122, 37 ], [ -122, 37 ], [ -122, 37 ], [ -122, 37 ], [ -122, 37 ], [ -122, 37 ], [ -122, 37 ], [ -122, 37 ], [ -122, 37 ], [ -122, 37 ], [ -122, 37 ], [ -122, 37 ], [ -122, 37 ], [ -122, 37 ], [ -122, 37 ], [ -122, 37 ], [ -122, 37 ], [ -122, 37 ], [ -122, 37 ], [ -122, 37 ], [ -122, 37 ], [ -122, 37 ], [ -122, 37 ], [ -122, 37 ], [ -122, 37 ], [ -122, 37 ], [ -122, 37 ], [ -122, 37 ], [ -122, 37 ], [ -122, 37 ], [ -122, 37 ], [ -122, 37 ], [ -122, 37 ], [ -122, 37 ], [ -122, 37 ], [ -122, 37 ], [ -122, 37 ], [ -122, 37 ], [ -122, 37 ], [ -122, 37 ], [ -122, 37 ], [ -122, 37 ], [ -122, 37 ], [ -122, 37 ], [ -122, 37 ], [ -122, 37 ], [ -122, 37 ], [ -122, 37 ], [ -122, 37 ], [ -122, 37 ], [ -122, 37 ], [ -122, 37 ], [ -122, 37 ], [ -122, 37 ], [ -122, 37 ], [ -122, 37 ], [ -122, 37 ], [ -122, 37 ], [ -122, 37 ], [ -122, 37 ], [ -122, 37 ], [ -122, 37 ], [ -122, 37 ], [ -122, 37 ], [ -122, 37 ], [ -122, 37 ], [ -122, 37 ], [ -122, 37 ], [ -122, 37 ], [ -122, 37 ], [ -122, 37 ], [ -122, 37 ], [ -122, 37 ], [ -122, 37 ], [ -122, 37 ], [ -122, 37 ], [ -122, 37 ], [ -122, 37 ], [ -122, 37 ], [ -122, 37 ], [ -122, 37 ], [ -122, 37 ], [ -122, 37 ], [ -122, 37 ], [ -122, 37 ], [ -122, 37 ], [ -122, 37 ], [ -122, 37 ], [ -122, 37 ], [ -122, 37 ], [ -122, 37 ], [ -122, 37 ], [ -122, 37 ], [ -122, 37 ], [ -122, 37 ], [ -122, 37 ], [ -122, 37 ], [ -122, 37 ], [ -122, 37 ], [ -122, 37 ], [ -122, 37 ], [ -122, 37 ], [ -122, 37 ], [ -122, 37 ], [ -122, 37 ], [ -122, 37 ], [ -122, 37 ], [ -122, 37 ], [ -122, 37 ], [ -122, 37 ], [ -122, 37 ], [ -122, 37 ], [ -122, 37 ], [ -122, 37 ], [ -122, 37 ], [ -122, 37 ], [ -122, 37 ], [ -122, 37 ], [ -122, 37 ], [ -122, 37 ], [ -122, 37 ], [ -122, 37 ], [ -122, 37 ], [ -122, 37 ], [ -122, 37 ], [ -122, 37 ], [ -122, 37 ], [ -122, 37 ], [ -122, 37 ], [ -122, 37 ], [ -122, 37 ], [ -122, 37 ], [ -122, 37 ], [ -122, 37 ], [ -122, 37 ], [ -122, 37 ], [ -122, 37 ], [ -122, 37 ], [ -122, 37 ], [ -122, 37 ], [ -122, 37 ], [ -122, 37 ], [ -122, 37 ], [ -122, 37 ], [ -122, 37 ], [ -122, 37 ], [ -122, 37 ], [ -122, 37 ], [ -122, 37 ], [ -122, 37 ], [ -122, 37 ], [ -122, 37 ], [ -122, 37 ], [ -122, 37 ], [ -122, 37 ], [ -122, 37 ], [ -122, 37 ], [ -122, 37 ], [ -122, 37 ], [ -122, 37 ], [ -122, 37 ], [ -122, 37 ], [ -122, 37 ], [ -122, 37 ], [ -122, 37 ], [ -122, 37 ], [ -122, 37 ], [ -122, 37 ], [ -122, 37 ], [ -122, 37 ], [ -122, 37 ], [ -122, 37 ], [ -122, 37 ], [ -122, 37 ], [ -122, 37 ], [ -122, 37 ], [ -122, 37 ], [ -122, 37 ], [ -122, 37 ], [ -122, 37 ], [ -122, 37 ], [ -122, 37 ], [ -122, 37 ], [ -122, 37 ], [ -122, 37 ], [ -122, 37 ], [ -122, 37 ], [ -122, 37 ], [ -122, 37 ], [ -122, 37 ], [ -122, 37 ], [ -122, 37 ], [ -122, 37 ], [ -122, 37 ], [ -122, 37 ], [ -122, 37 ], [ -122, 37 ], [ -122, 37 ], [ -122, 37 ], [ -122, 37 ], [ -122, 37 ], [ -122, 37 ], [ -122, 37 ], [ -122, 37 ], [ -122, 37 ], [ -122, 37 ], [ -122, 37 ], [ -122, 37 ], [ -122, 37 ], [ -122, 37 ], [ -122, 37 ], [ -122, 37 ], [ -122, 37 ], [ -122, 37 ], [ -122, 37 ], [ -122, 37 ], [ -122, 37 ], [ -122, 37 ], [ -122, 37 ], [ -122, 37 ], [ -122, 37 ], [ -122, 37 ], [ -122, 37 ], [ -122, 37 ], [ -122, 37 ], [ -122, 37 ], [ -122, 37 ], [ -122, 37 ], [ -122, 37 ], [ -122, 37 ], [ -122, 37 ], [ -122, 37 ], [ -122, 37 ], [ -122, 37 ], [ -122, 37 ], [ -122, 37 ], [ -122, 37 ], [ -122, 37 ], [ -122, 37 ], [ -122, 37 ], [ -122, 37 ], [ -122, 37 ], [ -122, 37 ], [ -122, 37 ], [ -122, 37 ], [ -122, 37 ], [ -122, 37 ], [ -122, 37 ], [ -122, 37 ], [ -122, 37 ], [ -122, 37 ], [ -122, 37 ], [ -122, 37 ], [ -122, 37 ], [ -122, 37 ], [ -122, 37 ], [ -122, 37 ], [ -122, 37 ], [ -122, 37 ], [ -122, 37 ], [ -122, 37 ], [ -122, 37 ], [ -122, 37 ], [ -122, 37 ], [ -122, 37 ], [ -122, 37 ], [ -122, 37 ], [ -122, 37 ], [ -122, 37 ], [ -122, 37 ], [ -122, 37 ], [ -122, 37 ], [ -122, 37 ], [ -122, 37 ], [ -122, 37 ], [ -122, 37 ], [ -122, 37 ], [ -122, 37 ], [ -122, 37 ], [ -122, 37 ], [ -122, 37 ], [ -122, 37 ], [ -122, 37 ], [ -122, 37 ], [ -122, 37 ], [ -122, 37 ], [ -122, 37 ], [ -122, 37 ], [ -122, 37 ], [ -122, 37 ], [ -122, 37 ], [ -122, 37 ], [ -122, 37 ], [ -122, 37 ], [ -122, 37 ], [ -122, 37 ], [ -122, 37 ], [ -122, 37 ], [ -122, 37 ], [ -122, 37 ], [ -122, 37 ], [ -122, 37 ], [ -122, 37 ], [ -122, 37 ], [ -122, 37 ], [ -122, 37 ], [ -122, 37 ], [ -122, 37 ], [ -122, 37 ], [ -122, 37 ], [ -122, 37 ], [ -122, 37 ], [ -122, 37 ], [ -122, 37 ], [ -122, 37 ], [ -122, 37 ], [ -122, 37 ], [ -122, 37 ], [ -122, 37 ], [ -122, 37 ], [ -122, 37 ], [ -122, 37 ], [ -122, 37 ], [ -122, 37 ], [ -122, 37 ], [ -122, 37 ], [ -122, 37 ], [ -122, 37 ], [ -122, 37 ], [ -122, 37 ], [ -122, 37 ], [ -122, 37 ], [ -122, 37 ], [ -122, 37 ], [ -122, 37 ], [ -122, 37 ], [ -122, 37 ], [ -122, 37 ], [ -122, 37 ], [ -122, 37 ], [ -122, 37 ], [ -122, 37 ], [ -122, 37 ], [ -122, 37 ], [ -122, 37 ], [ -122, 37 ], [ -122, 37 ], [ -122, 37 ], [ -122, 37 ], [ -122, 37 ], [ -122, 37 ], [ -122, 37 ], [ -122, 37 ], [ -122, 37 ], [ -122, 37 ], [ -122, 37 ], [ -122, 37 ], [ -122, 37 ], [ -122, 37 ], [ -122, 37 ], [ -122, 37 ], [ -122, 37 ], [ -122, 37 ], [ -122, 37 ], [ -122, 37 ], [ -122, 37 ], [ -122, 37 ], [ -122, 37 ], [ -122, 37 ], [ -122, 37 ], [ -122, 37 ], [ -122, 37 ], [ -122, 37 ], [ -122, 37 ], [ -122, 37 ], [ -122, 37 ], [ -122, 37 ], [ -122, 37 ], [ -122, 37 ], [ -122, 37 ], [ -122, 37 ], [ -122, 37 ], [ -122, 37 ], [ -122, 37 ], [ -122, 37 ], [ -122, 37 ], [ -122, 37 ], [ -122, 37 ], [ -122, 37 ], [ -122, 37 ], [ -122, 37 ], [ -122, 37 ], [ -122, 37 ], [ -122, 37 ], [ -122, 37 ], [ -122, 37 ], [ -122, 37 ], [ -122, 37 ], [ -122, 37 ], [ -122, 37 ], [ -122, 37 ], [ -122, 37 ], [ -122, 37 ], [ -122, 37 ], [ -122, 37 ], [ -122, 37 ], [ -122, 37 ], [ -122, 37 ], [ -122, 37 ], [ -122, 37 ], [ -122, 37 ], [ -122, 37 ], [ -122, 37 ], [ -122, 37 ], [ -122, 37 ], [ -122, 37 ], [ -122, 37 ], [ -122, 37 ], [ -122, 37 ], [ -122, 37 ], [ -122, 37 ], [ -122, 37 ], [ -122, 37 ], [ -122, 37 ], [ -122, 37 ], [ -122, 37 ], [ -122, 37 ], [ -122, 37 ], [ -122, 37 ], [ -122, 37 ], [ -122, 37 ], [ -122, 37 ], [ -122, 37 ], [ -122, 37 ], [ -122, 37 ], [ -122, 37 ], [ -122, 37 ], [ -122, 37 ], [ -122, 37 ], [ -122, 37 ], [ -122, 37 ], [ -122, 37 ], [ -122, 37 ], [ -122, 37 ], [ -122, 37 ], [ -122, 37 ], [ -122, 37 ], [ -122, 37 ], [ -122, 37 ], [ -122, 37 ], [ -122, 37 ], [ -122, 37 ], [ -122, 37 ], [ -122, 37 ], [ -122, 37 ], [ -122, 37 ], [ -122, 37 ], [ -122, 37 ], [ -122, 37 ], [ -122, 37 ], [ -122, 37 ], [ -122, 37 ], [ -122, 37 ], [ -123, 37 ], [ -123, 37 ], [ -123, 37 ], [ -123, 37 ], [ -123, 37 ], [ -123, 37 ], [ -123, 38 ], [ -123, 38 ], [ -123, 38 ], [ -123, 38 ], [ -123, 38 ], [ -123, 38 ], [ -123, 38 ], [ -123, 38 ], [ -123, 38 ], [ -123, 38 ], [ -123, 38 ], [ -123, 38 ], [ -123, 38 ], [ -123, 38 ], [ -123, 38 ], [ -123, 38 ], [ -123, 38 ], [ -123, 38 ], [ -123, 38 ], [ -123, 38 ], [ -123, 38 ], [ -123, 38 ], [ -123, 38 ], [ -123, 38 ], [ -123, 38 ], [ -123, 38 ], [ -123, 38 ], [ -123, 38 ], [ -123, 38 ], [ -123, 38 ], [ -123, 38 ], [ -123, 38 ], [ -123, 38 ], [ -123, 38 ], [ -123, 38 ], [ -123, 38 ], [ -123, 38 ], [ -123, 38 ], [ -123, 38 ], [ -123, 38 ], [ -123, 38 ], [ -123, 38 ], [ -123, 38 ], [ -123, 38 ], [ -123, 38 ], [ -123, 38 ], [ -123, 38 ], [ -123, 38 ], [ -123, 38 ], [ -123, 38 ], [ -123, 38 ], [ -123, 38 ], [ -123, 38 ], [ -123, 38 ], [ -123, 38 ], [ -123, 38 ], [ -123, 38 ], [ -123, 38 ], [ -123, 38 ], [ -123, 38 ], [ -123, 38 ], [ -123, 38 ], [ -123, 38 ], [ -123, 38 ], [ -123, 38 ], [ -123, 38 ], [ -123, 38 ], [ -123, 38 ], [ -123, 38 ], [ -123, 38 ], [ -123, 38 ], [ -123, 38 ], [ -123, 38 ], [ -123, 38 ], [ -123, 38 ], [ -123, 38 ], [ -123, 38 ], [ -123, 38 ], [ -123, 38 ], [ -123, 38 ], [ -123, 38 ], [ -123, 38 ], [ -123, 38 ], [ -123, 38 ], [ -123, 38 ], [ -123, 38 ], [ -123, 38 ], [ -123, 38 ], [ -123, 38 ], [ -123, 38 ], [ -123, 38 ], [ -123, 38 ], [ -123, 38 ], [ -123, 38 ], [ -123, 38 ], [ -123, 38 ], [ -123, 38 ], [ -123, 38 ], [ -123, 38 ], [ -123, 38 ], [ -123, 38 ], [ -123, 38 ], [ -123, 38 ], [ -123, 38 ], [ -123, 38 ], [ -122, 38 ], [ -122, 38 ], [ -122, 38 ], [ -122, 38 ], [ -122, 38 ], [ -122, 38 ], [ -122, 38 ], [ -122, 38 ], [ -122, 38 ], [ -122, 38 ], [ -122, 38 ], [ -122, 38 ], [ -122, 38 ], [ -122, 38 ], [ -122, 38 ], [ -122, 38 ], [ -122, 38 ], [ -122, 38 ], [ -122, 38 ], [ -122, 38 ], [ -122, 38 ], [ -122, 38 ], [ -122, 38 ], [ -122, 38 ], [ -122, 38 ], [ -122, 38 ], [ -122, 38 ], [ -122, 38 ], [ -122, 38 ], [ -122, 38 ], [ -122, 38 ], [ -122, 38 ], [ -123, 38 ], [ -123, 38 ], [ -122, 38 ], [ -122, 38 ], [ -122, 38 ], [ -123, 38 ], [ -123, 38 ], [ -123, 38 ], [ -123, 38 ], [ -123, 38 ], [ -123, 38 ], [ -123, 38 ], [ -123, 38 ], [ -123, 38 ], [ -123, 38 ], [ -123, 38 ], [ -123, 38 ], [ -123, 38 ], [ -123, 38 ], [ -123, 38 ], [ -123, 38 ], [ -123, 38 ], [ -123, 38 ], [ -123, 38 ], [ -123, 38 ], [ -123, 38 ], [ -123, 38 ], [ -123, 38 ], [ -123, 38 ], [ -123, 38 ], [ -123, 38 ], [ -123, 38 ], [ -123, 38 ], [ -123, 38 ], [ -123, 38 ], [ -123, 38 ], [ -123, 38 ], [ -123, 38 ], [ -123, 38 ], [ -123, 38 ], [ -123, 38 ], [ -123, 38 ], [ -123, 38 ], [ -123, 38 ], [ -123, 38 ], [ -123, 38 ], [ -123, 38 ], [ -123, 38 ], [ -123, 38 ], [ -123, 38 ], [ -123, 38 ], [ -123, 38 ], [ -123, 38 ], [ -123, 38 ], [ -123, 38 ], [ -123, 38 ], [ -123, 38 ], [ -123, 38 ], [ -123, 38 ], [ -123, 38 ], [ -123, 38 ], [ -123, 38 ], [ -123, 38 ], [ -123, 38 ], [ -123, 38 ], [ -123, 38 ], [ -123, 38 ], [ -123, 38 ], [ -123, 38 ], [ -123, 38 ], [ -123, 38 ], [ -123, 38 ], [ -123, 38 ], [ -123, 38 ], [ -123, 38 ], [ -123, 38 ], [ -123, 38 ], [ -123, 38 ], [ -123, 38 ], [ -123, 38 ], [ -123, 38 ], [ -123, 38 ], [ -123, 38 ], [ -123, 38 ], [ -123, 38 ], [ -123, 38 ], [ -123, 38 ], [ -123, 38 ], [ -123, 38 ], [ -123, 38 ], [ -123, 38 ], [ -123, 38 ], [ -123, 38 ], [ -123, 38 ], [ -123, 38 ], [ -123, 38 ], [ -123, 38 ], [ -123, 38 ], [ -123, 38 ], [ -123, 38 ], [ -123, 38 ], [ -123, 38 ], [ -123, 38 ], [ -123, 38 ], [ -123, 38 ], [ -123, 38 ], [ -123, 38 ], [ -123, 38 ], [ -123, 38 ], [ -123, 38 ], [ -123, 38 ], [ -123, 38 ], [ -123, 38 ], [ -123, 38 ], [ -123, 38 ], [ -123, 38 ], [ -123, 38 ], [ -123, 38 ], [ -123, 38 ], [ -123, 38 ], [ -123, 38 ], [ -123, 38 ], [ -123, 38 ], [ -123, 38 ], [ -123, 38 ], [ -123, 38 ], [ -123, 38 ], [ -123, 38 ], [ -123, 38 ], [ -123, 38 ], [ -123, 38 ], [ -123, 38 ], [ -123, 38 ], [ -123, 38 ], [ -123, 38 ], [ -123, 38 ], [ -123, 38 ], [ -123, 38 ], [ -123, 38 ], [ -123, 38 ], [ -123, 38 ], [ -123, 38 ], [ -123, 38 ], [ -123, 38 ], [ -123, 38 ], [ -123, 38 ], [ -123, 38 ], [ -123, 38 ], [ -123, 38 ], [ -123, 38 ], [ -123, 38 ], [ -123, 38 ], [ -123, 38 ], [ -123, 38 ], [ -123, 38 ], [ -123, 38 ], [ -123, 38 ], [ -123, 38 ], [ -123, 38 ], [ -123, 38 ], [ -123, 38 ], [ -123, 38 ], [ -123, 38 ], [ -123, 38 ], [ -123, 38 ], [ -123, 38 ], [ -123, 38 ], [ -123, 38 ], [ -123, 38 ], [ -123, 38 ], [ -123, 38 ], [ -123, 38 ], [ -123, 38 ], [ -123, 38 ], [ -123, 38 ], [ -123, 38 ], [ -123, 38 ], [ -123, 38 ], [ -123, 38 ], [ -123, 38 ], [ -123, 38 ], [ -123, 38 ], [ -122, 38 ], [ -122, 38 ], [ -122, 38 ], [ -122, 38 ], [ -122, 38 ], [ -122, 38 ], [ -122, 38 ], [ -122, 38 ], [ -122, 38 ], [ -122, 38 ], [ -122, 38 ], [ -122, 38 ], [ -122, 38 ], [ -122, 38 ], [ -122, 38 ], [ -122, 38 ], [ -122, 38 ], [ -122, 38 ], [ -122, 38 ], [ -122, 38 ], [ -122, 38 ], [ -122, 38 ], [ -122, 38 ], [ -122, 38 ], [ -122, 38 ], [ -122, 38 ], [ -122, 38 ], [ -122, 38 ], [ -122, 38 ], [ -122, 38 ], [ -122, 38 ], [ -122, 38 ], [ -122, 38 ], [ -122, 38 ], [ -122, 38 ], [ -122, 38 ], [ -122, 38 ], [ -122, 38 ], [ -122, 38 ], [ -122, 38 ], [ -122, 38 ], [ -122, 38 ], [ -122, 38 ], [ -122, 38 ], [ -122, 38 ], [ -122, 38 ], [ -122, 38 ], [ -122, 38 ], [ -122, 38 ], [ -122, 38 ], [ -122, 38 ], [ -122, 38 ], [ -122, 38 ], [ -122, 38 ], [ -122, 38 ], [ -122, 38 ], [ -122, 38 ], [ -122, 38 ], [ -122, 38 ], [ -122, 38 ], [ -122, 38 ], [ -122, 38 ], [ -122, 38 ], [ -122, 38 ], [ -122, 38 ], [ -122, 38 ], [ -122, 38 ], [ -122, 38 ], [ -122, 38 ], [ -122, 38 ], [ -122, 38 ], [ -122, 38 ], [ -122, 38 ], [ -122, 38 ], [ -122, 38 ], [ -122, 38 ], [ -122, 38 ], [ -122, 38 ], [ -122, 38 ], [ -122, 38 ], [ -122, 38 ], [ -122, 38 ], [ -122, 38 ], [ -122, 38 ], [ -122, 38 ], [ -122, 38 ], [ -122, 38 ], [ -122, 38 ], [ -122, 38 ], [ -122, 38 ], [ -122, 38 ], [ -122, 38 ], [ -122, 38 ], [ -122, 38 ], [ -122, 38 ], [ -122, 38 ], [ -122, 38 ], [ -122, 38 ], [ -122, 38 ], [ -122, 38 ], [ -122, 38 ], [ -122, 38 ], [ -122, 38 ], [ -122, 38 ], [ -122, 38 ], [ -122, 38 ], [ -122, 38 ], [ -122, 38 ], [ -122, 38 ], [ -122, 38 ], [ -122, 38 ], [ -122, 38 ], [ -122, 38 ], [ -122, 38 ], [ -122, 38 ], [ -122, 38 ], [ -122, 38 ], [ -122, 38 ], [ -122, 38 ], [ -122, 38 ], [ -122, 38 ], [ -122, 38 ], [ -122, 38 ], [ -122, 38 ], [ -122, 38 ], [ -122, 38 ], [ -122, 38 ], [ -122, 38 ], [ -122, 38 ], [ -122, 38 ], [ -122, 38 ], [ -122, 38 ], [ -122, 38 ], [ -122, 38 ], [ -122, 38 ], [ -122, 38 ], [ -122, 38 ], [ -122, 38 ], [ -122, 38 ], [ -122, 38 ], [ -122, 38 ], [ -122, 38 ], [ -122, 38 ], [ -122, 38 ], [ -122, 38 ], [ -122, 38 ], [ -122, 38 ], [ -122, 38 ], [ -122, 38 ], [ -122, 38 ], [ -122, 38 ], [ -122, 38 ], [ -122, 38 ], [ -122, 38 ], [ -122, 38 ], [ -122, 38 ], [ -122, 38 ], [ -122, 38 ], [ -122, 38 ], [ -122, 38 ], [ -122, 38 ], [ -122, 38 ], [ -122, 38 ], [ -122, 38 ], [ -122, 38 ], [ -122, 38 ], [ -122, 38 ], [ -122, 38 ], [ -122, 38 ], [ -122, 38 ], [ -122, 38 ], [ -122, 38 ], [ -122, 38 ], [ -122, 38 ], [ -122, 38 ], [ -122, 38 ], [ -122, 38 ], [ -122, 38 ], [ -122, 38 ], [ -122, 38 ], [ -122, 38 ], [ -122, 38 ], [ -122, 38 ], [ -122, 38 ], [ -122, 38 ], [ -122, 38 ], [ -122, 38 ], [ -122, 38 ], [ -122, 38 ], [ -122, 38 ], [ -122, 38 ], [ -122, 38 ], [ -122, 38 ], [ -122, 38 ], [ -122, 38 ], [ -122, 38 ], [ -122, 38 ], [ -122, 38 ], [ -122, 38 ], [ -122, 38 ], [ -122, 38 ], [ -122, 38 ], [ -122, 38 ], [ -122, 38 ], [ -122, 38 ], [ -122, 38 ], [ -122, 38 ], [ -122, 38 ], [ -122, 38 ], [ -122, 38 ], [ -122, 38 ], [ -122, 38 ], [ -122, 38 ], [ -122, 38 ], [ -122, 38 ], [ -122, 38 ], [ -122, 38 ], [ -122, 38 ], [ -122, 38 ], [ -122, 38 ], [ -122, 38 ], [ -122, 38 ], [ -122, 38 ], [ -122, 38 ], [ -122, 38 ], [ -122, 38 ], [ -122, 38 ], [ -122, 38 ], [ -122, 38 ], [ -122, 38 ], [ -122, 38 ], [ -122, 38 ], [ -122, 38 ], [ -122, 38 ], [ -122, 38 ], [ -122, 38 ], [ -122, 38 ], [ -122, 38 ], [ -122, 38 ], [ -122, 38 ], [ -122, 38 ], [ -122, 38 ], [ -122, 38 ], [ -122, 38 ], [ -122, 38 ], [ -122, 38 ], [ -122, 38 ], [ -122, 38 ], [ -122, 38 ], [ -122, 38 ], [ -122, 38 ], [ -122, 38 ], [ -122, 38 ], [ -122, 38 ], [ -122, 38 ], [ -122, 38 ], [ -122, 38 ], [ -122, 38 ], [ -122, 38 ], [ -122, 38 ], [ -122, 38 ], [ -122, 38 ], [ -122, 38 ], [ -122, 38 ], [ -122, 38 ], [ -122, 38 ], [ -122, 38 ], [ -122, 38 ], [ -122, 38 ], [ -122, 38 ], [ -122, 38 ], [ -122, 38 ], [ -122, 38 ], [ -122, 38 ], [ -122, 38 ], [ -122, 38 ], [ -122, 38 ], [ -122, 38 ], [ -122, 38 ], [ -122, 38 ], [ -122, 38 ], [ -122, 38 ], [ -122, 38 ], [ -122, 38 ], [ -122, 38 ], [ -122, 38 ], [ -122, 38 ], [ -122, 38 ], [ -122, 38 ], [ -122, 38 ], [ -122, 38 ], [ -122, 38 ], [ -122, 38 ], [ -122, 38 ], [ -122, 38 ], [ -122, 38 ], [ -122, 38 ], [ -122, 38 ], [ -122, 38 ], [ -122, 38 ], [ -122, 38 ], [ -122, 38 ], [ -122, 38 ], [ -122, 38 ], [ -122, 38 ], [ -122, 38 ], [ -122, 38 ], [ -122, 38 ], [ -122, 38 ], [ -122, 38 ], [ -122, 38 ], [ -122, 38 ], [ -122, 38 ], [ -122, 38 ], [ -122, 38 ], [ -122, 38 ], [ -122, 38 ], [ -122, 38 ], [ -122, 38 ], [ -122, 38 ], [ -122, 38 ], [ -122, 38 ], [ -122, 38 ], [ -122, 38 ], [ -122, 38 ], [ -122, 38 ], [ -122, 38 ], [ -122, 38 ], [ -122, 38 ], [ -122, 38 ], [ -122, 38 ], [ -122, 38 ], [ -122, 38 ], [ -122, 38 ], [ -122, 38 ], [ -122, 38 ], [ -122, 38 ], [ -122, 38 ], [ -122, 38 ], [ -122, 38 ], [ -122, 38 ], [ -122, 38 ], [ -122, 38 ], [ -122, 38 ], [ -122, 38 ], [ -122, 38 ], [ -122, 38 ], [ -122, 38 ], [ -122, 38 ], [ -122, 38 ], [ -122, 38 ], [ -122, 38 ], [ -122, 38 ], [ -122, 38 ], [ -122, 38 ], [ -122, 38 ], [ -122, 38 ], [ -122, 38 ], [ -122, 38 ], [ -122, 38 ], [ -122, 38 ], [ -122, 38 ], [ -122, 38 ], [ -122, 38 ], [ -122, 38 ], [ -122, 38 ], [ -122, 38 ], [ -122, 38 ], [ -122, 38 ], [ -122, 38 ], [ -122, 38 ], [ -122, 38 ], [ -122, 38 ], [ -122, 38 ], [ -122, 38 ], [ -122, 38 ], [ -122, 38 ], [ -122, 38 ], [ -122, 38 ], [ -122, 38 ], [ -122, 38 ], [ -122, 38 ], [ -122, 38 ], [ -122, 38 ], [ -122, 38 ], [ -122, 38 ], [ -122, 38 ], [ -122, 38 ], [ -122, 38 ], [ -122, 38 ], [ -122, 38 ], [ -122, 38 ], [ -122, 38 ], [ -122, 38 ], [ -122, 38 ], [ -122, 38 ], [ -122, 38 ], [ -122, 38 ], [ -122, 38 ], [ -122, 38 ], [ -122, 38 ], [ -122, 38 ], [ -122, 38 ], [ -122, 38 ], [ -122, 38 ], [ -122, 38 ], [ -122, 38 ], [ -122, 38 ], [ -122, 38 ], [ -122, 38 ], [ -122, 38 ], [ -122, 38 ], [ -122, 38 ], [ -122, 38 ], [ -122, 38 ], [ -122, 38 ], [ -122, 38 ], [ -122, 38 ], [ -122, 38 ], [ -122, 38 ], [ -122, 38 ], [ -122, 38 ], [ -122, 38 ], [ -122, 38 ], [ -122, 38 ], [ -122, 38 ], [ -122, 38 ], [ -122, 38 ], [ -122, 38 ], [ -122, 38 ], [ -122, 38 ], [ -122, 38 ], [ -122, 38 ], [ -122, 38 ], [ -122, 38 ], [ -122, 38 ], [ -122, 38 ], [ -122, 38 ], [ -122, 38 ], [ -122, 38 ], [ -122, 38 ], [ -122, 38 ], [ -122, 38 ], [ -122, 38 ], [ -122, 38 ], [ -122, 38 ], [ -122, 38 ], [ -122, 38 ], [ -122, 38 ], [ -122, 38 ], [ -122, 38 ], [ -122, 38 ], [ -122, 38 ], [ -122, 38 ], [ -122, 38 ], [ -122, 38 ], [ -122, 38 ], [ -122, 38 ], [ -122, 38 ], [ -122, 38 ], [ -122, 38 ], [ -122, 38 ], [ -122, 38 ], [ -122, 38 ], [ -122, 38 ], [ -122, 38 ], [ -122, 38 ], [ -122, 38 ], [ -122, 38 ], [ -122, 38 ], [ -122, 38 ], [ -122, 38 ], [ -122, 38 ], [ -122, 38 ], [ -122, 38 ], [ -122, 38 ], [ -122, 38 ], [ -122, 38 ], [ -122, 38 ], [ -122, 38 ], [ -122, 38 ], [ -122, 38 ], [ -122, 38 ], [ -122, 38 ], [ -122, 38 ], [ -122, 38 ], [ -122, 38 ], [ -122, 38 ], [ -122, 38 ], [ -122, 38 ], [ -122, 38 ], [ -122, 38 ], [ -122, 38 ], [ -122, 38 ], [ -122, 38 ], [ -122, 38 ], [ -122, 38 ], [ -122, 38 ], [ -122, 38 ], [ -122, 38 ], [ -122, 38 ], [ -122, 38 ], [ -122, 38 ], [ -122, 38 ], [ -122, 38 ], [ -122, 38 ], [ -122, 38 ], [ -122, 38 ], [ -122, 38 ], [ -122, 38 ], [ -122, 38 ], [ -122, 38 ], [ -122, 38 ], [ -122, 38 ], [ -122, 38 ], [ -122, 38 ], [ -122, 38 ], [ -122, 38 ], [ -122, 38 ], [ -122, 38 ], [ -122, 38 ], [ -122, 38 ], [ -122, 38 ], [ -122, 38 ], [ -122, 38 ], [ -122, 38 ], [ -122, 38 ], [ -122, 38 ], [ -122, 38 ], [ -122, 38 ], [ -122, 38 ], [ -122, 38 ], [ -122, 38 ], [ -122, 38 ], [ -122, 38 ], [ -122, 38 ], [ -122, 38 ], [ -122, 38 ], [ -122, 38 ], [ -122, 38 ], [ -122, 38 ], [ -122, 38 ], [ -122, 38 ], [ -122, 38 ], [ -122, 38 ], [ -122, 38 ], [ -122, 38 ], [ -122, 38 ], [ -122, 38 ], [ -122, 38 ], [ -122, 38 ], [ -122, 38 ], [ -122, 38 ], [ -122, 38 ], [ -122, 38 ], [ -122, 38 ], [ -122, 38 ], [ -122, 38 ], [ -122, 38 ], [ -122, 38 ], [ -122, 38 ], [ -122, 38 ], [ -122, 38 ], [ -122, 38 ], [ -122, 38 ], [ -122, 38 ], [ -122, 38 ], [ -122, 38 ], [ -122, 38 ], [ -122, 38 ], [ -122, 38 ], [ -122, 38 ], [ -122, 38 ], [ -122, 38 ], [ -122, 38 ], [ -122, 38 ], [ -122, 38 ], [ -122, 38 ], [ -122, 38 ], [ -122, 38 ], [ -122, 38 ], [ -122, 38 ], [ -122, 38 ], [ -122, 38 ], [ -122, 38 ], [ -122, 38 ], [ -122, 38 ], [ -122, 38 ], [ -122, 38 ], [ -122, 38 ], [ -122, 38 ], [ -122, 38 ], [ -122, 38 ], [ -122, 38 ], [ -122, 38 ], [ -122, 38 ], [ -122, 38 ], [ -122, 38 ], [ -122, 38 ], [ -122, 38 ], [ -122, 38 ], [ -122, 38 ], [ -122, 38 ], [ -122, 38 ], [ -122, 38 ], [ -122, 38 ], [ -122, 38 ], [ -122, 38 ], [ -122, 38 ], [ -122, 38 ], [ -122, 38 ], [ -122, 38 ], [ -122, 38 ], [ -122, 38 ], [ -122, 38 ], [ -122, 38 ], [ -122, 38 ], [ -122, 38 ], [ -122, 38 ], [ -122, 38 ], [ -122, 38 ], [ -122, 38 ], [ -122, 38 ], [ -122, 38 ], [ -122, 38 ], [ -122, 38 ], [ -122, 38 ], [ -122, 38 ], [ -122, 38 ], [ -122, 38 ], [ -122, 38 ], [ -122, 38 ], [ -122, 38 ], [ -122, 38 ], [ -122, 38 ], [ -122, 38 ], [ -122, 38 ], [ -122, 38 ], [ -122, 38 ], [ -122, 38 ], [ -122, 38 ], [ -122, 38 ], [ -122, 38 ], [ -122, 38 ], [ -122, 38 ], [ -122, 38 ], [ -122, 38 ], [ -122, 38 ], [ -122, 38 ], [ -122, 38 ], [ -122, 38 ], [ -122, 38 ], [ -122, 38 ], [ -122, 38 ], [ -122, 38 ], [ -122, 38 ], [ -122, 38 ], [ -122, 38 ], [ -122, 38 ], [ -122, 38 ], [ -122, 38 ], [ -122, 38 ], [ -122, 38 ], [ -122, 38 ], [ -122, 38 ], [ -122, 38 ], [ -122, 38 ], [ -122, 38 ], [ -122, 38 ], [ -122, 38 ], [ -122, 38 ], [ -122, 38 ], [ -122, 38 ], [ -122, 38 ], [ -122, 38 ], [ -122, 38 ], [ -122, 38 ], [ -122, 38 ], [ -122, 38 ], [ -122, 38 ], [ -122, 38 ], [ -122, 38 ], [ -122, 38 ], [ -122, 38 ], [ -122, 38 ], [ -122, 38 ], [ -122, 38 ], [ -122, 38 ], [ -122, 38 ], [ -122, 38 ], [ -122, 38 ], [ -122, 38 ], [ -122, 38 ], [ -122, 38 ], [ -122, 38 ], [ -122, 38 ], [ -122, 38 ], [ -122, 38 ], [ -122, 38 ], [ -122, 38 ], [ -122, 38 ], [ -122, 38 ], [ -122, 38 ], [ -122, 38 ], [ -122, 38 ], [ -122, 38 ], [ -122, 38 ], [ -122, 38 ], [ -122, 38 ], [ -122, 38 ], [ -122, 38 ], [ -122, 38 ], [ -122, 38 ], [ -122, 38 ], [ -122, 38 ], [ -122, 38 ], [ -122, 38 ], [ -122, 38 ], [ -122, 38 ], [ -122, 38 ], [ -122, 38 ], [ -122, 38 ], [ -122, 38 ], [ -122, 38 ], [ -122, 38 ], [ -122, 38 ], [ -122, 38 ], [ -122, 38 ], [ -122, 38 ], [ -122, 38 ], [ -122, 38 ], [ -122, 38 ], [ -122, 38 ], [ -122, 38 ], [ -122, 38 ], [ -122, 38 ], [ -122, 38 ], [ -122, 38 ], [ -122, 38 ], [ -122, 38 ], [ -122, 38 ], [ -122, 38 ], [ -122, 38 ], [ -122, 38 ], [ -122, 38 ], [ -122, 38 ], [ -122, 38 ], [ -122, 38 ], [ -122, 38 ], [ -122, 38 ], [ -122, 38 ], [ -122, 38 ], [ -122, 38 ], [ -122, 38 ], [ -122, 38 ], [ -122, 38 ], [ -122, 38 ], [ -122, 38 ], [ -122, 38 ], [ -122, 38 ], [ -122, 38 ], [ -122, 38 ], [ -122, 38 ], [ -122, 38 ], [ -122, 38 ], [ -122, 38 ], [ -122, 38 ], [ -122, 38 ], [ -122, 38 ], [ -122, 38 ], [ -122, 38 ], [ -122, 38 ], [ -122, 38 ], [ -122, 38 ], [ -122, 38 ], [ -122, 38 ], [ -122, 38 ], [ -122, 38 ], [ -122, 38 ], [ -122, 38 ], [ -122, 38 ], [ -122, 38 ], [ -122, 38 ], [ -122, 38 ], [ -122, 38 ], [ -122, 38 ], [ -122, 38 ], [ -122, 38 ], [ -122, 38 ], [ -122, 38 ], [ -122, 38 ], [ -122, 38 ], [ -122, 38 ], [ -122, 38 ], [ -122, 38 ], [ -122, 38 ], [ -122, 38 ], [ -122, 38 ], [ -122, 38 ], [ -122, 38 ], [ -122, 38 ], [ -122, 38 ], [ -122, 38 ], [ -122, 38 ], [ -122, 38 ], [ -122, 38 ], [ -122, 38 ], [ -122, 38 ], [ -122, 38 ], [ -122, 38 ], [ -122, 38 ], [ -122, 38 ], [ -122, 38 ], [ -122, 38 ], [ -122, 38 ], [ -122, 38 ], [ -122, 38 ], [ -122, 38 ], [ -122, 38 ], [ -122, 38 ], [ -122, 38 ], [ -122, 38 ], [ -122, 38 ], [ -122, 38 ], [ -122, 38 ], [ -122, 38 ], [ -122, 38 ], [ -122, 38 ], [ -122, 38 ], [ -122, 38 ], [ -122, 38 ], [ -122, 38 ], [ -122, 38 ], [ -122, 38 ], [ -122, 38 ], [ -122, 38 ], [ -122, 38 ], [ -122, 38 ], [ -122, 38 ], [ -122, 38 ], [ -122, 38 ], [ -122, 38 ], [ -122, 38 ], [ -122, 38 ], [ -122, 38 ], [ -122, 38 ], [ -122, 38 ], [ -122, 38 ], [ -122, 38 ], [ -122, 38 ], [ -122, 38 ], [ -122, 38 ], [ -122, 38 ], [ -122, 38 ], [ -122, 38 ], [ -122, 38 ], [ -122, 38 ], [ -122, 38 ], [ -122, 38 ], [ -122, 37 ], [ -122, 37 ], [ -122, 37 ], [ -122, 37 ], [ -122, 37 ], [ -122, 37 ], [ -122, 37 ], [ -122, 37 ], [ -122, 37 ], [ -122, 37 ], [ -122, 37 ], [ -122, 37 ], [ -122, 37 ], [ -122, 37 ], [ -122, 37 ], [ -122, 37 ], [ -122, 37 ], [ -122, 37 ], [ -122, 37 ], [ -122, 37 ], [ -122, 37 ], [ -122, 37 ], [ -122, 37 ], [ -122, 37 ], [ -122, 37 ], [ -122, 37 ], [ -122, 37 ], [ -122, 37 ], [ -122, 37 ], [ -122, 37 ], [ -122, 37 ], [ -122, 37 ], [ -122, 37 ], [ -122, 37 ], [ -122, 37 ], [ -122, 37 ], [ -122, 37 ], [ -122, 37 ], [ -122, 37 ], [ -122, 37 ], [ -122, 37 ], [ -122, 37 ], [ -122, 37 ], [ -122, 37 ], [ -122, 37 ], [ -122, 37 ], [ -122, 37 ], [ -122, 37 ], [ -122, 37 ], [ -122, 37 ], [ -122, 37 ], [ -122, 37 ], [ -122, 37 ], [ -122, 37 ], [ -122, 37 ], [ -122, 37 ], [ -122, 37 ], [ -122, 37 ], [ -122, 37 ], [ -122, 37 ], [ -122, 37 ], [ -122, 37 ], [ -122, 37 ], [ -122, 37 ], [ -122, 37 ], [ -122, 37 ], [ -122, 37 ], [ -122, 37 ], [ -122, 37 ], [ -122, 37 ], [ -122, 37 ], [ -122, 37 ], [ -122, 37 ], [ -122, 37 ], [ -122, 37 ], [ -122, 37 ], [ -122, 37 ], [ -122, 37 ], [ -122, 37 ], [ -122, 37 ], [ -122, 37 ], [ -122, 37 ], [ -122, 37 ], [ -122, 37 ], [ -122, 37 ], [ -122, 37 ], [ -122, 37 ], [ -122, 37 ], [ -122, 38 ], [ -122, 38 ], [ -122, 38 ], [ -122, 38 ], [ -122, 38 ], [ -122, 38 ], [ -122, 38 ], [ -122, 38 ], [ -122, 38 ], [ -122, 38 ], [ -122, 38 ], [ -122, 38 ], [ -122, 38 ], [ -122, 38 ], [ -122, 38 ], [ -122, 38 ], [ -122, 38 ], [ -122, 38 ], [ -122, 38 ], [ -122, 38 ], [ -122, 38 ], [ -122, 38 ], [ -122, 38 ], [ -122, 38 ], [ -122, 38 ], [ -122, 38 ], [ -122, 38 ], [ -122, 38 ], [ -122, 38 ], [ -122, 38 ], [ -122, 38 ], [ -122, 38 ], [ -122, 38 ], [ -122, 38 ], [ -122, 38 ], [ -122, 38 ], [ -122, 38 ], [ -122, 38 ], [ -122, 38 ], [ -122, 38 ], [ -122, 38 ], [ -122, 38 ], [ -122, 38 ], [ -122, 38 ], [ -122, 38 ], [ -122, 38 ], [ -122, 38 ], [ -122, 38 ], [ -122, 38 ], [ -122, 38 ], [ -122, 38 ], [ -122, 38 ], [ -122, 38 ], [ -122, 38 ], [ -122, 38 ], [ -122, 38 ], [ -122, 38 ], [ -122, 38 ], [ -122, 38 ], [ -122, 38 ], [ -122, 38 ], [ -122, 38 ], [ -122, 38 ], [ -122, 38 ], [ -122, 38 ], [ -122, 38 ], [ -122, 38 ], [ -122, 38 ], [ -122, 38 ], [ -122, 38 ], [ -122, 38 ], [ -122, 38 ], [ -122, 38 ], [ -122, 38 ], [ -122, 38 ], [ -122, 38 ], [ -122, 38 ], [ -122, 38 ], [ -122, 38 ], [ -122, 38 ], [ -122, 38 ], [ -122, 38 ], [ -122, 38 ], [ -122, 38 ], [ -122, 38 ], [ -122, 38 ], [ -122, 38 ], [ -122, 38 ], [ -122, 38 ], [ -122, 38 ], [ -122, 38 ], [ -122, 38 ], [ -122, 38 ], [ -122, 38 ], [ -122, 38 ], [ -122, 38 ], [ -122, 38 ], [ -122, 38 ], [ -122, 38 ], [ -122, 38 ], [ -122, 38 ], [ -122, 38 ], [ -122, 38 ], [ -122, 38 ], [ -122, 38 ], [ -122, 38 ], [ -122, 38 ], [ -122, 38 ], [ -122, 38 ], [ -122, 38 ], [ -122, 38 ], [ -122, 38 ], [ -122, 38 ], [ -122, 38 ], [ -122, 38 ], [ -122, 38 ], [ -122, 38 ], [ -122, 38 ], [ -122, 38 ], [ -122, 38 ], [ -122, 38 ], [ -122, 38 ], [ -122, 38 ], [ -122, 38 ], [ -122, 38 ], [ -122, 38 ], [ -122, 38 ], [ -122, 38 ], [ -122, 38 ], [ -122, 38 ], [ -122, 38 ], [ -122, 38 ], [ -122, 38 ], [ -122, 38 ], [ -122, 38 ], [ -122, 38 ], [ -122, 38 ], [ -122, 38 ], [ -122, 38 ], [ -122, 38 ], [ -122, 38 ], [ -122, 38 ], [ -122, 38 ], [ -122, 38 ], [ -122, 38 ], [ -122, 38 ], [ -122, 38 ], [ -122, 38 ], [ -122, 38 ], [ -122, 38 ], [ -122, 38 ], [ -122, 38 ], [ -122, 38 ], [ -122, 38 ], [ -122, 38 ], [ -122, 38 ], [ -122, 38 ], [ -122, 38 ], [ -122, 38 ], [ -122, 38 ], [ -122, 38 ], [ -122, 38 ], [ -122, 38 ], [ -122, 38 ], [ -122, 38 ], [ -122, 38 ], [ -122, 38 ], [ -122, 38 ], [ -122, 38 ], [ -122, 38 ], [ -122, 38 ], [ -122, 38 ], [ -122, 38 ], [ -122, 38 ], [ -122, 38 ], [ -122, 38 ], [ -122, 38 ], [ -122, 38 ], [ -122, 38 ], [ -122, 38 ], [ -122, 38 ], [ -122, 38 ], [ -122, 38 ], [ -122, 38 ], [ -122, 38 ], [ -122, 38 ], [ -122, 38 ], [ -122, 38 ], [ -122, 38 ], [ -122, 38 ], [ -122, 38 ], [ -122, 38 ], [ -122, 38 ], [ -122, 38 ], [ -122, 38 ], [ -122, 38 ], [ -122, 38 ], [ -122, 38 ], [ -122, 38 ], [ -122, 38 ], [ -122, 38 ], [ -122, 38 ], [ -122, 38 ], [ -122, 38 ], [ -122, 38 ], [ -122, 38 ], [ -122, 38 ], [ -122, 38 ], [ -122, 38 ], [ -122, 38 ], [ -122, 38 ], [ -122, 38 ], [ -122, 38 ], [ -122, 38 ], [ -122, 38 ], [ -122, 38 ], [ -122, 38 ], [ -122, 38 ], [ -122, 38 ], [ -122, 38 ], [ -122, 38 ], [ -122, 38 ], [ -122, 38 ], [ -122, 38 ], [ -122, 38 ], [ -122, 38 ], [ -122, 38 ], [ -122, 38 ], [ -122, 38 ], [ -122, 38 ], [ -122, 38 ], [ -122, 38 ], [ -122, 38 ], [ -122, 38 ], [ -122, 38 ], [ -122, 38 ], [ -122, 38 ], [ -122, 38 ], [ -122, 38 ], [ -122, 38 ], [ -122, 38 ], [ -122, 38 ], [ -122, 38 ], [ -122, 38 ], [ -122, 38 ], [ -122, 38 ], [ -122, 38 ], [ -122, 38 ], [ -122, 38 ], [ -122, 38 ], [ -122, 38 ], [ -122, 38 ], [ -122, 38 ], [ -122, 38 ], [ -122, 38 ], [ -122, 38 ], [ -122, 38 ], [ -122, 38 ], [ -122, 38 ], [ -122, 38 ], [ -122, 38 ], [ -122, 38 ], [ -122, 38 ], [ -122, 38 ], [ -122, 38 ], [ -122, 38 ], [ -122, 38 ], [ -122, 38 ], [ -122, 38 ], [ -122, 38 ], [ -122, 38 ], [ -122, 38 ], [ -122, 38 ], [ -122, 38 ], [ -122, 38 ], [ -122, 38 ], [ -122, 38 ], [ -122, 38 ], [ -122, 38 ], [ -122, 38 ], [ -122, 38 ], [ -122, 38 ], [ -122, 38 ], [ -122, 38 ], [ -122, 38 ], [ -122, 38 ], [ -122, 38 ], [ -122, 38 ], [ -122, 38 ], [ -122, 38 ], [ -122, 38 ], [ -122, 38 ], [ -122, 38 ], [ -122, 38 ], [ -122, 38 ], [ -122, 38 ], [ -122, 38 ], [ -122, 38 ], [ -122, 38 ], [ -122, 38 ], [ -122, 38 ], [ -122, 38 ], [ -122, 38 ], [ -122, 38 ], [ -122, 38 ], [ -122, 38 ], [ -122, 38 ], [ -122, 38 ], [ -122, 38 ], [ -122, 38 ], [ -122, 38 ], [ -122, 38 ], [ -122, 38 ], [ -122, 38 ], [ -122, 38 ], [ -122, 38 ], [ -122, 38 ], [ -122, 38 ], [ -122, 38 ], [ -122, 38 ], [ -122, 38 ], [ -122, 38 ], [ -122, 38 ], [ -122, 38 ], [ -122, 38 ], [ -122, 38 ], [ -122, 38 ], [ -122, 38 ], [ -122, 38 ], [ -122, 38 ], [ -122, 38 ], [ -122, 38 ], [ -122, 38 ], [ -122, 38 ], [ -122, 38 ], [ -122, 38 ], [ -122, 38 ], [ -122, 38 ], [ -122, 38 ], [ -122, 38 ], [ -122, 38 ], [ -122, 38 ], [ -122, 38 ], [ -122, 38 ], [ -122, 38 ], [ -122, 38 ], [ -122, 38 ], [ -122, 38 ], [ -122, 38 ], [ -122, 38 ], [ -122, 38 ], [ -122, 38 ], [ -122, 38 ], [ -122, 38 ], [ -122, 38 ], [ -122, 38 ], [ -122, 38 ], [ -122, 38 ], [ -122, 38 ], [ -122, 38 ], [ -122, 38 ], [ -122, 38 ], [ -122, 38 ], [ -122, 38 ], [ -122, 38 ], [ -122, 38 ], [ -122, 38 ], [ -122, 38 ], [ -122, 38 ], [ -122, 38 ], [ -122, 38 ], [ -122, 38 ], [ -122, 38 ], [ -122, 38 ], [ -122, 38 ], [ -122, 38 ], [ -122, 38 ], [ -122, 38 ], [ -122, 38 ], [ -122, 38 ], [ -122, 38 ], [ -122, 38 ], [ -122, 38 ], [ -122, 38 ], [ -122, 38 ], [ -122, 38 ], [ -122, 38 ], [ -122, 38 ], [ -122, 38 ], [ -122, 38 ], [ -122, 38 ], [ -122, 38 ], [ -122, 38 ], [ -122, 38 ], [ -122, 38 ], [ -122, 38 ], [ -122, 38 ], [ -122, 38 ], [ -122, 38 ], [ -122, 38 ], [ -122, 38 ], [ -122, 38 ], [ -122, 38 ], [ -122, 38 ], [ -122, 38 ], [ -122, 38 ], [ -122, 38 ], [ -122, 38 ], [ -122, 38 ], [ -122, 38 ], [ -122, 38 ], [ -122, 38 ], [ -122, 38 ], [ -122, 38 ], [ -122, 38 ], [ -122, 38 ], [ -122, 38 ], [ -122, 38 ], [ -122, 38 ], [ -122, 38 ], [ -122, 38 ], [ -122, 38 ], [ -122, 38 ], [ -122, 38 ], [ -122, 38 ], [ -122, 38 ], [ -122, 38 ], [ -122, 38 ], [ -122, 38 ], [ -122, 38 ], [ -122, 38 ], [ -122, 38 ], [ -122, 38 ], [ -122, 38 ], [ -122, 38 ], [ -122, 38 ], [ -122, 38 ], [ -122, 38 ], [ -122, 38 ], [ -122, 38 ], [ -122, 38 ], [ -122, 38 ], [ -122, 38 ], [ -122, 38 ], [ -122, 38 ], [ -122, 38 ], [ -122, 38 ], [ -122, 38 ], [ -122, 38 ], [ -122, 38 ], [ -122, 38 ], [ -122, 38 ], [ -122, 38 ], [ -122, 38 ], [ -122, 38 ], [ -122, 38 ], [ -122, 38 ], [ -122, 38 ], [ -122, 38 ], [ -122, 38 ], [ -122, 38 ], [ -122, 38 ], [ -122, 38 ], [ -122, 38 ], [ -122, 38 ], [ -122, 38 ], [ -122, 38 ], [ -122, 38 ], [ -122, 38 ], [ -122, 38 ], [ -122, 38 ], [ -122, 38 ], [ -122, 38 ], [ -122, 38 ], [ -122, 38 ], [ -122, 38 ], [ -122, 38 ], [ -122, 38 ], [ -122, 38 ], [ -122, 38 ], [ -122, 38 ], [ -122, 38 ], [ -122, 38 ], [ -122, 38 ], [ -122, 38 ], [ -122, 38 ], [ -122, 38 ], [ -122, 38 ], [ -122, 38 ], [ -122, 38 ], [ -122, 38 ], [ -122, 38 ], [ -122, 38 ], [ -122, 38 ], [ -122, 38 ], [ -122, 38 ], [ -122, 38 ], [ -122, 38 ], [ -122, 38 ], [ -122, 38 ], [ -122, 38 ], [ -122, 38 ], [ -122, 38 ], [ -122, 38 ], [ -122, 38 ], [ -122, 38 ], [ -122, 38 ], [ -122, 38 ], [ -122, 38 ], [ -122, 38 ], [ -122, 38 ], [ -122, 38 ], [ -122, 38 ], [ -122, 38 ], [ -122, 38 ], [ -122, 38 ], [ -122, 38 ], [ -122, 38 ], [ -122, 38 ], [ -122, 38 ], [ -122, 38 ], [ -122, 38 ], [ -122, 38 ], [ -122, 38 ], [ -122, 38 ], [ -122, 38 ], [ -122, 38 ], [ -122, 38 ], [ -122, 38 ], [ -122, 38 ], [ -122, 38 ], [ -122, 38 ], [ -122, 38 ], [ -122, 38 ], [ -122, 38 ], [ -122, 38 ], [ -122, 38 ], [ -122, 38 ], [ -122, 38 ], [ -122, 38 ], [ -122, 38 ], [ -122, 38 ], [ -122, 38 ], [ -122, 38 ], [ -122, 38 ], [ -122, 38 ], [ -122, 38 ], [ -122, 38 ], [ -122, 38 ], [ -122, 38 ], [ -122, 38 ], [ -122, 38 ], [ -122, 38 ], [ -122, 38 ], [ -122, 38 ], [ -122, 38 ], [ -122, 38 ], [ -122, 38 ], [ -122, 38 ], [ -122, 38 ], [ -122, 38 ], [ -122, 38 ], [ -122, 38 ], [ -122, 38 ], [ -122, 38 ], [ -122, 38 ], [ -122, 38 ], [ -122, 38 ], [ -122, 38 ], [ -122, 38 ], [ -122, 38 ], [ -122, 38 ], [ -122, 38 ], [ -122, 38 ], [ -122, 38 ], [ -122, 38 ], [ -122, 38 ], [ -122, 38 ], [ -122, 38 ], [ -122, 38 ], [ -122, 38 ], [ -122, 38 ], [ -122, 38 ], [ -122, 38 ], [ -122, 38 ], [ -122, 38 ], [ -122, 38 ], [ -122, 38 ], [ -122, 38 ], [ -122, 38 ], [ -122, 38 ], [ -122, 38 ], [ -122, 38 ], [ -122, 38 ], [ -122, 38 ], [ -122, 38 ], [ -122, 38 ], [ -122, 38 ], [ -122, 38 ], [ -122, 38 ], [ -122, 38 ], [ -122, 38 ], [ -122, 38 ], [ -122, 38 ], [ -122, 38 ], [ -122, 38 ], [ -122, 38 ], [ -122, 38 ], [ -122, 38 ], [ -122, 38 ], [ -122, 38 ], [ -122, 38 ], [ -122, 38 ], [ -122, 38 ], [ -122, 38 ], [ -122, 38 ], [ -122, 38 ], [ -122, 38 ], [ -122, 38 ], [ -122, 38 ], [ -122, 38 ], [ -122, 38 ], [ -122, 38 ], [ -122, 38 ], [ -122, 38 ], [ -122, 38 ], [ -122, 38 ], [ -122, 38 ], [ -122, 38 ], [ -122, 38 ], [ -122, 38 ], [ -122, 38 ], [ -122, 38 ], [ -122, 38 ], [ -122, 38 ], [ -122, 38 ], [ -122, 38 ], [ -122, 38 ], [ -122, 38 ], [ -122, 38 ], [ -122, 38 ], [ -122, 38 ], [ -122, 38 ], [ -122, 38 ], [ -122, 38 ], [ -122, 38 ], [ -122, 38 ], [ -122, 38 ], [ -122, 38 ], [ -122, 38 ], [ -122, 38 ], [ -122, 38 ], [ -122, 38 ], [ -122, 38 ], [ -122, 38 ], [ -122, 38 ], [ -122, 38 ], [ -122, 38 ], [ -122, 38 ], [ -122, 38 ], [ -122, 38 ], [ -122, 38 ], [ -122, 38 ], [ -122, 38 ], [ -122, 38 ], [ -122, 38 ], [ -122, 38 ], [ -122, 38 ], [ -122, 38 ], [ -122, 38 ], [ -122, 38 ], [ -122, 38 ], [ -122, 38 ], [ -122, 38 ], [ -122, 38 ], [ -122, 38 ], [ -122, 38 ], [ -122, 38 ], [ -122, 38 ], [ -122, 38 ], [ -122, 38 ], [ -122, 38 ], [ -122, 38 ], [ -122, 38 ], [ -122, 38 ], [ -122, 38 ], [ -122, 38 ], [ -122, 38 ], [ -122, 38 ], [ -122, 38 ], [ -122, 38 ], [ -122, 38 ], [ -122, 38 ], [ -122, 38 ], [ -122, 38 ], [ -122, 38 ], [ -122, 38 ], [ -122, 38 ], [ -122, 38 ], [ -122, 38 ], [ -122, 38 ], [ -122, 38 ], [ -122, 38 ], [ -122, 38 ], [ -122, 38 ], [ -122, 38 ], [ -122, 38 ], [ -122, 38 ], [ -122, 38 ], [ -122, 38 ], [ -122, 38 ], [ -122, 38 ], [ -122, 38 ], [ -122, 38 ], [ -122, 38 ], [ -122, 38 ], [ -122, 38 ], [ -122, 38 ], [ -122, 38 ], [ -122, 38 ], [ -122, 38 ], [ -122, 38 ], [ -122, 38 ], [ -122, 38 ], [ -122, 38 ], [ -122, 38 ], [ -122, 38 ], [ -122, 38 ], [ -122, 38 ], [ -122, 38 ], [ -122, 38 ], [ -122, 38 ], [ -122, 38 ], [ -122, 38 ], [ -122, 38 ], [ -122, 38 ], [ -122, 38 ], [ -122, 38 ], [ -122, 38 ], [ -122, 38 ], [ -122, 38 ], [ -122, 38 ], [ -122, 38 ], [ -122, 38 ], [ -122, 38 ], [ -122, 38 ], [ -122, 38 ], [ -122, 38 ], [ -122, 38 ], [ -122, 38 ], [ -122, 38 ], [ -122, 38 ], [ -122, 38 ], [ -122, 38 ], [ -122, 38 ], [ -122, 38 ], [ -122, 38 ], [ -122, 38 ], [ -122, 38 ], [ -122, 38 ], [ -122, 38 ], [ -122, 38 ], [ -122, 38 ], [ -122, 38 ], [ -122, 38 ], [ -122, 38 ], [ -122, 38 ], [ -122, 38 ], [ -122, 38 ], [ -122, 38 ], [ -122, 38 ], [ -122, 38 ], [ -122, 38 ], [ -122, 38 ], [ -122, 38 ], [ -122, 38 ], [ -122, 38 ], [ -122, 38 ], [ -122, 38 ], [ -122, 38 ], [ -122, 38 ], [ -122, 38 ], [ -122, 38 ], [ -122, 38 ], [ -122, 38 ], [ -122, 38 ], [ -122, 38 ], [ -122, 38 ], [ -122, 38 ], [ -122, 38 ], [ -122, 38 ], [ -122, 38 ], [ -122, 38 ], [ -122, 38 ], [ -122, 38 ], [ -122, 38 ], [ -122, 38 ], [ -122, 38 ], [ -122, 38 ], [ -122, 38 ], [ -122, 38 ], [ -122, 38 ], [ -122, 38 ], [ -122, 38 ], [ -122, 38 ], [ -122, 38 ], [ -122, 38 ], [ -122, 38 ], [ -122, 38 ], [ -122, 38 ], [ -122, 38 ], [ -122, 38 ], [ -122, 38 ], [ -122, 38 ], [ -122, 38 ], [ -122, 38 ], [ -122, 38 ], [ -122, 38 ], [ -122, 38 ], [ -122, 38 ], [ -122, 38 ], [ -122, 38 ], [ -122, 38 ], [ -122, 38 ], [ -122, 38 ], [ -122, 38 ], [ -122, 38 ], [ -122, 38 ], [ -122, 38 ], [ -122, 38 ], [ -122, 38 ], [ -122, 38 ], [ -122, 38 ], [ -122, 38 ], [ -122, 38 ], [ -122, 38 ], [ -122, 38 ], [ -122, 38 ], [ -122, 38 ], [ -122, 38 ], [ -122, 38 ], [ -122, 38 ], [ -122, 38 ], [ -122, 38 ], [ -122, 38 ], [ -122, 38 ], [ -122, 38 ], [ -122, 38 ], [ -122, 38 ], [ -122, 38 ], [ -122, 38 ], [ -122, 38 ], [ -122, 38 ], [ -122, 38 ], [ -122, 38 ], [ -122, 38 ], [ -122, 38 ], [ -122, 38 ], [ -122, 38 ], [ -122, 38 ], [ -122, 38 ], [ -122, 38 ], [ -122, 38 ], [ -122, 38 ], [ -122, 38 ], [ -122, 38 ], [ -122, 38 ], [ -122, 38 ], [ -122, 38 ], [ -122, 38 ], [ -122, 38 ], [ -122, 38 ], [ -122, 38 ], [ -122, 38 ], [ -122, 38 ], [ -122, 38 ], [ -122, 38 ], [ -122, 38 ], [ -122, 38 ], [ -122, 38 ], [ -122, 38 ], [ -122, 38 ], [ -122, 38 ], [ -122, 38 ], [ -122, 38 ], [ -122, 38 ], [ -122, 38 ], [ -122, 38 ], [ -122, 38 ], [ -122, 38 ], [ -122, 38 ], [ -122, 38 ], [ -122, 38 ], [ -122, 38 ], [ -122, 38 ], [ -122, 38 ], [ -122, 38 ], [ -122, 38 ], [ -122, 38 ], [ -122, 38 ], [ -122, 38 ], [ -122, 38 ], [ -122, 38 ], [ -122, 38 ], [ -122, 38 ], [ -122, 38 ], [ -122, 38 ], [ -122, 38 ], [ -122, 38 ], [ -122, 38 ], [ -122, 38 ], [ -122, 38 ], [ -122, 38 ], [ -122, 38 ], [ -122, 38 ], [ -122, 38 ], [ -122, 38 ], [ -122, 38 ], [ -122, 38 ], [ -122, 38 ], [ -122, 38 ], [ -122, 38 ], [ -122, 38 ], [ -122, 38 ], [ -122, 38 ], [ -122, 38 ], [ -122, 38 ], [ -122, 38 ], [ -122, 38 ], [ -122, 38 ], [ -122, 38 ], [ -122, 38 ], [ -122, 38 ], [ -122, 38 ], [ -122, 38 ], [ -122, 38 ], [ -122, 38 ], [ -122, 38 ], [ -122, 38 ], [ -122, 38 ], [ -122, 38 ], [ -122, 38 ], [ -122, 38 ], [ -122, 38 ], [ -122, 38 ], [ -122, 38 ], [ -122, 38 ], [ -122, 38 ], [ -122, 38 ], [ -122, 38 ], [ -122, 38 ], [ -122, 38 ], [ -122, 38 ], [ -122, 38 ], [ -122, 38 ], [ -122, 38 ], [ -122, 38 ], [ -122, 38 ], [ -122, 38 ], [ -122, 38 ], [ -122, 38 ], [ -122, 38 ], [ -122, 38 ], [ -122, 38 ], [ -122, 38 ], [ -122, 38 ], [ -122, 38 ], [ -122, 38 ], [ -122, 38 ], [ -122, 38 ], [ -122, 38 ], [ -122, 38 ], [ -122, 38 ], [ -122, 38 ], [ -122, 38 ], [ -122, 38 ], [ -122, 38 ], [ -122, 38 ], [ -122, 38 ], [ -122, 38 ], [ -122, 38 ], [ -122, 38 ], [ -122, 38 ], [ -122, 38 ], [ -122, 38 ], [ -122, 38 ], [ -122, 38 ], [ -122, 38 ], [ -122, 38 ], [ -122, 38 ], [ -122, 38 ], [ -122, 38 ], [ -122, 38 ], [ -122, 38 ], [ -122, 38 ], [ -122, 38 ], [ -122, 38 ], [ -122, 38 ], [ -122, 38 ], [ -122, 38 ], [ -122, 38 ], [ -122, 38 ], [ -122, 38 ], [ -122, 38 ], [ -122, 38 ], [ -122, 38 ], [ -122, 38 ], [ -122, 38 ], [ -122, 38 ], [ -122, 38 ], [ -122, 38 ], [ -122, 38 ], [ -122, 38 ], [ -122, 38 ], [ -122, 38 ], [ -122, 38 ], [ -122, 38 ], [ -122, 38 ], [ -122, 38 ], [ -122, 38 ], [ -122, 38 ], [ -122, 38 ], [ -122, 38 ], [ -122, 38 ], [ -122, 38 ], [ -122, 38 ], [ -122, 38 ], [ -122, 38 ], [ -122, 38 ], [ -122, 38 ], [ -122, 38 ], [ -122, 38 ], [ -122, 38 ], [ -122, 38 ], [ -122, 38 ], [ -122, 38 ], [ -122, 38 ], [ -122, 38 ], [ -122, 38 ], [ -122, 38 ], [ -122, 38 ], [ -122, 38 ], [ -122, 38 ], [ -122, 38 ], [ -122, 38 ], [ -122, 38 ], [ -122, 38 ], [ -122, 38 ], [ -122, 38 ], [ -122, 38 ], [ -122, 38 ], [ -122, 38 ], [ -122, 38 ], [ -122, 38 ], [ -122, 38 ], [ -122, 38 ], [ -122, 38 ], [ -122, 38 ], [ -122, 38 ], [ -122, 38 ], [ -122, 38 ], [ -122, 38 ], [ -122, 38 ], [ -122, 38 ], [ -122, 38 ], [ -122, 38 ], [ -122, 38 ], [ -122, 38 ], [ -122, 38 ], [ -122, 38 ], [ -122, 38 ], [ -122, 38 ], [ -122, 38 ], [ -122, 38 ], [ -122, 38 ], [ -122, 38 ], [ -122, 38 ], [ -122, 38 ], [ -122, 38 ], [ -122, 38 ], [ -122, 38 ], [ -122, 38 ], [ -122, 38 ], [ -122, 38 ], [ -122, 38 ], [ -122, 38 ], [ -122, 38 ], [ -122, 38 ], [ -122, 38 ], [ -122, 38 ], [ -122, 38 ], [ -122, 38 ], [ -122, 38 ], [ -122, 38 ], [ -122, 38 ], [ -122, 38 ], [ -122, 38 ], [ -122, 38 ], [ -122, 38 ], [ -122, 38 ], [ -122, 38 ], [ -122, 38 ], [ -122, 38 ], [ -122, 38 ], [ -122, 38 ], [ -122, 38 ], [ -122, 38 ], [ -122, 38 ], [ -122, 38 ], [ -122, 38 ], [ -122, 38 ], [ -122, 38 ], [ -122, 38 ], [ -122, 38 ], [ -122, 38 ], [ -122, 38 ], [ -122, 38 ], [ -122, 38 ], [ -122, 38 ], [ -122, 38 ], [ -122, 38 ], [ -122, 38 ], [ -122, 38 ], [ -122, 38 ], [ -122, 38 ], [ -122, 38 ], [ -122, 38 ], [ -122, 38 ], [ -122, 38 ], [ -122, 38 ], [ -122, 38 ], [ -122, 38 ], [ -122, 38 ], [ -122, 38 ], [ -122, 38 ], [ -122, 38 ], [ -122, 38 ], [ -122, 38 ], [ -122, 38 ], [ -122, 38 ], [ -122, 38 ], [ -122, 38 ], [ -122, 38 ], [ -122, 38 ], [ -122, 38 ], [ -122, 38 ], [ -122, 38 ], [ -122, 38 ], [ -122, 38 ], [ -122, 38 ], [ -122, 38 ], [ -122, 38 ], [ -122, 38 ], [ -122, 38 ], [ -122, 38 ], [ -122, 38 ], [ -122, 38 ], [ -122, 38 ], [ -122, 38 ], [ -122, 38 ], [ -122, 38 ], [ -122, 38 ], [ -122, 38 ], [ -122, 38 ], [ -122, 38 ], [ -122, 38 ], [ -122, 38 ], [ -122, 38 ], [ -122, 38 ], [ -122, 38 ], [ -122, 38 ], [ -122, 38 ], [ -122, 38 ], [ -122, 38 ], [ -122, 38 ], [ -122, 38 ], [ -122, 38 ], [ -122, 38 ], [ -122, 38 ], [ -122, 38 ], [ -122, 38 ], [ -122, 38 ], [ -122, 38 ], [ -122, 38 ], [ -122, 38 ], [ -122, 38 ], [ -122, 38 ], [ -122, 38 ], [ -122, 38 ], [ -122, 38 ], [ -122, 38 ], [ -122, 38 ], [ -122, 38 ], [ -122, 38 ], [ -122, 38 ], [ -122, 38 ], [ -122, 38 ], [ -122, 38 ], [ -122, 38 ], [ -122, 38 ], [ -122, 38 ], [ -122, 38 ], [ -122, 38 ], [ -122, 38 ], [ -122, 38 ], [ -122, 38 ], [ -122, 38 ], [ -122, 38 ], [ -122, 38 ], [ -122, 38 ], [ -122, 38 ], [ -122, 38 ], [ -122, 38 ], [ -122, 38 ], [ -122, 38 ], [ -122, 38 ], [ -122, 38 ], [ -122, 38 ], [ -122, 38 ], [ -122, 38 ], [ -122, 38 ], [ -122, 38 ], [ -122, 38 ], [ -122, 38 ], [ -122, 38 ], [ -122, 38 ], [ -122, 38 ], [ -122, 38 ], [ -122, 38 ], [ -122, 38 ], [ -122, 38 ], [ -122, 38 ], [ -122, 38 ], [ -122, 38 ], [ -122, 38 ], [ -122, 38 ], [ -122, 38 ], [ -122, 38 ], [ -122, 38 ], [ -122, 38 ], [ -122, 38 ], [ -122, 38 ], [ -122, 38 ], [ -122, 38 ], [ -122, 38 ], [ -122, 38 ], [ -122, 38 ], [ -122, 38 ], [ -122, 38 ], [ -122, 38 ], [ -122, 38 ], [ -122, 38 ], [ -122, 38 ], [ -122, 38 ], [ -122, 38 ], [ -122, 38 ], [ -122, 38 ], [ -122, 38 ], [ -122, 38 ], [ -122, 38 ], [ -122, 38 ], [ -122, 38 ], [ -122, 38 ], [ -122, 38 ], [ -122, 38 ], [ -122, 38 ], [ -122, 38 ], [ -122, 38 ], [ -122, 38 ], [ -122, 38 ], [ -122, 38 ], [ -122, 38 ], [ -122, 38 ], [ -122, 38 ], [ -122, 38 ], [ -122, 38 ], [ -122, 38 ], [ -122, 38 ], [ -122, 38 ], [ -122, 38 ], [ -122, 38 ], [ -122, 38 ], [ -122, 38 ], [ -122, 38 ], [ -122, 38 ], [ -122, 38 ], [ -122, 38 ], [ -122, 38 ], [ -122, 38 ], [ -122, 38 ], [ -122, 38 ], [ -122, 38 ], [ -122, 38 ], [ -122, 38 ], [ -122, 38 ], [ -122, 38 ], [ -122, 38 ], [ -122, 38 ], [ -122, 38 ], [ -122, 38 ], [ -122, 38 ], [ -122, 38 ], [ -122, 38 ], [ -122, 38 ], [ -122, 38 ], [ -122, 38 ], [ -122, 38 ], [ -122, 38 ], [ -122, 38 ], [ -122, 38 ], [ -122, 38 ], [ -122, 38 ], [ -122, 38 ], [ -122, 38 ], [ -122, 38 ], [ -122, 38 ], [ -122, 38 ], [ -122, 38 ], [ -122, 38 ], [ -122, 38 ], [ -122, 38 ], [ -122, 38 ], [ -122, 38 ], [ -122, 38 ], [ -122, 38 ], [ -122, 38 ], [ -122, 38 ], [ -122, 38 ], [ -122, 38 ], [ -122, 38 ], [ -122, 38 ], [ -122, 38 ], [ -122, 38 ], [ -122, 38 ], [ -122, 38 ], [ -122, 38 ], [ -122, 38 ], [ -122, 38 ], [ -122, 38 ], [ -122, 38 ], [ -122, 38 ], [ -122, 38 ], [ -122, 38 ], [ -122, 38 ], [ -122, 38 ], [ -122, 38 ], [ -122, 38 ], [ -122, 38 ], [ -122, 38 ], [ -122, 38 ], [ -122, 38 ], [ -122, 38 ], [ -122, 38 ], [ -122, 38 ], [ -122, 38 ], [ -122, 38 ], [ -122, 38 ], [ -122, 38 ], [ -122, 38 ], [ -122, 38 ], [ -122, 38 ], [ -122, 38 ], [ -122, 38 ], [ -122, 38 ], [ -122, 38 ], [ -122, 38 ], [ -122, 38 ], [ -122, 38 ], [ -122, 38 ], [ -122, 38 ], [ -122, 38 ], [ -122, 38 ], [ -122, 38 ], [ -122, 38 ], [ -122, 38 ], [ -122, 38 ], [ -122, 38 ], [ -122, 38 ], [ -122, 38 ], [ -122, 38 ], [ -122, 38 ], [ -122, 38 ], [ -122, 38 ], [ -122, 38 ], [ -122, 38 ], [ -122, 38 ], [ -122, 38 ], [ -122, 38 ], [ -122, 38 ], [ -122, 38 ], [ -122, 38 ], [ -122, 38 ], [ -122, 38 ], [ -122, 38 ], [ -122, 38 ], [ -122, 38 ], [ -122, 38 ], [ -122, 38 ], [ -122, 38 ], [ -122, 38 ], [ -122, 38 ], [ -122, 38 ], [ -122, 38 ], [ -122, 38 ], [ -122, 38 ], [ -122, 38 ], [ -122, 38 ], [ -122, 38 ], [ -122, 38 ], [ -122, 38 ], [ -122, 38 ], [ -122, 38 ], [ -122, 38 ], [ -122, 38 ], [ -122, 38 ], [ -122, 38 ], [ -122, 38 ], [ -122, 38 ], [ -122, 38 ], [ -122, 38 ], [ -122, 38 ], [ -122, 38 ], [ -122, 38 ], [ -122, 38 ], [ -122, 38 ], [ -122, 38 ], [ -122, 38 ], [ -122, 38 ], [ -122, 38 ], [ -122, 38 ], [ -122, 38 ], [ -122, 38 ], [ -122, 38 ], [ -122, 38 ], [ -122, 38 ], [ -122, 38 ], [ -122, 38 ], [ -122, 38 ], [ -122, 38 ], [ -122, 38 ], [ -122, 38 ], [ -122, 38 ], [ -122, 38 ], [ -122, 38 ], [ -122, 38 ], [ -122, 38 ], [ -122, 38 ], [ -122, 38 ], [ -122, 38 ], [ -122, 38 ], [ -122, 38 ], [ -122, 38 ], [ -122, 38 ], [ -122, 38 ], [ -122, 38 ], [ -122, 38 ], [ -122, 38 ], [ -122, 38 ], [ -122, 38 ], [ -122, 38 ], [ -122, 38 ], [ -122, 38 ], [ -122, 38 ], [ -122, 38 ], [ -122, 38 ], [ -122, 38 ], [ -122, 38 ], [ -122, 38 ], [ -122, 38 ], [ -122, 38 ], [ -122, 38 ], [ -122, 38 ], [ -122, 38 ], [ -122, 38 ], [ -122, 38 ], [ -122, 38 ], [ -122, 38 ], [ -122, 38 ], [ -122, 38 ], [ -122, 38 ], [ -122, 38 ], [ -122, 38 ], [ -122, 38 ], [ -122, 38 ], [ -122, 38 ], [ -122, 38 ], [ -122, 38 ], [ -122, 38 ], [ -122, 38 ], [ -122, 38 ], [ -122, 38 ], [ -122, 38 ], [ -122, 38 ], [ -122, 38 ], [ -122, 38 ], [ -122, 38 ], [ -122, 38 ], [ -122, 38 ], [ -122, 38 ], [ -122, 38 ], [ -122, 38 ], [ -122, 38 ], [ -122, 38 ], [ -122, 38 ], [ -122, 38 ], [ -122, 38 ], [ -122, 38 ], [ -122, 38 ], [ -122, 38 ], [ -122, 38 ], [ -122, 38 ], [ -122, 38 ], [ -122, 38 ], [ -122, 38 ], [ -122, 38 ], [ -122, 38 ], [ -122, 38 ], [ -122, 38 ], [ -122, 38 ], [ -122, 38 ], [ -122, 38 ], [ -122, 38 ], [ -122, 38 ], [ -122, 38 ], [ -122, 38 ], [ -122, 38 ], [ -122, 38 ], [ -122, 38 ], [ -122, 38 ], [ -122, 38 ], [ -122, 38 ], [ -122, 38 ], [ -122, 38 ], [ -122, 38 ], [ -122, 38 ], [ -122, 38 ], [ -122, 38 ], [ -122, 38 ], [ -122, 38 ], [ -122, 38 ], [ -122, 38 ], [ -122, 38 ], [ -122, 38 ], [ -122, 38 ], [ -122, 38 ], [ -122, 38 ], [ -122, 38 ], [ -122, 38 ], [ -122, 38 ], [ -122, 38 ], [ -122, 38 ], [ -122, 38 ], [ -122, 38 ], [ -122, 38 ], [ -122, 38 ], [ -122, 38 ], [ -122, 38 ], [ -122, 38 ], [ -122, 38 ], [ -122, 38 ], [ -122, 38 ], [ -122, 38 ], [ -122, 38 ], [ -122, 38 ], [ -122, 38 ], [ -122, 38 ], [ -122, 38 ], [ -122, 38 ], [ -122, 38 ], [ -122, 38 ], [ -122, 38 ], [ -122, 38 ], [ -122, 38 ], [ -122, 38 ], [ -122, 38 ], [ -122, 38 ], [ -122, 38 ], [ -122, 38 ], [ -122, 38 ], [ -122, 38 ], [ -122, 38 ], [ -122, 38 ], [ -122, 38 ], [ -122, 38 ], [ -122, 38 ], [ -122, 38 ], [ -122, 38 ], [ -122, 38 ], [ -122, 38 ], [ -122, 38 ], [ -122, 38 ], [ -122, 38 ], [ -122, 38 ], [ -122, 38 ], [ -122, 38 ], [ -122, 38 ], [ -122, 38 ], [ -122, 38 ], [ -122, 38 ], [ -122, 38 ], [ -122, 38 ], [ -122, 38 ], [ -122, 38 ], [ -122, 38 ], [ -122, 38 ], [ -122, 38 ], [ -122, 38 ], [ -122, 38 ], [ -122, 38 ], [ -122, 38 ], [ -122, 38 ], [ -122, 38 ], [ -122, 38 ], [ -122, 38 ], [ -122, 38 ], [ -122, 38 ], [ -122, 38 ], [ -122, 38 ], [ -122, 38 ], [ -122, 38 ], [ -122, 38 ], [ -122, 38 ], [ -122, 38 ], [ -122, 38 ], [ -122, 38 ], [ -122, 38 ], [ -122, 38 ], [ -122, 38 ], [ -122, 38 ], [ -122, 38 ], [ -122, 38 ], [ -122, 38 ], [ -122, 38 ], [ -122, 38 ], [ -122, 38 ], [ -122, 38 ], [ -123, 38 ], [ -123, 38 ], [ -123, 38 ], [ -123, 38 ], [ -123, 38 ], [ -123, 38 ], [ -123, 38 ], [ -123, 38 ], [ -123, 38 ], [ -123, 38 ], [ -123, 38 ], [ -123, 38 ], [ -123, 38 ], [ -123, 38 ], [ -123, 38 ], [ -123, 38 ], [ -123, 38 ], [ -123, 38 ], [ -123, 38 ], [ -123, 38 ], [ -123, 38 ], [ -123, 38 ], [ -123, 38 ], [ -123, 38 ], [ -123, 38 ], [ -123, 38 ], [ -123, 38 ], [ -123, 38 ], [ -123, 38 ], [ -123, 38 ], [ -123, 38 ], [ -123, 38 ], [ -123, 38 ], [ -123, 38 ], [ -123, 38 ], [ -123, 38 ], [ -123, 38 ], [ -123, 38 ], [ -123, 38 ], [ -123, 38 ], [ -123, 38 ], [ -123, 38 ], [ -123, 38 ], [ -123, 38 ], [ -123, 38 ], [ -123, 38 ], [ -123, 38 ], [ -123, 38 ], [ -123, 38 ], [ -123, 38 ], [ -123, 38 ], [ -123, 38 ], [ -123, 38 ], [ -123, 38 ], [ -123, 38 ], [ -123, 38 ], [ -123, 38 ], [ -123, 38 ], [ -123, 38 ], [ -123, 38 ], [ -123, 38 ], [ -123, 38 ], [ -123, 38 ], [ -123, 38 ], [ -123, 38 ], [ -123, 38 ], [ -123, 38 ], [ -123, 38 ], [ -123, 38 ], [ -123, 38 ], [ -123, 38 ], [ -123, 38 ], [ -123, 38 ], [ -123, 38 ], [ -123, 38 ], [ -123, 38 ], [ -123, 38 ], [ -123, 38 ], [ -123, 38 ], [ -123, 38 ], [ -123, 38 ], [ -123, 38 ], [ -123, 38 ], [ -123, 38 ], [ -123, 38 ], [ -123, 38 ], [ -123, 38 ], [ -123, 38 ], [ -123, 38 ], [ -123, 38 ], [ -123, 38 ], [ -123, 38 ], [ -123, 38 ], [ -123, 38 ], [ -123, 38 ], [ -123, 38 ], [ -123, 38 ], [ -123, 38 ], [ -123, 38 ], [ -123, 38 ], [ -123, 38 ], [ -123, 38 ], [ -123, 38 ], [ -123, 38 ], [ -123, 38 ], [ -123, 38 ], [ -123, 38 ], [ -123, 38 ], [ -123, 38 ], [ -123, 38 ], [ -123, 38 ], [ -123, 38 ], [ -123, 38 ], [ -123, 38 ], [ -123, 38 ], [ -123, 38 ], [ -123, 38 ], [ -123, 38 ], [ -123, 38 ], [ -123, 38 ], [ -123, 38 ], [ -123, 38 ], [ -123, 38 ], [ -123, 38 ], [ -123, 38 ], [ -123, 38 ], [ -123, 38 ], [ -123, 38 ], [ -123, 38 ], [ -123, 38 ], [ -123, 38 ], [ -123, 38 ], [ -123, 38 ], [ -123, 38 ], [ -123, 38 ], [ -123, 38 ], [ -123, 38 ], [ -123, 38 ], [ -123, 38 ], [ -123, 38 ], [ -123, 38 ], [ -123, 38 ], [ -123, 38 ], [ -123, 38 ], [ -123, 38 ], [ -123, 38 ], [ -123, 38 ], [ -123, 38 ], [ -123, 38 ], [ -123, 38 ], [ -123, 38 ], [ -123, 38 ], [ -123, 38 ], [ -123, 38 ], [ -123, 38 ], [ -123, 38 ], [ -123, 38 ], [ -123, 38 ], [ -123, 38 ], [ -123, 38 ], [ -123, 38 ], [ -123, 38 ], [ -123, 38 ], [ -123, 38 ], [ -123, 38 ], [ -123, 38 ], [ -123, 38 ], [ -123, 38 ], [ -123, 38 ], [ -123, 38 ], [ -123, 38 ], [ -123, 38 ], [ -123, 38 ], [ -123, 38 ], [ -123, 38 ], [ -123, 38 ], [ -123, 38 ], [ -123, 38 ], [ -123, 38 ], [ -123, 38 ], [ -123, 38 ], [ -123, 38 ], [ -123, 38 ], [ -123, 38 ], [ -123, 38 ], [ -123, 38 ], [ -123, 38 ], [ -123, 38 ], [ -123, 38 ], [ -123, 38 ], [ -123, 38 ], [ -123, 38 ], [ -123, 38 ], [ -123, 38 ], [ -123, 38 ], [ -123, 38 ], [ -123, 38 ], [ -123, 38 ], [ -123, 38 ], [ -123, 38 ], [ -123, 38 ], [ -123, 38 ], [ -123, 38 ], [ -123, 38 ], [ -123, 38 ], [ -123, 38 ], [ -123, 38 ], [ -123, 38 ], [ -123, 38 ], [ -123, 38 ], [ -123, 38 ], [ -123, 38 ], [ -123, 38 ], [ -123, 38 ], [ -123, 38 ], [ -123, 38 ], [ -123, 38 ], [ -123, 38 ], [ -123, 38 ], [ -123, 38 ], [ -123, 38 ], [ -123, 38 ], [ -123, 38 ], [ -123, 38 ], [ -123, 38 ], [ -123, 38 ], [ -123, 38 ], [ -123, 38 ], [ -123, 38 ], [ -123, 38 ], [ -123, 38 ], [ -123, 38 ], [ -123, 38 ], [ -123, 38 ], [ -123, 38 ], [ -123, 38 ], [ -123, 38 ], [ -123, 38 ], [ -123, 38 ], [ -123, 38 ], [ -123, 38 ], [ -123, 38 ], [ -123, 38 ], [ -123, 38 ], [ -123, 38 ], [ -123, 38 ], [ -123, 38 ], [ -123, 38 ], [ -123, 38 ], [ -123, 38 ], [ -123, 38 ], [ -123, 38 ], [ -123, 38 ], [ -123, 38 ], [ -123, 38 ], [ -123, 38 ], [ -123, 38 ], [ -123, 38 ], [ -123, 38 ], [ -123, 38 ], [ -123, 38 ], [ -123, 38 ], [ -123, 38 ], [ -123, 38 ], [ -123, 38 ], [ -123, 38 ], [ -123, 38 ], [ -123, 38 ], [ -123, 38 ], [ -123, 38 ], [ -123, 38 ], [ -123, 38 ], [ -123, 38 ], [ -123, 38 ], [ -123, 38 ], [ -123, 38 ], [ -123, 38 ], [ -123, 38 ], [ -123, 38 ], [ -123, 38 ], [ -123, 38 ], [ -123, 38 ], [ -123, 38 ], [ -123, 38 ], [ -123, 38 ], [ -123, 38 ], [ -123, 38 ], [ -123, 38 ], [ -123, 38 ], [ -123, 38 ], [ -123, 38 ], [ -123, 38 ], [ -123, 38 ], [ -123, 38 ], [ -123, 38 ], [ -123, 38 ], [ -123, 38 ], [ -123, 38 ], [ -123, 38 ], [ -123, 38 ], [ -123, 38 ], [ -123, 38 ], [ -123, 38 ], [ -123, 38 ], [ -123, 38 ], [ -123, 38 ], [ -123, 38 ], [ -123, 38 ], [ -123, 38 ], [ -123, 38 ], [ -123, 38 ], [ -123, 38 ], [ -123, 38 ], [ -123, 38 ], [ -123, 38 ], [ -123, 38 ], [ -123, 38 ], [ -123, 38 ], [ -123, 38 ], [ -123, 38 ], [ -123, 38 ], [ -123, 38 ], [ -123, 38 ], [ -123, 38 ], [ -123, 38 ], [ -123, 38 ], [ -123, 38 ], [ -123, 38 ], [ -123, 38 ], [ -123, 38 ], [ -123, 38 ], [ -123, 38 ], [ -123, 38 ], [ -123, 38 ], [ -123, 38 ], [ -123, 38 ], [ -123, 38 ], [ -123, 38 ], [ -123, 38 ], [ -123, 38 ], [ -123, 38 ], [ -123, 38 ], [ -123, 38 ], [ -123, 38 ], [ -123, 38 ], [ -123, 38 ], [ -123, 38 ], [ -123, 38 ], [ -123, 38 ], [ -123, 38 ], [ -123, 38 ], [ -123, 38 ], [ -123, 38 ], [ -123, 38 ], [ -123, 38 ], [ -123, 38 ], [ -123, 38 ], [ -123, 38 ], [ -123, 38 ], [ -123, 38 ], [ -123, 38 ], [ -123, 38 ], [ -123, 38 ], [ -123, 38 ], [ -123, 38 ], [ -123, 38 ], [ -123, 38 ], [ -123, 38 ], [ -123, 38 ], [ -123, 38 ], [ -123, 38 ], [ -123, 38 ], [ -123, 38 ], [ -123, 38 ], [ -123, 38 ], [ -123, 38 ], [ -123, 38 ], [ -123, 38 ], [ -123, 38 ], [ -123, 38 ], [ -123, 38 ], [ -123, 38 ], [ -123, 38 ], [ -123, 38 ], [ -123, 38 ], [ -123, 38 ], [ -123, 38 ], [ -123, 38 ], [ -123, 38 ], [ -123, 38 ], [ -123, 38 ], [ -123, 38 ], [ -123, 38 ], [ -123, 38 ], [ -123, 38 ], [ -123, 38 ], [ -123, 38 ], [ -123, 38 ], [ -123, 38 ], [ -123, 38 ], [ -123, 38 ], [ -123, 38 ], [ -123, 38 ], [ -123, 38 ], [ -123, 38 ], [ -123, 38 ], [ -123, 38 ], [ -123, 38 ], [ -123, 38 ], [ -123, 38 ], [ -123, 38 ], [ -123, 38 ], [ -123, 38 ], [ -123, 38 ], [ -123, 38 ], [ -123, 38 ], [ -123, 38 ], [ -123, 38 ], [ -123, 38 ], [ -123, 38 ], [ -123, 38 ], [ -123, 38 ], [ -123, 38 ], [ -123, 38 ], [ -123, 38 ], [ -123, 38 ], [ -123, 38 ], [ -123, 38 ], [ -123, 38 ], [ -123, 38 ], [ -123, 38 ], [ -123, 38 ], [ -123, 38 ], [ -123, 38 ], [ -123, 38 ], [ -123, 38 ], [ -123, 38 ], [ -123, 38 ], [ -123, 38 ], [ -123, 38 ], [ -123, 38 ], [ -123, 38 ], [ -123, 39 ], [ -123, 39 ], [ -123, 39 ], [ -123, 39 ], [ -123, 39 ], [ -123, 39 ], [ -123, 39 ], [ -123, 39 ], [ -123, 39 ], [ -123, 39 ], [ -123, 39 ], [ -123, 39 ], [ -123, 39 ], [ -123, 39 ], [ -123, 39 ], [ -123, 39 ], [ -123, 39 ], [ -123, 39 ], [ -123, 39 ], [ -123, 39 ], [ -123, 39 ], [ -123, 39 ], [ -123, 39 ], [ -123, 39 ], [ -123, 39 ], [ -123, 39 ], [ -123, 39 ], [ -123, 39 ], [ -123, 39 ], [ -123, 39 ], [ -123, 39 ], [ -123, 39 ], [ -123, 39 ], [ -123, 39 ], [ -123, 39 ], [ -123, 39 ], [ -123, 39 ], [ -123, 39 ], [ -123, 39 ], [ -123, 39 ], [ -123, 39 ], [ -123, 39 ], [ -123, 39 ], [ -123, 39 ], [ -123, 39 ], [ -123, 39 ], [ -123, 39 ], [ -123, 39 ], [ -123, 39 ], [ -123, 39 ], [ -124, 39 ], [ -124, 39 ], [ -124, 39 ], [ -124, 39 ], [ -124, 39 ], [ -124, 39 ], [ -124, 39 ], [ -124, 39 ], [ -124, 39 ], [ -124, 39 ], [ -124, 39 ], [ -124, 39 ], [ -124, 39 ], [ -124, 39 ], [ -124, 39 ], [ -124, 39 ], [ -124, 39 ], [ -124, 39 ], [ -124, 39 ], [ -124, 39 ], [ -124, 39 ], [ -124, 39 ], [ -124, 39 ], [ -124, 39 ], [ -124, 39 ], [ -124, 39 ], [ -124, 39 ], [ -124, 39 ], [ -124, 39 ], [ -124, 39 ], [ -124, 39 ], [ -124, 39 ], [ -124, 39 ], [ -124, 39 ], [ -124, 39 ], [ -124, 39 ], [ -124, 39 ], [ -124, 39 ], [ -124, 39 ], [ -124, 39 ], [ -124, 39 ], [ -124, 39 ], [ -124, 39 ], [ -124, 39 ], [ -124, 39 ], [ -124, 39 ], [ -124, 39 ], [ -124, 39 ], [ -124, 39 ], [ -124, 39 ], [ -124, 39 ], [ -124, 39 ], [ -124, 39 ], [ -124, 39 ], [ -124, 39 ], [ -124, 39 ], [ -124, 39 ], [ -124, 39 ], [ -124, 39 ], [ -124, 39 ], [ -124, 39 ], [ -124, 39 ], [ -124, 39 ], [ -124, 39 ], [ -124, 39 ], [ -124, 39 ], [ -124, 39 ], [ -124, 39 ], [ -124, 39 ], [ -124, 39 ], [ -124, 39 ], [ -124, 39 ], [ -124, 39 ], [ -124, 39 ], [ -124, 39 ], [ -124, 39 ], [ -124, 39 ], [ -124, 39 ], [ -124, 39 ], [ -124, 39 ], [ -124, 39 ], [ -124, 39 ], [ -124, 39 ], [ -124, 39 ], [ -124, 39 ], [ -124, 39 ], [ -124, 39 ], [ -124, 39 ], [ -124, 39 ], [ -124, 39 ], [ -124, 39 ], [ -124, 39 ], [ -124, 39 ], [ -124, 39 ], [ -124, 39 ], [ -124, 39 ], [ -124, 39 ], [ -124, 39 ], [ -124, 39 ], [ -124, 39 ], [ -124, 39 ], [ -124, 39 ], [ -124, 39 ], [ -124, 39 ], [ -124, 39 ], [ -124, 39 ], [ -124, 39 ], [ -124, 39 ], [ -124, 39 ], [ -124, 39 ], [ -124, 39 ], [ -124, 39 ], [ -124, 39 ], [ -124, 39 ], [ -124, 39 ], [ -124, 39 ], [ -124, 39 ], [ -124, 39 ], [ -124, 39 ], [ -124, 39 ], [ -124, 39 ], [ -124, 39 ], [ -124, 39 ], [ -124, 39 ], [ -124, 39 ], [ -124, 39 ], [ -124, 39 ], [ -124, 39 ], [ -124, 39 ], [ -124, 39 ], [ -124, 39 ], [ -124, 39 ], [ -124, 39 ], [ -124, 39 ], [ -124, 39 ], [ -124, 39 ], [ -124, 39 ], [ -124, 39 ], [ -124, 39 ], [ -124, 39 ], [ -124, 39 ], [ -124, 39 ], [ -124, 39 ], [ -124, 39 ], [ -124, 39 ], [ -124, 39 ], [ -124, 39 ], [ -124, 39 ], [ -124, 39 ], [ -124, 39 ], [ -124, 39 ], [ -124, 39 ], [ -124, 39 ], [ -124, 39 ], [ -124, 39 ], [ -124, 39 ], [ -124, 39 ], [ -124, 39 ], [ -124, 39 ], [ -124, 39 ], [ -124, 39 ], [ -124, 39 ], [ -124, 39 ], [ -124, 39 ], [ -124, 39 ], [ -124, 39 ], [ -124, 39 ], [ -124, 39 ], [ -124, 39 ], [ -124, 39 ], [ -124, 39 ], [ -124, 39 ], [ -124, 39 ], [ -124, 39 ], [ -124, 39 ], [ -124, 39 ], [ -124, 39 ], [ -124, 39 ], [ -124, 39 ], [ -124, 39 ], [ -124, 39 ], [ -124, 39 ], [ -124, 39 ], [ -124, 39 ], [ -124, 39 ], [ -124, 39 ], [ -124, 39 ], [ -124, 39 ], [ -124, 39 ], [ -124, 39 ], [ -124, 39 ], [ -124, 39 ], [ -124, 39 ], [ -124, 39 ], [ -124, 39 ], [ -124, 39 ], [ -124, 39 ], [ -124, 39 ], [ -124, 39 ], [ -124, 39 ], [ -124, 39 ], [ -124, 39 ], [ -124, 39 ], [ -124, 39 ], [ -124, 39 ], [ -124, 39 ], [ -124, 39 ], [ -124, 39 ], [ -124, 39 ], [ -124, 39 ], [ -124, 39 ], [ -124, 39 ], [ -124, 39 ], [ -124, 39 ], [ -124, 39 ], [ -124, 39 ], [ -124, 39 ], [ -124, 39 ], [ -124, 39 ], [ -124, 39 ], [ -124, 39 ], [ -124, 39 ], [ -124, 39 ], [ -124, 39 ], [ -124, 39 ], [ -124, 39 ], [ -124, 39 ], [ -124, 39 ], [ -124, 39 ], [ -124, 39 ], [ -124, 39 ], [ -124, 39 ], [ -124, 39 ], [ -124, 39 ], [ -124, 39 ], [ -124, 39 ], [ -124, 39 ], [ -124, 39 ], [ -124, 39 ], [ -124, 39 ], [ -124, 39 ], [ -124, 39 ], [ -124, 39 ], [ -124, 39 ], [ -124, 39 ], [ -124, 39 ], [ -124, 39 ], [ -124, 39 ], [ -124, 39 ], [ -124, 39 ], [ -124, 39 ], [ -124, 39 ], [ -124, 39 ], [ -124, 39 ], [ -124, 39 ], [ -124, 39 ], [ -124, 39 ], [ -124, 39 ], [ -124, 39 ], [ -124, 39 ], [ -124, 39 ], [ -124, 39 ], [ -124, 39 ], [ -124, 39 ], [ -124, 39 ], [ -124, 39 ], [ -124, 39 ], [ -124, 39 ], [ -124, 39 ], [ -124, 39 ], [ -124, 39 ], [ -124, 39 ], [ -124, 39 ], [ -124, 39 ], [ -124, 39 ], [ -124, 39 ], [ -124, 39 ], [ -124, 39 ], [ -124, 39 ], [ -124, 39 ], [ -124, 39 ], [ -124, 39 ], [ -124, 39 ], [ -124, 39 ], [ -124, 39 ], [ -124, 39 ], [ -124, 39 ], [ -124, 39 ], [ -124, 39 ], [ -124, 39 ], [ -124, 39 ], [ -124, 39 ], [ -124, 39 ], [ -124, 39 ], [ -124, 39 ], [ -124, 39 ], [ -124, 39 ], [ -124, 39 ], [ -124, 39 ], [ -124, 39 ], [ -124, 39 ], [ -124, 39 ], [ -124, 39 ], [ -124, 39 ], [ -124, 39 ], [ -124, 39 ], [ -124, 39 ], [ -124, 39 ], [ -124, 39 ], [ -124, 39 ], [ -124, 39 ], [ -124, 39 ], [ -124, 39 ], [ -124, 39 ], [ -124, 39 ], [ -124, 39 ], [ -124, 39 ], [ -124, 39 ], [ -124, 39 ], [ -124, 39 ], [ -124, 39 ], [ -124, 39 ], [ -124, 39 ], [ -124, 39 ], [ -124, 39 ], [ -124, 39 ], [ -124, 39 ], [ -124, 39 ], [ -124, 39 ], [ -124, 39 ], [ -124, 39 ], [ -124, 39 ], [ -124, 39 ], [ -124, 39 ], [ -124, 39 ], [ -124, 39 ], [ -124, 39 ], [ -124, 39 ], [ -124, 39 ], [ -124, 39 ], [ -124, 39 ], [ -124, 39 ], [ -124, 39 ], [ -124, 39 ], [ -124, 39 ], [ -124, 39 ], [ -124, 39 ], [ -124, 39 ], [ -124, 39 ], [ -124, 39 ], [ -124, 39 ], [ -124, 39 ], [ -124, 39 ], [ -124, 39 ], [ -124, 39 ], [ -124, 39 ], [ -124, 39 ], [ -124, 39 ], [ -124, 39 ], [ -124, 39 ], [ -124, 39 ], [ -124, 39 ], [ -124, 39 ], [ -124, 39 ], [ -124, 39 ], [ -124, 39 ], [ -124, 39 ], [ -124, 39 ], [ -124, 39 ], [ -124, 39 ], [ -124, 39 ], [ -124, 39 ], [ -124, 39 ], [ -124, 39 ], [ -124, 39 ], [ -124, 39 ], [ -124, 39 ], [ -124, 39 ], [ -124, 39 ], [ -124, 39 ], [ -124, 39 ], [ -124, 39 ], [ -124, 39 ], [ -124, 39 ], [ -124, 39 ], [ -124, 39 ], [ -124, 39 ], [ -124, 39 ], [ -124, 39 ], [ -124, 39 ], [ -124, 39 ], [ -124, 39 ], [ -124, 39 ], [ -124, 39 ], [ -124, 39 ], [ -124, 39 ], [ -124, 39 ], [ -124, 39 ], [ -124, 39 ], [ -124, 39 ], [ -124, 39 ], [ -124, 39 ], [ -124, 39 ], [ -124, 39 ], [ -124, 39 ], [ -124, 39 ], [ -124, 39 ], [ -124, 39 ], [ -124, 39 ], [ -124, 39 ], [ -124, 39 ], [ -124, 39 ], [ -124, 39 ], [ -124, 39 ], [ -124, 39 ], [ -124, 39 ], [ -124, 39 ], [ -124, 39 ], [ -124, 39 ], [ -124, 39 ], [ -124, 39 ], [ -124, 39 ], [ -124, 39 ], [ -124, 39 ], [ -124, 39 ], [ -124, 39 ], [ -124, 39 ], [ -124, 39 ], [ -124, 39 ], [ -124, 39 ], [ -124, 39 ], [ -124, 39 ], [ -124, 39 ], [ -124, 39 ], [ -124, 39 ], [ -124, 39 ], [ -124, 39 ], [ -124, 39 ], [ -124, 39 ], [ -124, 39 ], [ -124, 39 ], [ -124, 39 ], [ -124, 39 ], [ -124, 39 ], [ -124, 39 ], [ -124, 39 ], [ -124, 39 ], [ -124, 39 ], [ -124, 39 ], [ -124, 39 ], [ -124, 39 ], [ -124, 39 ], [ -124, 39 ], [ -124, 39 ], [ -124, 39 ], [ -124, 39 ], [ -124, 39 ], [ -124, 39 ], [ -124, 39 ], [ -124, 39 ], [ -124, 39 ], [ -124, 39 ], [ -124, 39 ], [ -124, 39 ], [ -124, 39 ], [ -124, 39 ], [ -124, 39 ], [ -124, 39 ], [ -124, 39 ], [ -124, 39 ], [ -124, 39 ], [ -124, 39 ], [ -124, 39 ], [ -124, 39 ], [ -124, 39 ], [ -124, 39 ], [ -124, 39 ], [ -124, 39 ], [ -124, 39 ], [ -124, 39 ], [ -124, 39 ], [ -124, 39 ], [ -124, 39 ], [ -124, 39 ], [ -124, 39 ], [ -124, 39 ], [ -124, 39 ], [ -124, 39 ], [ -124, 39 ], [ -124, 39 ], [ -124, 39 ], [ -124, 39 ], [ -124, 39 ], [ -124, 39 ], [ -124, 39 ], [ -124, 39 ], [ -124, 39 ], [ -124, 39 ], [ -124, 39 ], [ -124, 39 ], [ -124, 39 ], [ -124, 39 ], [ -124, 39 ], [ -124, 39 ], [ -124, 39 ], [ -124, 39 ], [ -124, 39 ], [ -124, 39 ], [ -124, 39 ], [ -124, 39 ], [ -124, 39 ], [ -124, 39 ], [ -124, 39 ], [ -124, 39 ], [ -124, 39 ], [ -124, 39 ], [ -124, 39 ], [ -124, 39 ], [ -124, 39 ], [ -124, 39 ], [ -124, 39 ], [ -124, 39 ], [ -124, 39 ], [ -124, 39 ], [ -124, 39 ], [ -124, 39 ], [ -124, 39 ], [ -124, 39 ], [ -124, 39 ], [ -124, 39 ], [ -124, 39 ], [ -124, 39 ], [ -124, 39 ], [ -124, 39 ], [ -124, 39 ], [ -124, 39 ], [ -124, 39 ], [ -124, 39 ], [ -124, 39 ], [ -124, 39 ], [ -124, 39 ], [ -124, 39 ], [ -124, 39 ], [ -124, 39 ], [ -124, 39 ], [ -124, 39 ], [ -124, 39 ], [ -124, 39 ], [ -124, 39 ], [ -124, 39 ], [ -124, 39 ], [ -124, 39 ], [ -124, 39 ], [ -124, 39 ], [ -124, 39 ], [ -124, 39 ], [ -124, 39 ], [ -124, 39 ], [ -124, 39 ], [ -124, 39 ], [ -124, 39 ], [ -124, 39 ], [ -124, 39 ], [ -124, 39 ], [ -124, 39 ], [ -124, 39 ], [ -124, 39 ], [ -124, 39 ], [ -124, 39 ], [ -124, 39 ], [ -124, 39 ], [ -124, 39 ], [ -124, 39 ], [ -124, 39 ], [ -124, 39 ], [ -124, 39 ], [ -124, 39 ], [ -124, 39 ], [ -124, 39 ], [ -124, 39 ], [ -124, 39 ], [ -124, 39 ], [ -124, 39 ], [ -124, 39 ], [ -124, 39 ], [ -124, 39 ], [ -124, 39 ], [ -124, 39 ], [ -124, 39 ], [ -124, 39 ], [ -124, 39 ], [ -124, 39 ], [ -124, 39 ], [ -124, 39 ], [ -124, 39 ], [ -124, 39 ], [ -124, 39 ], [ -124, 39 ], [ -124, 39 ], [ -124, 39 ], [ -124, 39 ], [ -124, 39 ], [ -124, 39 ], [ -124, 39 ], [ -124, 39 ], [ -124, 39 ], [ -124, 39 ], [ -124, 39 ], [ -124, 39 ], [ -124, 39 ], [ -124, 39 ], [ -124, 39 ], [ -124, 39 ], [ -124, 39 ], [ -124, 39 ], [ -124, 39 ], [ -124, 39 ], [ -124, 39 ], [ -124, 39 ], [ -124, 39 ], [ -124, 39 ], [ -124, 39 ], [ -124, 39 ], [ -124, 39 ], [ -124, 39 ], [ -124, 39 ], [ -124, 39 ], [ -124, 39 ], [ -124, 39 ], [ -124, 39 ], [ -124, 39 ], [ -124, 39 ], [ -124, 39 ], [ -124, 39 ], [ -124, 39 ], [ -124, 39 ], [ -124, 39 ], [ -124, 39 ], [ -124, 39 ], [ -124, 39 ], [ -124, 39 ], [ -124, 39 ], [ -124, 39 ], [ -124, 39 ], [ -124, 39 ], [ -124, 39 ], [ -124, 39 ], [ -124, 39 ], [ -124, 39 ], [ -124, 39 ], [ -124, 39 ], [ -124, 39 ], [ -124, 39 ], [ -124, 39 ], [ -124, 39 ], [ -124, 39 ], [ -124, 39 ], [ -124, 39 ], [ -124, 39 ], [ -124, 39 ], [ -124, 39 ], [ -124, 39 ], [ -124, 39 ], [ -124, 39 ], [ -124, 39 ], [ -124, 39 ], [ -124, 39 ], [ -124, 39 ], [ -124, 39 ], [ -124, 39 ], [ -124, 39 ], [ -124, 39 ], [ -124, 39 ], [ -124, 39 ], [ -124, 39 ], [ -124, 39 ], [ -124, 39 ], [ -124, 39 ], [ -124, 39 ], [ -124, 39 ], [ -124, 39 ], [ -124, 39 ], [ -124, 39 ], [ -124, 39 ], [ -124, 39 ], [ -124, 39 ], [ -124, 39 ], [ -124, 39 ], [ -124, 39 ], [ -124, 39 ], [ -124, 39 ], [ -124, 39 ], [ -124, 39 ], [ -124, 39 ], [ -124, 39 ], [ -124, 39 ], [ -124, 39 ], [ -124, 39 ], [ -124, 39 ], [ -124, 39 ], [ -124, 39 ], [ -124, 39 ], [ -124, 39 ], [ -124, 39 ], [ -124, 39 ], [ -124, 39 ], [ -124, 39 ], [ -124, 39 ], [ -124, 39 ], [ -124, 39 ], [ -124, 39 ], [ -124, 39 ], [ -124, 39 ], [ -124, 39 ], [ -124, 39 ], [ -124, 39 ], [ -124, 39 ], [ -124, 39 ], [ -124, 39 ], [ -124, 39 ], [ -124, 39 ], [ -124, 39 ], [ -124, 39 ], [ -124, 39 ], [ -124, 39 ], [ -124, 39 ], [ -124, 39 ], [ -124, 39 ], [ -124, 39 ], [ -124, 39 ], [ -124, 39 ], [ -124, 39 ], [ -124, 39 ], [ -124, 39 ], [ -124, 39 ], [ -124, 39 ], [ -124, 39 ], [ -124, 39 ], [ -124, 39 ], [ -124, 39 ], [ -124, 39 ], [ -124, 39 ], [ -124, 39 ], [ -124, 39 ], [ -124, 39 ], [ -124, 39 ], [ -124, 39 ], [ -124, 39 ], [ -124, 39 ], [ -124, 39 ], [ -124, 39 ], [ -124, 39 ], [ -124, 39 ], [ -124, 39 ], [ -124, 39 ], [ -124, 39 ], [ -124, 39 ], [ -124, 39 ], [ -124, 39 ], [ -124, 39 ], [ -124, 39 ], [ -124, 39 ], [ -124, 39 ], [ -124, 39 ], [ -124, 39 ], [ -124, 39 ], [ -124, 39 ], [ -124, 39 ], [ -124, 39 ], [ -124, 39 ], [ -124, 39 ], [ -124, 39 ], [ -124, 39 ], [ -124, 39 ], [ -124, 39 ], [ -124, 39 ], [ -124, 39 ], [ -124, 39 ], [ -124, 39 ], [ -124, 39 ], [ -124, 39 ], [ -124, 39 ], [ -124, 39 ], [ -124, 39 ], [ -124, 39 ], [ -124, 39 ], [ -124, 39 ], [ -124, 39 ], [ -124, 39 ], [ -124, 39 ], [ -124, 39 ], [ -124, 39 ], [ -124, 39 ], [ -124, 39 ], [ -124, 39 ], [ -124, 39 ], [ -124, 39 ], [ -124, 39 ], [ -124, 39 ], [ -124, 39 ], [ -124, 39 ], [ -124, 39 ], [ -124, 39 ], [ -124, 39 ], [ -124, 39 ], [ -124, 39 ], [ -124, 39 ], [ -124, 39 ], [ -124, 39 ], [ -124, 39 ], [ -124, 39 ], [ -124, 39 ], [ -124, 39 ], [ -124, 39 ], [ -124, 39 ], [ -124, 39 ], [ -124, 39 ], [ -124, 39 ], [ -124, 39 ], [ -124, 39 ], [ -124, 39 ], [ -124, 39 ], [ -124, 39 ], [ -124, 39 ], [ -124, 39 ], [ -124, 39 ], [ -124, 39 ], [ -124, 39 ], [ -124, 39 ], [ -124, 39 ], [ -124, 39 ], [ -124, 39 ], [ -124, 39 ], [ -124, 39 ], [ -124, 39 ], [ -124, 39 ], [ -124, 39 ], [ -124, 39 ], [ -124, 39 ], [ -124, 39 ], [ -124, 39 ], [ -124, 39 ], [ -124, 39 ], [ -124, 39 ], [ -124, 39 ], [ -124, 39 ], [ -124, 39 ], [ -124, 39 ], [ -124, 39 ], [ -124, 39 ], [ -124, 39 ], [ -124, 39 ], [ -124, 39 ], [ -124, 39 ], [ -124, 39 ], [ -124, 39 ], [ -124, 39 ], [ -124, 39 ], [ -124, 39 ], [ -124, 39 ], [ -124, 39 ], [ -124, 39 ], [ -124, 39 ], [ -124, 39 ], [ -124, 39 ], [ -124, 39 ], [ -124, 39 ], [ -124, 39 ], [ -124, 39 ], [ -124, 39 ], [ -124, 39 ], [ -124, 39 ], [ -124, 39 ], [ -124, 39 ], [ -124, 39 ], [ -124, 39 ], [ -124, 39 ], [ -124, 39 ], [ -124, 39 ], [ -124, 39 ], [ -124, 39 ], [ -124, 39 ], [ -124, 39 ], [ -124, 39 ], [ -124, 39 ], [ -124, 39 ], [ -124, 39 ], [ -124, 39 ], [ -124, 39 ], [ -124, 39 ], [ -124, 39 ], [ -124, 39 ], [ -124, 39 ], [ -124, 39 ], [ -124, 39 ], [ -124, 39 ], [ -124, 39 ], [ -124, 39 ], [ -124, 39 ], [ -124, 39 ], [ -124, 39 ], [ -124, 39 ], [ -124, 39 ], [ -124, 39 ], [ -124, 39 ], [ -124, 39 ], [ -124, 39 ], [ -124, 39 ], [ -124, 39 ], [ -124, 39 ], [ -124, 39 ], [ -124, 39 ], [ -124, 39 ], [ -124, 39 ], [ -124, 39 ], [ -124, 39 ], [ -124, 39 ], [ -124, 39 ], [ -124, 39 ], [ -124, 39 ], [ -124, 39 ], [ -124, 39 ], [ -124, 39 ], [ -124, 39 ], [ -124, 39 ], [ -124, 39 ], [ -124, 39 ], [ -124, 39 ], [ -124, 39 ], [ -124, 39 ], [ -124, 39 ], [ -124, 39 ], [ -124, 39 ], [ -124, 39 ], [ -124, 39 ], [ -124, 39 ], [ -124, 39 ], [ -124, 39 ], [ -124, 39 ], [ -124, 39 ], [ -124, 39 ], [ -124, 39 ], [ -124, 39 ], [ -124, 39 ], [ -124, 39 ], [ -124, 39 ], [ -124, 39 ], [ -124, 39 ], [ -124, 39 ], [ -124, 39 ], [ -124, 39 ], [ -124, 39 ], [ -124, 39 ], [ -124, 39 ], [ -124, 39 ], [ -124, 39 ], [ -124, 39 ], [ -124, 39 ], [ -124, 39 ], [ -124, 39 ], [ -124, 39 ], [ -124, 39 ], [ -124, 39 ], [ -124, 39 ], [ -124, 39 ], [ -124, 39 ], [ -124, 39 ], [ -124, 39 ], [ -124, 40 ], [ -124, 40 ], [ -124, 40 ], [ -124, 40 ], [ -124, 40 ], [ -124, 40 ], [ -124, 40 ], [ -124, 40 ], [ -124, 40 ], [ -124, 40 ], [ -124, 40 ], [ -124, 40 ], [ -124, 40 ], [ -124, 40 ], [ -124, 40 ], [ -124, 40 ], [ -124, 40 ], [ -124, 40 ], [ -124, 40 ], [ -124, 40 ], [ -124, 40 ], [ -124, 40 ], [ -124, 40 ], [ -124, 40 ], [ -124, 40 ], [ -124, 40 ], [ -124, 40 ], [ -124, 40 ], [ -124, 40 ], [ -124, 40 ], [ -124, 40 ], [ -124, 40 ], [ -124, 40 ], [ -124, 40 ], [ -124, 40 ], [ -124, 40 ], [ -124, 40 ], [ -124, 40 ], [ -124, 40 ], [ -124, 40 ], [ -124, 40 ], [ -124, 40 ], [ -124, 40 ], [ -124, 40 ], [ -124, 40 ], [ -124, 40 ], [ -124, 40 ], [ -124, 40 ], [ -124, 40 ], [ -124, 40 ], [ -124, 40 ], [ -124, 40 ], [ -124, 40 ], [ -124, 40 ], [ -124, 40 ], [ -124, 40 ], [ -124, 40 ], [ -124, 40 ], [ -124, 40 ], [ -124, 40 ], [ -124, 40 ], [ -124, 40 ], [ -124, 40 ], [ -124, 40 ], [ -124, 40 ], [ -124, 40 ], [ -124, 40 ], [ -124, 40 ], [ -124, 40 ], [ -124, 40 ], [ -124, 40 ], [ -124, 40 ], [ -124, 40 ], [ -124, 40 ], [ -124, 40 ], [ -124, 40 ], [ -124, 40 ], [ -124, 40 ], [ -124, 40 ], [ -124, 40 ], [ -124, 40 ], [ -124, 40 ], [ -124, 40 ], [ -124, 40 ], [ -124, 40 ], [ -124, 40 ], [ -124, 40 ], [ -124, 40 ], [ -124, 40 ], [ -124, 40 ], [ -124, 40 ], [ -124, 40 ], [ -124, 40 ], [ -124, 40 ], [ -124, 40 ], [ -124, 40 ], [ -124, 40 ], [ -124, 40 ], [ -124, 40 ], [ -124, 40 ], [ -124, 40 ], [ -124, 40 ], [ -124, 40 ], [ -124, 40 ], [ -124, 40 ], [ -124, 40 ], [ -124, 40 ], [ -124, 40 ], [ -124, 40 ], [ -124, 40 ], [ -124, 40 ], [ -124, 40 ], [ -124, 40 ], [ -124, 40 ], [ -124, 40 ], [ -124, 40 ], [ -124, 40 ], [ -124, 40 ], [ -124, 40 ], [ -124, 40 ], [ -124, 40 ], [ -124, 40 ], [ -124, 40 ], [ -124, 40 ], [ -124, 40 ], [ -124, 40 ], [ -124, 40 ], [ -124, 40 ], [ -124, 40 ], [ -124, 40 ], [ -124, 40 ], [ -124, 40 ], [ -124, 40 ], [ -124, 40 ], [ -124, 40 ], [ -124, 40 ], [ -124, 40 ], [ -124, 40 ], [ -124, 40 ], [ -124, 40 ], [ -124, 40 ], [ -124, 40 ], [ -124, 40 ], [ -124, 40 ], [ -124, 40 ], [ -124, 40 ], [ -124, 40 ], [ -124, 40 ], [ -124, 40 ], [ -124, 40 ], [ -124, 40 ], [ -124, 40 ], [ -124, 40 ], [ -124, 40 ], [ -124, 40 ], [ -124, 40 ], [ -124, 40 ], [ -124, 40 ], [ -124, 40 ], [ -124, 40 ], [ -124, 40 ], [ -124, 40 ], [ -124, 40 ], [ -124, 40 ], [ -124, 40 ], [ -124, 40 ], [ -124, 40 ], [ -124, 40 ], [ -124, 40 ], [ -124, 40 ], [ -124, 40 ], [ -124, 40 ], [ -124, 40 ], [ -124, 40 ], [ -124, 40 ], [ -124, 40 ], [ -124, 40 ], [ -124, 40 ], [ -124, 40 ], [ -124, 40 ], [ -124, 40 ], [ -124, 40 ], [ -124, 40 ], [ -124, 40 ], [ -124, 40 ], [ -124, 40 ], [ -124, 40 ], [ -124, 40 ], [ -124, 40 ], [ -124, 40 ], [ -124, 40 ], [ -124, 40 ], [ -124, 40 ], [ -124, 40 ], [ -124, 40 ], [ -124, 40 ], [ -124, 40 ], [ -124, 40 ], [ -124, 40 ], [ -124, 40 ], [ -124, 40 ], [ -124, 40 ], [ -124, 40 ], [ -124, 40 ], [ -124, 40 ], [ -124, 40 ], [ -124, 40 ], [ -124, 40 ], [ -124, 40 ], [ -124, 40 ], [ -124, 40 ], [ -124, 40 ], [ -124, 40 ], [ -124, 40 ], [ -124, 40 ], [ -124, 40 ], [ -124, 40 ], [ -124, 40 ], [ -124, 40 ], [ -124, 40 ], [ -124, 40 ], [ -124, 40 ], [ -124, 40 ], [ -124, 40 ], [ -124, 40 ], [ -124, 40 ], [ -124, 40 ], [ -124, 40 ], [ -124, 40 ], [ -124, 40 ], [ -124, 40 ], [ -124, 40 ], [ -124, 40 ], [ -124, 40 ], [ -124, 40 ], [ -124, 40 ], [ -124, 40 ], [ -124, 40 ], [ -124, 40 ], [ -124, 40 ], [ -124, 40 ], [ -124, 40 ], [ -124, 40 ], [ -124, 40 ], [ -124, 40 ], [ -124, 40 ], [ -124, 40 ], [ -124, 40 ], [ -124, 40 ], [ -124, 40 ], [ -124, 40 ], [ -124, 40 ], [ -124, 40 ], [ -124, 40 ], [ -124, 40 ], [ -124, 40 ], [ -124, 40 ], [ -124, 40 ], [ -124, 40 ], [ -124, 40 ], [ -124, 40 ], [ -124, 40 ], [ -124, 40 ], [ -124, 40 ], [ -124, 40 ], [ -124, 40 ], [ -124, 40 ], [ -124, 40 ], [ -124, 40 ], [ -124, 40 ], [ -124, 40 ], [ -124, 40 ], [ -124, 40 ], [ -124, 40 ], [ -124, 40 ], [ -124, 40 ], [ -124, 40 ], [ -124, 40 ], [ -124, 40 ], [ -124, 40 ], [ -124, 40 ], [ -124, 40 ], [ -124, 40 ], [ -124, 40 ], [ -124, 40 ], [ -124, 40 ], [ -124, 40 ], [ -124, 40 ], [ -124, 40 ], [ -124, 40 ], [ -124, 40 ], [ -124, 40 ], [ -124, 40 ], [ -124, 40 ], [ -124, 40 ], [ -124, 40 ], [ -124, 40 ], [ -124, 40 ], [ -124, 40 ], [ -124, 40 ], [ -124, 40 ], [ -124, 40 ], [ -124, 40 ], [ -124, 40 ], [ -124, 40 ], [ -124, 40 ], [ -124, 40 ], [ -124, 40 ], [ -124, 40 ], [ -124, 40 ], [ -124, 40 ], [ -124, 40 ], [ -124, 40 ], [ -124, 40 ], [ -124, 40 ], [ -124, 40 ], [ -124, 40 ], [ -124, 40 ], [ -124, 40 ], [ -124, 40 ], [ -124, 40 ], [ -124, 40 ], [ -124, 40 ], [ -124, 40 ], [ -124, 40 ], [ -124, 40 ], [ -124, 40 ], [ -124, 40 ], [ -124, 40 ], [ -124, 40 ], [ -124, 40 ], [ -124, 40 ], [ -124, 40 ], [ -124, 40 ], [ -124, 40 ], [ -124, 40 ], [ -124, 40 ], [ -124, 40 ], [ -124, 40 ], [ -124, 40 ], [ -124, 40 ], [ -124, 40 ], [ -124, 40 ], [ -124, 40 ], [ -124, 40 ], [ -124, 40 ], [ -124, 40 ], [ -124, 40 ], [ -124, 40 ], [ -124, 40 ], [ -124, 40 ], [ -124, 40 ], [ -124, 40 ], [ -124, 40 ], [ -124, 40 ], [ -124, 40 ], [ -124, 40 ], [ -124, 40 ], [ -124, 40 ], [ -124, 40 ], [ -124, 40 ], [ -124, 40 ], [ -124, 40 ], [ -124, 40 ], [ -124, 40 ], [ -124, 40 ], [ -124, 40 ], [ -124, 40 ], [ -124, 40 ], [ -124, 40 ], [ -124, 40 ], [ -124, 40 ], [ -124, 40 ], [ -124, 40 ], [ -124, 40 ], [ -124, 40 ], [ -124, 40 ], [ -124, 40 ], [ -124, 40 ], [ -124, 40 ], [ -124, 40 ], [ -124, 40 ], [ -124, 40 ], [ -124, 40 ], [ -124, 40 ], [ -124, 40 ], [ -124, 40 ], [ -124, 40 ], [ -124, 40 ], [ -124, 40 ], [ -124, 40 ], [ -124, 40 ], [ -124, 40 ], [ -124, 40 ], [ -124, 40 ], [ -124, 40 ], [ -124, 40 ], [ -124, 40 ], [ -124, 40 ], [ -124, 40 ], [ -124, 40 ], [ -124, 40 ], [ -124, 40 ], [ -124, 40 ], [ -124, 40 ], [ -124, 40 ], [ -124, 40 ], [ -124, 40 ], [ -124, 40 ], [ -124, 40 ], [ -124, 40 ], [ -124, 40 ], [ -124, 40 ], [ -124, 40 ], [ -124, 40 ], [ -124, 40 ], [ -124, 40 ], [ -124, 40 ], [ -124, 40 ], [ -124, 40 ], [ -124, 40 ], [ -124, 40 ], [ -124, 40 ], [ -124, 40 ], [ -124, 40 ], [ -124, 40 ], [ -124, 40 ], [ -124, 40 ], [ -124, 40 ], [ -124, 40 ], [ -124, 40 ], [ -124, 40 ], [ -124, 40 ], [ -124, 40 ], [ -124, 40 ], [ -124, 40 ], [ -124, 40 ], [ -124, 40 ], [ -124, 40 ], [ -124, 40 ], [ -124, 40 ], [ -124, 40 ], [ -124, 40 ], [ -124, 40 ], [ -124, 40 ], [ -124, 40 ], [ -124, 40 ], [ -124, 40 ], [ -124, 40 ], [ -124, 40 ], [ -124, 40 ], [ -124, 40 ], [ -124, 40 ], [ -124, 40 ], [ -124, 40 ], [ -124, 40 ], [ -124, 40 ], [ -124, 40 ], [ -124, 40 ], [ -124, 40 ], [ -124, 40 ], [ -124, 40 ], [ -124, 40 ], [ -124, 40 ], [ -124, 40 ], [ -124, 40 ], [ -124, 40 ], [ -124, 40 ], [ -124, 40 ], [ -124, 40 ], [ -124, 40 ], [ -124, 40 ], [ -124, 40 ], [ -124, 40 ], [ -124, 40 ], [ -124, 40 ], [ -124, 40 ], [ -124, 40 ], [ -124, 40 ], [ -124, 40 ], [ -124, 40 ], [ -124, 40 ], [ -124, 40 ], [ -124, 40 ], [ -124, 40 ], [ -124, 40 ], [ -124, 40 ], [ -124, 40 ], [ -124, 40 ], [ -124, 40 ], [ -124, 40 ], [ -124, 40 ], [ -124, 40 ], [ -124, 40 ], [ -124, 40 ], [ -124, 40 ], [ -124, 40 ], [ -124, 40 ], [ -124, 40 ], [ -124, 40 ], [ -124, 40 ], [ -124, 40 ], [ -124, 40 ], [ -124, 40 ], [ -124, 40 ], [ -124, 40 ], [ -124, 40 ], [ -124, 40 ], [ -124, 40 ], [ -124, 40 ], [ -124, 40 ], [ -124, 40 ], [ -124, 40 ], [ -124, 40 ], [ -124, 40 ], [ -124, 40 ], [ -124, 40 ], [ -124, 40 ], [ -124, 40 ], [ -124, 40 ], [ -124, 40 ], [ -124, 40 ], [ -124, 40 ], [ -124, 40 ], [ -124, 40 ], [ -124, 40 ], [ -124, 40 ], [ -124, 40 ], [ -124, 40 ], [ -124, 40 ], [ -124, 40 ], [ -124, 40 ], [ -124, 40 ], [ -124, 40 ], [ -124, 40 ], [ -124, 40 ], [ -124, 40 ], [ -124, 40 ], [ -124, 40 ], [ -124, 40 ], [ -124, 40 ], [ -124, 40 ], [ -124, 40 ], [ -124, 40 ], [ -124, 40 ], [ -124, 40 ], [ -124, 40 ], [ -124, 40 ], [ -124, 40 ], [ -124, 40 ], [ -124, 40 ], [ -124, 40 ], [ -124, 40 ], [ -124, 40 ], [ -124, 40 ], [ -124, 40 ], [ -124, 40 ], [ -124, 40 ], [ -124, 40 ], [ -124, 40 ], [ -124, 40 ], [ -124, 40 ], [ -124, 40 ], [ -124, 40 ], [ -124, 40 ], [ -124, 40 ], [ -124, 40 ], [ -124, 40 ], [ -124, 40 ], [ -124, 40 ], [ -124, 40 ], [ -124, 40 ], [ -124, 40 ], [ -124, 40 ], [ -124, 40 ], [ -124, 40 ], [ -124, 40 ], [ -124, 40 ], [ -124, 40 ], [ -124, 40 ], [ -124, 40 ], [ -124, 40 ], [ -124, 40 ], [ -124, 40 ], [ -124, 40 ], [ -124, 41 ], [ -124, 41 ], [ -124, 41 ], [ -124, 41 ], [ -124, 41 ], [ -124, 41 ], [ -124, 41 ], [ -124, 41 ], [ -124, 41 ], [ -124, 41 ], [ -124, 41 ], [ -124, 41 ], [ -124, 41 ], [ -124, 41 ], [ -124, 41 ], [ -124, 41 ], [ -124, 41 ], [ -124, 41 ], [ -124, 41 ], [ -124, 41 ], [ -124, 41 ], [ -124, 41 ], [ -124, 41 ], [ -124, 41 ], [ -124, 41 ], [ -124, 41 ], [ -124, 41 ], [ -124, 41 ], [ -124, 41 ], [ -124, 41 ], [ -124, 41 ], [ -124, 41 ], [ -124, 41 ], [ -124, 41 ], [ -124, 41 ], [ -124, 41 ], [ -124, 41 ], [ -124, 41 ], [ -124, 41 ], [ -124, 41 ], [ -124, 41 ], [ -124, 41 ], [ -124, 41 ], [ -124, 41 ], [ -124, 41 ], [ -124, 41 ], [ -124, 41 ], [ -124, 41 ], [ -124, 41 ], [ -124, 41 ], [ -124, 41 ], [ -124, 41 ], [ -124, 41 ], [ -124, 41 ], [ -124, 41 ], [ -124, 41 ], [ -124, 41 ], [ -124, 41 ], [ -124, 41 ], [ -124, 41 ], [ -124, 41 ], [ -124, 41 ], [ -124, 41 ], [ -124, 41 ], [ -124, 41 ], [ -124, 41 ], [ -124, 41 ], [ -124, 41 ], [ -124, 41 ], [ -124, 41 ], [ -124, 41 ], [ -124, 41 ], [ -124, 41 ], [ -124, 41 ], [ -124, 41 ], [ -124, 41 ], [ -124, 41 ], [ -124, 41 ], [ -124, 41 ], [ -124, 41 ], [ -124, 41 ], [ -124, 41 ], [ -124, 41 ], [ -124, 41 ], [ -124, 41 ], [ -124, 41 ], [ -124, 41 ], [ -124, 41 ], [ -124, 41 ], [ -124, 41 ], [ -124, 41 ], [ -124, 41 ], [ -124, 41 ], [ -124, 41 ], [ -124, 41 ], [ -124, 41 ], [ -124, 41 ], [ -124, 41 ], [ -124, 41 ], [ -124, 41 ], [ -124, 41 ], [ -124, 41 ], [ -124, 41 ], [ -124, 41 ], [ -124, 41 ], [ -124, 41 ], [ -124, 41 ], [ -124, 41 ], [ -124, 41 ], [ -124, 41 ], [ -124, 41 ], [ -124, 41 ], [ -124, 41 ], [ -124, 41 ], [ -124, 41 ], [ -124, 41 ], [ -124, 41 ], [ -124, 41 ], [ -124, 41 ], [ -124, 41 ], [ -124, 41 ], [ -124, 41 ], [ -124, 41 ], [ -124, 41 ], [ -124, 41 ], [ -124, 41 ], [ -124, 41 ], [ -124, 41 ], [ -124, 41 ], [ -124, 42 ], [ -124, 42 ], [ -124, 42 ], [ -124, 42 ], [ -124, 42 ], [ -124, 42 ], [ -124, 42 ], [ -124, 42 ], [ -124, 42 ], [ -124, 42 ], [ -124, 42 ], [ -124, 42 ], [ -124, 42 ], [ -124, 42 ], [ -124, 42 ], [ -124, 42 ], [ -124, 42 ], [ -124, 42 ], [ -124, 42 ], [ -124, 42 ], [ -124, 42 ], [ -124, 42 ], [ -124, 42 ], [ -124, 42 ], [ -124, 42 ], [ -124, 42 ], [ -124, 42 ], [ -124, 42 ], [ -124, 42 ], [ -124, 42 ], [ -124, 42 ], [ -124, 42 ], [ -124, 42 ], [ -124, 42 ], [ -124, 42 ], [ -124, 42 ], [ -124, 42 ], [ -124, 42 ], [ -124, 42 ], [ -124, 42 ], [ -124, 42 ], [ -124, 42 ], [ -124, 42 ], [ -124, 42 ], [ -124, 42 ], [ -124, 42 ], [ -124, 42 ], [ -124, 42 ], [ -124, 42 ], [ -124, 42 ], [ -124, 42 ], [ -124, 42 ], [ -124, 42 ], [ -124, 42 ], [ -124, 42 ], [ -124, 42 ], [ -124, 42 ], [ -124, 42 ], [ -124, 42 ], [ -124, 42 ], [ -124, 42 ], [ -124, 42 ], [ -124, 42 ], [ -124, 42 ], [ -124, 42 ], [ -124, 42 ], [ -124, 42 ], [ -124, 42 ], [ -124, 42 ], [ -124, 42 ], [ -124, 42 ], [ -124, 42 ], [ -124, 42 ], [ -124, 42 ], [ -124, 42 ], [ -124, 42 ], [ -124, 42 ], [ -124, 42 ], [ -124, 42 ], [ -124, 42 ], [ -124, 42 ], [ -124, 42 ], [ -124, 42 ], [ -124, 42 ], [ -124, 42 ], [ -124, 42 ], [ -124, 42 ], [ -124, 42 ], [ -124, 42 ], [ -124, 42 ], [ -124, 42 ], [ -124, 42 ], [ -124, 42 ], [ -124, 42 ], [ -124, 42 ], [ -124, 42 ], [ -124, 42 ], [ -124, 42 ], [ -124, 42 ], [ -124, 42 ], [ -124, 42 ], [ -124, 42 ], [ -124, 42 ], [ -124, 42 ], [ -124, 42 ], [ -124, 42 ], [ -124, 42 ], [ -124, 42 ], [ -124, 42 ], [ -124, 42 ], [ -124, 42 ], [ -124, 42 ], [ -124, 42 ], [ -124, 42 ], [ -124, 42 ], [ -124, 42 ], [ -124, 42 ], [ -124, 42 ], [ -124, 42 ], [ -124, 42 ], [ -124, 42 ], [ -124, 42 ], [ -124, 42 ] ] ] ] } }
]
}
